run_id,kernel,problem_size,block_size,sample_index,runtime_ms
run_20260922T232200Z,vector_add,1048576,64,0,0.01584
run_20260922T232200Z,vector_add,1048576,64,1,0.01456
run_20260922T232200Z,vector_add,1048576,64,2,0.01472
run_20260922T232200Z,vector_add,1048576,64,3,0.014784
run_20260922T232200Z,vector_add,1048576,64,4,0.014688
run_20260922T232200Z,vector_add,1048576,64,5,0.014848
run_20260922T232200Z,vector_add,1048576,64,6,0.014624
run_20260922T232200Z,vector_add,1048576,64,7,0.01488
run_20260922T232200Z,vector_add,1048576,64,8,0.015232
run_20260922T232200Z,vector_add,1048576,64,9,0.014656
run_20260922T232200Z,vector_add,1048576,64,10,0.01456
run_20260922T232200Z,vector_add,1048576,64,11,0.015104
run_20260922T232200Z,vector_add,1048576,64,12,0.014656
run_20260922T232200Z,vector_add,1048576,64,13,0.014656
run_20260922T232200Z,vector_add,1048576,64,14,0.014592
run_20260922T232200Z,vector_add,1048576,64,15,0.015264
run_20260922T232200Z,vector_add,1048576,64,16,0.014816
run_20260922T232200Z,vector_add,1048576,64,17,0.014816
run_20260922T232200Z,vector_add,1048576,64,18,0.01488
run_20260922T232200Z,vector_add,1048576,64,19,0.014624
run_20260922T232200Z,vector_add,1048576,64,20,0.014752
run_20260922T232200Z,vector_add,1048576,64,21,0.015328
run_20260922T232200Z,vector_add,1048576,64,22,0.014656
run_20260922T232200Z,vector_add,1048576,64,23,0.01488
run_20260922T232200Z,vector_add,1048576,64,24,0.01472
run_20260922T232200Z,vector_add,1048576,64,25,0.014976
run_20260922T232200Z,vector_add,1048576,64,26,0.014528
run_20260922T232200Z,vector_add,1048576,64,27,0.014784
run_20260922T232200Z,vector_add,1048576,64,28,0.015008
run_20260922T232200Z,vector_add,1048576,64,29,0.014912
run_20260922T232200Z,vector_add,1048576,64,30,0.014592
run_20260922T232200Z,vector_add,1048576,64,31,0.015296
run_20260922T232200Z,vector_add,1048576,64,32,0.01472
run_20260922T232200Z,vector_add,1048576,64,33,0.014656
run_20260922T232200Z,vector_add,1048576,64,34,0.014816
run_20260922T232200Z,vector_add,1048576,64,35,0.01472
run_20260922T232200Z,vector_add,1048576,64,36,0.01472
run_20260922T232200Z,vector_add,1048576,64,37,0.014624
run_20260922T232200Z,vector_add,1048576,64,38,0.014976
run_20260922T232200Z,vector_add,1048576,64,39,0.014784
run_20260922T232200Z,vector_add,1048576,64,40,0.01472
run_20260922T232200Z,vector_add,1048576,64,41,0.01488
run_20260922T232200Z,vector_add,1048576,64,42,0.014496
run_20260922T232200Z,vector_add,1048576,64,43,0.01488
run_20260922T232200Z,vector_add,1048576,64,44,0.0152
run_20260922T232200Z,vector_add,1048576,64,45,0.014752
run_20260922T232200Z,vector_add,1048576,64,46,0.014496
run_20260922T232200Z,vector_add,1048576,64,47,0.014944
run_20260922T232200Z,vector_add,1048576,64,48,0.014976
run_20260922T232200Z,vector_add,1048576,64,49,0.014688
run_20260922T232200Z,vector_add,1048576,128,0,0.010528
run_20260922T232200Z,vector_add,1048576,128,1,0.009984
run_20260922T232200Z,vector_add,1048576,128,2,0.009952
run_20260922T232200Z,vector_add,1048576,128,3,0.009888
run_20260922T232200Z,vector_add,1048576,128,4,0.00976
run_20260922T232200Z,vector_add,1048576,128,5,0.010112
run_20260922T232200Z,vector_add,1048576,128,6,0.00992
run_20260922T232200Z,vector_add,1048576,128,7,0.00976
run_20260922T232200Z,vector_add,1048576,128,8,0.010048
run_20260922T232200Z,vector_add,1048576,128,9,0.009888
run_20260922T232200Z,vector_add,1048576,128,10,0.009664
run_20260922T232200Z,vector_add,1048576,128,11,0.00976
run_20260922T232200Z,vector_add,1048576,128,12,0.009856
run_20260922T232200Z,vector_add,1048576,128,13,0.009632
run_20260922T232200Z,vector_add,1048576,128,14,0.009728
run_20260922T232200Z,vector_add,1048576,128,15,0.010176
run_20260922T232200Z,vector_add,1048576,128,16,0.00992
run_20260922T232200Z,vector_add,1048576,128,17,0.009728
run_20260922T232200Z,vector_add,1048576,128,18,0.009824
run_20260922T232200Z,vector_add,1048576,128,19,0.009792
run_20260922T232200Z,vector_add,1048576,128,20,0.009952
run_20260922T232200Z,vector_add,1048576,128,21,0.010048
run_20260922T232200Z,vector_add,1048576,128,22,0.009664
run_20260922T232200Z,vector_add,1048576,128,23,0.009824
run_20260922T232200Z,vector_add,1048576,128,24,0.00976
run_20260922T232200Z,vector_add,1048576,128,25,0.010048
run_20260922T232200Z,vector_add,1048576,128,26,0.00976
run_20260922T232200Z,vector_add,1048576,128,27,0.009664
run_20260922T232200Z,vector_add,1048576,128,28,0.009952
run_20260922T232200Z,vector_add,1048576,128,29,0.009664
run_20260922T232200Z,vector_add,1048576,128,30,0.00976
run_20260922T232200Z,vector_add,1048576,128,31,0.010112
run_20260922T232200Z,vector_add,1048576,128,32,0.00976
run_20260922T232200Z,vector_add,1048576,128,33,0.009696
run_20260922T232200Z,vector_add,1048576,128,34,0.009664
run_20260922T232200Z,vector_add,1048576,128,35,0.009696
run_20260922T232200Z,vector_add,1048576,128,36,0.009856
run_20260922T232200Z,vector_add,1048576,128,37,0.009728
run_20260922T232200Z,vector_add,1048576,128,38,0.010016
run_20260922T232200Z,vector_add,1048576,128,39,0.009824
run_20260922T232200Z,vector_add,1048576,128,40,0.00976
run_20260922T232200Z,vector_add,1048576,128,41,0.010048
run_20260922T232200Z,vector_add,1048576,128,42,0.009792
run_20260922T232200Z,vector_add,1048576,128,43,0.009856
run_20260922T232200Z,vector_add,1048576,128,44,0.01008
run_20260922T232200Z,vector_add,1048576,128,45,0.009632
run_20260922T232200Z,vector_add,1048576,128,46,0.00976
run_20260922T232200Z,vector_add,1048576,128,47,0.009632
run_20260922T232200Z,vector_add,1048576,128,48,0.010016
run_20260922T232200Z,vector_add,1048576,128,49,0.009664
run_20260922T232200Z,vector_add,1048576,256,0,0.008288
run_20260922T232200Z,vector_add,1048576,256,1,0.007552
run_20260922T232200Z,vector_add,1048576,256,2,0.00768
run_20260922T232200Z,vector_add,1048576,256,3,0.007712
run_20260922T232200Z,vector_add,1048576,256,4,0.007328
run_20260922T232200Z,vector_add,1048576,256,5,0.007744
run_20260922T232200Z,vector_add,1048576,256,6,0.007488
run_20260922T232200Z,vector_add,1048576,256,7,0.007552
run_20260922T232200Z,vector_add,1048576,256,8,0.007616
run_20260922T232200Z,vector_add,1048576,256,9,0.007328
run_20260922T232200Z,vector_add,1048576,256,10,0.007264
run_20260922T232200Z,vector_add,1048576,256,11,0.007264
run_20260922T232200Z,vector_add,1048576,256,12,0.007392
run_20260922T232200Z,vector_add,1048576,256,13,0.00736
run_20260922T232200Z,vector_add,1048576,256,14,0.00736
run_20260922T232200Z,vector_add,1048576,256,15,0.008128
run_20260922T232200Z,vector_add,1048576,256,16,0.007424
run_20260922T232200Z,vector_add,1048576,256,17,0.007488
run_20260922T232200Z,vector_add,1048576,256,18,0.00752
run_20260922T232200Z,vector_add,1048576,256,19,0.007264
run_20260922T232200Z,vector_add,1048576,256,20,0.007424
run_20260922T232200Z,vector_add,1048576,256,21,0.007872
run_20260922T232200Z,vector_add,1048576,256,22,0.007424
run_20260922T232200Z,vector_add,1048576,256,23,0.007264
run_20260922T232200Z,vector_add,1048576,256,24,0.007616
run_20260922T232200Z,vector_add,1048576,256,25,0.007584
run_20260922T232200Z,vector_add,1048576,256,26,0.007456
run_20260922T232200Z,vector_add,1048576,256,27,0.007264
run_20260922T232200Z,vector_add,1048576,256,28,0.007712
run_20260922T232200Z,vector_add,1048576,256,29,0.007072
run_20260922T232200Z,vector_add,1048576,256,30,0.007424
run_20260922T232200Z,vector_add,1048576,256,31,0.008064
run_20260922T232200Z,vector_add,1048576,256,32,0.00736
run_20260922T232200Z,vector_add,1048576,256,33,0.007424
run_20260922T232200Z,vector_add,1048576,256,34,0.007392
run_20260922T232200Z,vector_add,1048576,256,35,0.007552
run_20260922T232200Z,vector_add,1048576,256,36,0.007424
run_20260922T232200Z,vector_add,1048576,256,37,0.00736
run_20260922T232200Z,vector_add,1048576,256,38,0.007648
run_20260922T232200Z,vector_add,1048576,256,39,0.007328
run_20260922T232200Z,vector_add,1048576,256,40,0.007488
run_20260922T232200Z,vector_add,1048576,256,41,0.007904
run_20260922T232200Z,vector_add,1048576,256,42,0.007136
run_20260922T232200Z,vector_add,1048576,256,43,0.007552
run_20260922T232200Z,vector_add,1048576,256,44,0.007648
run_20260922T232200Z,vector_add,1048576,256,45,0.007392
run_20260922T232200Z,vector_add,1048576,256,46,0.007392
run_20260922T232200Z,vector_add,1048576,256,47,0.007456
run_20260922T232200Z,vector_add,1048576,256,48,0.007616
run_20260922T232200Z,vector_add,1048576,256,49,0.007424
run_20260922T232200Z,vector_add,1048576,512,0,0.007552
run_20260922T232200Z,vector_add,1048576,512,1,0.008704
run_20260922T232200Z,vector_add,1048576,512,2,0.006848
run_20260922T232200Z,vector_add,1048576,512,3,0.007008
run_20260922T232200Z,vector_add,1048576,512,4,0.006848
run_20260922T232200Z,vector_add,1048576,512,5,0.006912
run_20260922T232200Z,vector_add,1048576,512,6,0.00672
run_20260922T232200Z,vector_add,1048576,512,7,0.007104
run_20260922T232200Z,vector_add,1048576,512,8,0.006816
run_20260922T232200Z,vector_add,1048576,512,9,0.00688
run_20260922T232200Z,vector_add,1048576,512,10,0.006624
run_20260922T232200Z,vector_add,1048576,512,11,0.006944
run_20260922T232200Z,vector_add,1048576,512,12,0.006944
run_20260922T232200Z,vector_add,1048576,512,13,0.006784
run_20260922T232200Z,vector_add,1048576,512,14,0.00656
run_20260922T232200Z,vector_add,1048576,512,15,0.007104
run_20260922T232200Z,vector_add,1048576,512,16,0.006592
run_20260922T232200Z,vector_add,1048576,512,17,0.006784
run_20260922T232200Z,vector_add,1048576,512,18,0.006848
run_20260922T232200Z,vector_add,1048576,512,19,0.00688
run_20260922T232200Z,vector_add,1048576,512,20,0.006624
run_20260922T232200Z,vector_add,1048576,512,21,0.007232
run_20260922T232200Z,vector_add,1048576,512,22,0.006784
run_20260922T232200Z,vector_add,1048576,512,23,0.007072
run_20260922T232200Z,vector_add,1048576,512,24,0.00672
run_20260922T232200Z,vector_add,1048576,512,25,0.006784
run_20260922T232200Z,vector_add,1048576,512,26,0.00656
run_20260922T232200Z,vector_add,1048576,512,27,0.006656
run_20260922T232200Z,vector_add,1048576,512,28,0.006944
run_20260922T232200Z,vector_add,1048576,512,29,0.006944
run_20260922T232200Z,vector_add,1048576,512,30,0.00672
run_20260922T232200Z,vector_add,1048576,512,31,0.007072
run_20260922T232200Z,vector_add,1048576,512,32,0.006656
run_20260922T232200Z,vector_add,1048576,512,33,0.006496
run_20260922T232200Z,vector_add,1048576,512,34,0.006656
run_20260922T232200Z,vector_add,1048576,512,35,0.006848
run_20260922T232200Z,vector_add,1048576,512,36,0.006752
run_20260922T232200Z,vector_add,1048576,512,37,0.006784
run_20260922T232200Z,vector_add,1048576,512,38,0.006752
run_20260922T232200Z,vector_add,1048576,512,39,0.006912
run_20260922T232200Z,vector_add,1048576,512,40,0.006432
run_20260922T232200Z,vector_add,1048576,512,41,0.006976
run_20260922T232200Z,vector_add,1048576,512,42,0.006656
run_20260922T232200Z,vector_add,1048576,512,43,0.006912
run_20260922T232200Z,vector_add,1048576,512,44,0.007232
run_20260922T232200Z,vector_add,1048576,512,45,0.006624
run_20260922T232200Z,vector_add,1048576,512,46,0.006496
run_20260922T232200Z,vector_add,1048576,512,47,0.006784
run_20260922T232200Z,vector_add,1048576,512,48,0.006944
run_20260922T232200Z,vector_add,1048576,512,49,0.006752
run_20260922T232200Z,vector_add,4194304,64,0,0.045376
run_20260922T232200Z,vector_add,4194304,64,1,0.044288
run_20260922T232200Z,vector_add,4194304,64,2,0.044288
run_20260922T232200Z,vector_add,4194304,64,3,0.044352
run_20260922T232200Z,vector_add,4194304,64,4,0.044224
run_20260922T232200Z,vector_add,4194304,64,5,0.044416
run_20260922T232200Z,vector_add,4194304,64,6,0.044192
run_20260922T232200Z,vector_add,4194304,64,7,0.044448
run_20260922T232200Z,vector_add,4194304,64,8,0.044512
run_20260922T232200Z,vector_add,4194304,64,9,0.044384
run_20260922T232200Z,vector_add,4194304,64,10,0.044512
run_20260922T232200Z,vector_add,4194304,64,11,0.044704
run_20260922T232200Z,vector_add,4194304,64,12,0.044416
run_20260922T232200Z,vector_add,4194304,64,13,0.044192
run_20260922T232200Z,vector_add,4194304,64,14,0.044416
run_20260922T232200Z,vector_add,4194304,64,15,0.04464
run_20260922T232200Z,vector_add,4194304,64,16,0.045344
run_20260922T232200Z,vector_add,4194304,64,17,0.044384
run_20260922T232200Z,vector_add,4194304,64,18,0.044544
run_20260922T232200Z,vector_add,4194304,64,19,0.044608
run_20260922T232200Z,vector_add,4194304,64,20,0.045472
run_20260922T232200Z,vector_add,4194304,64,21,0.044768
run_20260922T232200Z,vector_add,4194304,64,22,0.044448
run_20260922T232200Z,vector_add,4194304,64,23,0.044384
run_20260922T232200Z,vector_add,4194304,64,24,0.04464
run_20260922T232200Z,vector_add,4194304,64,25,0.044896
run_20260922T232200Z,vector_add,4194304,64,26,0.044256
run_20260922T232200Z,vector_add,4194304,64,27,0.044288
run_20260922T232200Z,vector_add,4194304,64,28,0.044256
run_20260922T232200Z,vector_add,4194304,64,29,0.044288
run_20260922T232200Z,vector_add,4194304,64,30,0.044416
run_20260922T232200Z,vector_add,4194304,64,31,0.044512
run_20260922T232200Z,vector_add,4194304,64,32,0.044288
run_20260922T232200Z,vector_add,4194304,64,33,0.044352
run_20260922T232200Z,vector_add,4194304,64,34,0.04448
run_20260922T232200Z,vector_add,4194304,64,35,0.044352
run_20260922T232200Z,vector_add,4194304,64,36,0.04448
run_20260922T232200Z,vector_add,4194304,64,37,0.044256
run_20260922T232200Z,vector_add,4194304,64,38,0.0448
run_20260922T232200Z,vector_add,4194304,64,39,0.044352
run_20260922T232200Z,vector_add,4194304,64,40,0.04448
run_20260922T232200Z,vector_add,4194304,64,41,0.044416
run_20260922T232200Z,vector_add,4194304,64,42,0.044128
run_20260922T232200Z,vector_add,4194304,64,43,0.044352
run_20260922T232200Z,vector_add,4194304,64,44,0.044512
run_20260922T232200Z,vector_add,4194304,64,45,0.044352
run_20260922T232200Z,vector_add,4194304,64,46,0.044288
run_20260922T232200Z,vector_add,4194304,64,47,0.044672
run_20260922T232200Z,vector_add,4194304,64,48,0.04432
run_20260922T232200Z,vector_add,4194304,64,49,0.044448
run_20260922T232200Z,vector_add,4194304,128,0,0.025824
run_20260922T232200Z,vector_add,4194304,128,1,0.025024
run_20260922T232200Z,vector_add,4194304,128,2,0.02528
run_20260922T232200Z,vector_add,4194304,128,3,0.0248
run_20260922T232200Z,vector_add,4194304,128,4,0.024896
run_20260922T232200Z,vector_add,4194304,128,5,0.025088
run_20260922T232200Z,vector_add,4194304,128,6,0.025056
run_20260922T232200Z,vector_add,4194304,128,7,0.025696
run_20260922T232200Z,vector_add,4194304,128,8,0.025088
run_20260922T232200Z,vector_add,4194304,128,9,0.02496
run_20260922T232200Z,vector_add,4194304,128,10,0.025152
run_20260922T232200Z,vector_add,4194304,128,11,0.024992
run_20260922T232200Z,vector_add,4194304,128,12,0.025056
run_20260922T232200Z,vector_add,4194304,128,13,0.025376
run_20260922T232200Z,vector_add,4194304,128,14,0.024928
run_20260922T232200Z,vector_add,4194304,128,15,0.02528
run_20260922T232200Z,vector_add,4194304,128,16,0.025408
run_20260922T232200Z,vector_add,4194304,128,17,0.025024
run_20260922T232200Z,vector_add,4194304,128,18,0.025024
run_20260922T232200Z,vector_add,4194304,128,19,0.025408
run_20260922T232200Z,vector_add,4194304,128,20,0.024928
run_20260922T232200Z,vector_add,4194304,128,21,0.02544
run_20260922T232200Z,vector_add,4194304,128,22,0.025376
run_20260922T232200Z,vector_add,4194304,128,23,0.02496
run_20260922T232200Z,vector_add,4194304,128,24,0.025088
run_20260922T232200Z,vector_add,4194304,128,25,0.0256
run_20260922T232200Z,vector_add,4194304,128,26,0.02464
run_20260922T232200Z,vector_add,4194304,128,27,0.025024
run_20260922T232200Z,vector_add,4194304,128,28,0.024896
run_20260922T232200Z,vector_add,4194304,128,29,0.025056
run_20260922T232200Z,vector_add,4194304,128,30,0.024992
run_20260922T232200Z,vector_add,4194304,128,31,0.025216
run_20260922T232200Z,vector_add,4194304,128,32,0.025184
run_20260922T232200Z,vector_add,4194304,128,33,0.0248
run_20260922T232200Z,vector_add,4194304,128,34,0.024768
run_20260922T232200Z,vector_add,4194304,128,35,0.025152
run_20260922T232200Z,vector_add,4194304,128,36,0.024928
run_20260922T232200Z,vector_add,4194304,128,37,0.0248
run_20260922T232200Z,vector_add,4194304,128,38,0.025024
run_20260922T232200Z,vector_add,4194304,128,39,0.024928
run_20260922T232200Z,vector_add,4194304,128,40,0.02512
run_20260922T232200Z,vector_add,4194304,128,41,0.02576
run_20260922T232200Z,vector_add,4194304,128,42,0.024864
run_20260922T232200Z,vector_add,4194304,128,43,0.024768
run_20260922T232200Z,vector_add,4194304,128,44,0.025536
run_20260922T232200Z,vector_add,4194304,128,45,0.024992
run_20260922T232200Z,vector_add,4194304,128,46,0.024992
run_20260922T232200Z,vector_add,4194304,128,47,0.02544
run_20260922T232200Z,vector_add,4194304,128,48,0.025856
run_20260922T232200Z,vector_add,4194304,128,49,0.025024
run_20260922T232200Z,vector_add,4194304,256,0,0.02448
run_20260922T232200Z,vector_add,4194304,256,1,0.023104
run_20260922T232200Z,vector_add,4194304,256,2,0.022816
run_20260922T232200Z,vector_add,4194304,256,3,0.022912
run_20260922T232200Z,vector_add,4194304,256,4,0.023648
run_20260922T232200Z,vector_add,4194304,256,5,0.022976
run_20260922T232200Z,vector_add,4194304,256,6,0.023008
run_20260922T232200Z,vector_add,4194304,256,7,0.023712
run_20260922T232200Z,vector_add,4194304,256,8,0.023264
run_20260922T232200Z,vector_add,4194304,256,9,0.022976
run_20260922T232200Z,vector_add,4194304,256,10,0.022944
run_20260922T232200Z,vector_add,4194304,256,11,0.023168
run_20260922T232200Z,vector_add,4194304,256,12,0.022912
run_20260922T232200Z,vector_add,4194304,256,13,0.022656
run_20260922T232200Z,vector_add,4194304,256,14,0.023104
run_20260922T232200Z,vector_add,4194304,256,15,0.023168
run_20260922T232200Z,vector_add,4194304,256,16,0.022944
run_20260922T232200Z,vector_add,4194304,256,17,0.023616
run_20260922T232200Z,vector_add,4194304,256,18,0.023104
run_20260922T232200Z,vector_add,4194304,256,19,0.02272
run_20260922T232200Z,vector_add,4194304,256,20,0.02352
run_20260922T232200Z,vector_add,4194304,256,21,0.023104
run_20260922T232200Z,vector_add,4194304,256,22,0.023104
run_20260922T232200Z,vector_add,4194304,256,23,0.023072
run_20260922T232200Z,vector_add,4194304,256,24,0.023008
run_20260922T232200Z,vector_add,4194304,256,25,0.022784
run_20260922T232200Z,vector_add,4194304,256,26,0.022976
run_20260922T232200Z,vector_add,4194304,256,27,0.023584
run_20260922T232200Z,vector_add,4194304,256,28,0.0232
run_20260922T232200Z,vector_add,4194304,256,29,0.022912
run_20260922T232200Z,vector_add,4194304,256,30,0.023712
run_20260922T232200Z,vector_add,4194304,256,31,0.023264
run_20260922T232200Z,vector_add,4194304,256,32,0.023072
run_20260922T232200Z,vector_add,4194304,256,33,0.023104
run_20260922T232200Z,vector_add,4194304,256,34,0.022944
run_20260922T232200Z,vector_add,4194304,256,35,0.02272
run_20260922T232200Z,vector_add,4194304,256,36,0.023008
run_20260922T232200Z,vector_add,4194304,256,37,0.023072
run_20260922T232200Z,vector_add,4194304,256,38,0.023072
run_20260922T232200Z,vector_add,4194304,256,39,0.023072
run_20260922T232200Z,vector_add,4194304,256,40,0.023616
run_20260922T232200Z,vector_add,4194304,256,41,0.022944
run_20260922T232200Z,vector_add,4194304,256,42,0.023072
run_20260922T232200Z,vector_add,4194304,256,43,0.023744
run_20260922T232200Z,vector_add,4194304,256,44,0.022816
run_20260922T232200Z,vector_add,4194304,256,45,0.022816
run_20260922T232200Z,vector_add,4194304,256,46,0.022752
run_20260922T232200Z,vector_add,4194304,256,47,0.023264
run_20260922T232200Z,vector_add,4194304,256,48,0.023168
run_20260922T232200Z,vector_add,4194304,256,49,0.022912
run_20260922T232200Z,vector_add,4194304,512,0,0.025184
run_20260922T232200Z,vector_add,4194304,512,1,0.02352
run_20260922T232200Z,vector_add,4194304,512,2,0.02368
run_20260922T232200Z,vector_add,4194304,512,3,0.024224
run_20260922T232200Z,vector_add,4194304,512,4,0.023648
run_20260922T232200Z,vector_add,4194304,512,5,0.023776
run_20260922T232200Z,vector_add,4194304,512,6,0.023584
run_20260922T232200Z,vector_add,4194304,512,7,0.023552
run_20260922T232200Z,vector_add,4194304,512,8,0.02368
run_20260922T232200Z,vector_add,4194304,512,9,0.023552
run_20260922T232200Z,vector_add,4194304,512,10,0.023392
run_20260922T232200Z,vector_add,4194304,512,11,0.023744
run_20260922T232200Z,vector_add,4194304,512,12,0.023552
run_20260922T232200Z,vector_add,4194304,512,13,0.024256
run_20260922T232200Z,vector_add,4194304,512,14,0.023552
run_20260922T232200Z,vector_add,4194304,512,15,0.023968
run_20260922T232200Z,vector_add,4194304,512,16,0.024288
run_20260922T232200Z,vector_add,4194304,512,17,0.023648
run_20260922T232200Z,vector_add,4194304,512,18,0.023392
run_20260922T232200Z,vector_add,4194304,512,19,0.024736
run_20260922T232200Z,vector_add,4194304,512,20,0.023552
run_20260922T232200Z,vector_add,4194304,512,21,0.024
run_20260922T232200Z,vector_add,4194304,512,22,0.02368
run_20260922T232200Z,vector_add,4194304,512,23,0.023648
run_20260922T232200Z,vector_add,4194304,512,24,0.023584
run_20260922T232200Z,vector_add,4194304,512,25,0.02352
run_20260922T232200Z,vector_add,4194304,512,26,0.024352
run_20260922T232200Z,vector_add,4194304,512,27,0.023552
run_20260922T232200Z,vector_add,4194304,512,28,0.023552
run_20260922T232200Z,vector_add,4194304,512,29,0.024128
run_20260922T232200Z,vector_add,4194304,512,30,0.02352
run_20260922T232200Z,vector_add,4194304,512,31,0.024
run_20260922T232200Z,vector_add,4194304,512,32,0.024192
run_20260922T232200Z,vector_add,4194304,512,33,0.023232
run_20260922T232200Z,vector_add,4194304,512,34,0.023456
run_20260922T232200Z,vector_add,4194304,512,35,0.023488
run_20260922T232200Z,vector_add,4194304,512,36,0.023584
run_20260922T232200Z,vector_add,4194304,512,37,0.023584
run_20260922T232200Z,vector_add,4194304,512,38,0.023648
run_20260922T232200Z,vector_add,4194304,512,39,0.023552
run_20260922T232200Z,vector_add,4194304,512,40,0.023552
run_20260922T232200Z,vector_add,4194304,512,41,0.024
run_20260922T232200Z,vector_add,4194304,512,42,0.02416
run_20260922T232200Z,vector_add,4194304,512,43,0.02352
run_20260922T232200Z,vector_add,4194304,512,44,0.023584
run_20260922T232200Z,vector_add,4194304,512,45,0.02432
run_20260922T232200Z,vector_add,4194304,512,46,0.023648
run_20260922T232200Z,vector_add,4194304,512,47,0.023616
run_20260922T232200Z,vector_add,4194304,512,48,0.024352
run_20260922T232200Z,vector_add,4194304,512,49,0.023488
run_20260922T232200Z,vector_add,16777216,64,0,0.163296
run_20260922T232200Z,vector_add,16777216,64,1,0.162592
run_20260922T232200Z,vector_add,16777216,64,2,0.162848
run_20260922T232200Z,vector_add,16777216,64,3,0.162496
run_20260922T232200Z,vector_add,16777216,64,4,0.162432
run_20260922T232200Z,vector_add,16777216,64,5,0.162624
run_20260922T232200Z,vector_add,16777216,64,6,0.162624
run_20260922T232200Z,vector_add,16777216,64,7,0.16224
run_20260922T232200Z,vector_add,16777216,64,8,0.16256
run_20260922T232200Z,vector_add,16777216,64,9,0.162464
run_20260922T232200Z,vector_add,16777216,64,10,0.162272
run_20260922T232200Z,vector_add,16777216,64,11,0.16256
run_20260922T232200Z,vector_add,16777216,64,12,0.163168
run_20260922T232200Z,vector_add,16777216,64,13,0.162528
run_20260922T232200Z,vector_add,16777216,64,14,0.162752
run_20260922T232200Z,vector_add,16777216,64,15,0.163008
run_20260922T232200Z,vector_add,16777216,64,16,0.162624
run_20260922T232200Z,vector_add,16777216,64,17,0.162624
run_20260922T232200Z,vector_add,16777216,64,18,0.162592
run_20260922T232200Z,vector_add,16777216,64,19,0.162336
run_20260922T232200Z,vector_add,16777216,64,20,0.162496
run_20260922T232200Z,vector_add,16777216,64,21,0.162944
run_20260922T232200Z,vector_add,16777216,64,22,0.162624
run_20260922T232200Z,vector_add,16777216,64,23,0.162336
run_20260922T232200Z,vector_add,16777216,64,24,0.163456
run_20260922T232200Z,vector_add,16777216,64,25,0.162464
run_20260922T232200Z,vector_add,16777216,64,26,0.162816
run_20260922T232200Z,vector_add,16777216,64,27,0.162432
run_20260922T232200Z,vector_add,16777216,64,28,0.162592
run_20260922T232200Z,vector_add,16777216,64,29,0.162688
run_20260922T232200Z,vector_add,16777216,64,30,0.162304
run_20260922T232200Z,vector_add,16777216,64,31,0.163104
run_20260922T232200Z,vector_add,16777216,64,32,0.163488
run_20260922T232200Z,vector_add,16777216,64,33,0.162464
run_20260922T232200Z,vector_add,16777216,64,34,0.162528
run_20260922T232200Z,vector_add,16777216,64,35,0.162624
run_20260922T232200Z,vector_add,16777216,64,36,0.162848
run_20260922T232200Z,vector_add,16777216,64,37,0.16272
run_20260922T232200Z,vector_add,16777216,64,38,0.162624
run_20260922T232200Z,vector_add,16777216,64,39,0.16256
run_20260922T232200Z,vector_add,16777216,64,40,0.16256
run_20260922T232200Z,vector_add,16777216,64,41,0.16288
run_20260922T232200Z,vector_add,16777216,64,42,0.162624
run_20260922T232200Z,vector_add,16777216,64,43,0.162432
run_20260922T232200Z,vector_add,16777216,64,44,0.162624
run_20260922T232200Z,vector_add,16777216,64,45,0.16272
run_20260922T232200Z,vector_add,16777216,64,46,0.162464
run_20260922T232200Z,vector_add,16777216,64,47,0.162592
run_20260922T232200Z,vector_add,16777216,64,48,0.162528
run_20260922T232200Z,vector_add,16777216,64,49,0.162784
run_20260922T232200Z,vector_add,16777216,128,0,0.08496
run_20260922T232200Z,vector_add,16777216,128,1,0.084352
run_20260922T232200Z,vector_add,16777216,128,2,0.084768
run_20260922T232200Z,vector_add,16777216,128,3,0.084416
run_20260922T232200Z,vector_add,16777216,128,4,0.085408
run_20260922T232200Z,vector_add,16777216,128,5,0.084672
run_20260922T232200Z,vector_add,16777216,128,6,0.084
run_20260922T232200Z,vector_add,16777216,128,7,0.08384
run_20260922T232200Z,vector_add,16777216,128,8,0.08448
run_20260922T232200Z,vector_add,16777216,128,9,0.084416
run_20260922T232200Z,vector_add,16777216,128,10,0.084544
run_20260922T232200Z,vector_add,16777216,128,11,0.084544
run_20260922T232200Z,vector_add,16777216,128,12,0.084128
run_20260922T232200Z,vector_add,16777216,128,13,0.084512
run_20260922T232200Z,vector_add,16777216,128,14,0.084416
run_20260922T232200Z,vector_add,16777216,128,15,0.084416
run_20260922T232200Z,vector_add,16777216,128,16,0.08448
run_20260922T232200Z,vector_add,16777216,128,17,0.08448
run_20260922T232200Z,vector_add,16777216,128,18,0.083872
run_20260922T232200Z,vector_add,16777216,128,19,0.083776
run_20260922T232200Z,vector_add,16777216,128,20,0.084288
run_20260922T232200Z,vector_add,16777216,128,21,0.084512
run_20260922T232200Z,vector_add,16777216,128,22,0.084512
run_20260922T232200Z,vector_add,16777216,128,23,0.084416
run_20260922T232200Z,vector_add,16777216,128,24,0.08448
run_20260922T232200Z,vector_add,16777216,128,25,0.084544
run_20260922T232200Z,vector_add,16777216,128,26,0.084576
run_20260922T232200Z,vector_add,16777216,128,27,0.084256
run_20260922T232200Z,vector_add,16777216,128,28,0.084288
run_20260922T232200Z,vector_add,16777216,128,29,0.084416
run_20260922T232200Z,vector_add,16777216,128,30,0.084128
run_20260922T232200Z,vector_add,16777216,128,31,0.083968
run_20260922T232200Z,vector_add,16777216,128,32,0.084512
run_20260922T232200Z,vector_add,16777216,128,33,0.084352
run_20260922T232200Z,vector_add,16777216,128,34,0.084384
run_20260922T232200Z,vector_add,16777216,128,35,0.084448
run_20260922T232200Z,vector_add,16777216,128,36,0.08448
run_20260922T232200Z,vector_add,16777216,128,37,0.084384
run_20260922T232200Z,vector_add,16777216,128,38,0.08448
run_20260922T232200Z,vector_add,16777216,128,39,0.08448
run_20260922T232200Z,vector_add,16777216,128,40,0.08448
run_20260922T232200Z,vector_add,16777216,128,41,0.08416
run_20260922T232200Z,vector_add,16777216,128,42,0.083968
run_20260922T232200Z,vector_add,16777216,128,43,0.084
run_20260922T232200Z,vector_add,16777216,128,44,0.084608
run_20260922T232200Z,vector_add,16777216,128,45,0.084256
run_20260922T232200Z,vector_add,16777216,128,46,0.084416
run_20260922T232200Z,vector_add,16777216,128,47,0.084256
run_20260922T232200Z,vector_add,16777216,128,48,0.08528
run_20260922T232200Z,vector_add,16777216,128,49,0.084416
run_20260922T232200Z,vector_add,16777216,256,0,0.077376
run_20260922T232200Z,vector_add,16777216,256,1,0.07744
run_20260922T232200Z,vector_add,16777216,256,2,0.07728
run_20260922T232200Z,vector_add,16777216,256,3,0.077152
run_20260922T232200Z,vector_add,16777216,256,4,0.07712
run_20260922T232200Z,vector_add,16777216,256,5,0.078816
run_20260922T232200Z,vector_add,16777216,256,6,0.076224
run_20260922T232200Z,vector_add,16777216,256,7,0.077216
run_20260922T232200Z,vector_add,16777216,256,8,0.077344
run_20260922T232200Z,vector_add,16777216,256,9,0.07744
run_20260922T232200Z,vector_add,16777216,256,10,0.077152
run_20260922T232200Z,vector_add,16777216,256,11,0.07728
run_20260922T232200Z,vector_add,16777216,256,12,0.076096
run_20260922T232200Z,vector_add,16777216,256,13,0.07712
run_20260922T232200Z,vector_add,16777216,256,14,0.077184
run_20260922T232200Z,vector_add,16777216,256,15,0.077664
run_20260922T232200Z,vector_add,16777216,256,16,0.077376
run_20260922T232200Z,vector_add,16777216,256,17,0.077248
run_20260922T232200Z,vector_add,16777216,256,18,0.076192
run_20260922T232200Z,vector_add,16777216,256,19,0.076256
run_20260922T232200Z,vector_add,16777216,256,20,0.077824
run_20260922T232200Z,vector_add,16777216,256,21,0.07744
run_20260922T232200Z,vector_add,16777216,256,22,0.077184
run_20260922T232200Z,vector_add,16777216,256,23,0.077376
run_20260922T232200Z,vector_add,16777216,256,24,0.076192
run_20260922T232200Z,vector_add,16777216,256,25,0.076384
run_20260922T232200Z,vector_add,16777216,256,26,0.076992
run_20260922T232200Z,vector_add,16777216,256,27,0.077152
run_20260922T232200Z,vector_add,16777216,256,28,0.077248
run_20260922T232200Z,vector_add,16777216,256,29,0.077408
run_20260922T232200Z,vector_add,16777216,256,30,0.077376
run_20260922T232200Z,vector_add,16777216,256,31,0.07648
run_20260922T232200Z,vector_add,16777216,256,32,0.076384
run_20260922T232200Z,vector_add,16777216,256,33,0.077152
run_20260922T232200Z,vector_add,16777216,256,34,0.077024
run_20260922T232200Z,vector_add,16777216,256,35,0.077088
run_20260922T232200Z,vector_add,16777216,256,36,0.07712
run_20260922T232200Z,vector_add,16777216,256,37,0.076128
run_20260922T232200Z,vector_add,16777216,256,38,0.076288
run_20260922T232200Z,vector_add,16777216,256,39,0.077056
run_20260922T232200Z,vector_add,16777216,256,40,0.077152
run_20260922T232200Z,vector_add,16777216,256,41,0.077408
run_20260922T232200Z,vector_add,16777216,256,42,0.077184
run_20260922T232200Z,vector_add,16777216,256,43,0.076032
run_20260922T232200Z,vector_add,16777216,256,44,0.076096
run_20260922T232200Z,vector_add,16777216,256,45,0.076864
run_20260922T232200Z,vector_add,16777216,256,46,0.07712
run_20260922T232200Z,vector_add,16777216,256,47,0.07744
run_20260922T232200Z,vector_add,16777216,256,48,0.077312
run_20260922T232200Z,vector_add,16777216,256,49,0.077344
run_20260922T232200Z,vector_add,16777216,512,0,0.08
run_20260922T232200Z,vector_add,16777216,512,1,0.079264
run_20260922T232200Z,vector_add,16777216,512,2,0.07952
run_20260922T232200Z,vector_add,16777216,512,3,0.0792
run_20260922T232200Z,vector_add,16777216,512,4,0.079488
run_20260922T232200Z,vector_add,16777216,512,5,0.07856
run_20260922T232200Z,vector_add,16777216,512,6,0.079264
run_20260922T232200Z,vector_add,16777216,512,7,0.079424
run_20260922T232200Z,vector_add,16777216,512,8,0.079168
run_20260922T232200Z,vector_add,16777216,512,9,0.079168
run_20260922T232200Z,vector_add,16777216,512,10,0.079232
run_20260922T232200Z,vector_add,16777216,512,11,0.07952
run_20260922T232200Z,vector_add,16777216,512,12,0.07856
run_20260922T232200Z,vector_add,16777216,512,13,0.078432
run_20260922T232200Z,vector_add,16777216,512,14,0.079008
run_20260922T232200Z,vector_add,16777216,512,15,0.079488
run_20260922T232200Z,vector_add,16777216,512,16,0.080224
run_20260922T232200Z,vector_add,16777216,512,17,0.079392
run_20260922T232200Z,vector_add,16777216,512,18,0.079136
run_20260922T232200Z,vector_add,16777216,512,19,0.079456
run_20260922T232200Z,vector_add,16777216,512,20,0.078368
run_20260922T232200Z,vector_add,16777216,512,21,0.078688
run_20260922T232200Z,vector_add,16777216,512,22,0.079232
run_20260922T232200Z,vector_add,16777216,512,23,0.079456
run_20260922T232200Z,vector_add,16777216,512,24,0.079392
run_20260922T232200Z,vector_add,16777216,512,25,0.079072
run_20260922T232200Z,vector_add,16777216,512,26,0.079296
run_20260922T232200Z,vector_add,16777216,512,27,0.078528
run_20260922T232200Z,vector_add,16777216,512,28,0.07824
run_20260922T232200Z,vector_add,16777216,512,29,0.079328
run_20260922T232200Z,vector_add,16777216,512,30,0.079392
run_20260922T232200Z,vector_add,16777216,512,31,0.079456
run_20260922T232200Z,vector_add,16777216,512,32,0.079168
run_20260922T232200Z,vector_add,16777216,512,33,0.079328
run_20260922T232200Z,vector_add,16777216,512,34,0.07872
run_20260922T232200Z,vector_add,16777216,512,35,0.07824
run_20260922T232200Z,vector_add,16777216,512,36,0.080128
run_20260922T232200Z,vector_add,16777216,512,37,0.0792
run_20260922T232200Z,vector_add,16777216,512,38,0.079392
run_20260922T232200Z,vector_add,16777216,512,39,0.079296
run_20260922T232200Z,vector_add,16777216,512,40,0.079328
run_20260922T232200Z,vector_add,16777216,512,41,0.078976
run_20260922T232200Z,vector_add,16777216,512,42,0.078464
run_20260922T232200Z,vector_add,16777216,512,43,0.078592
run_20260922T232200Z,vector_add,16777216,512,44,0.0792
run_20260922T232200Z,vector_add,16777216,512,45,0.079136
run_20260922T232200Z,vector_add,16777216,512,46,0.079392
run_20260922T232200Z,vector_add,16777216,512,47,0.079296
run_20260922T232200Z,vector_add,16777216,512,48,0.079296
run_20260922T232200Z,vector_add,16777216,512,49,0.078464
run_20260922T232200Z,vector_add,67108864,64,0,0.635616
run_20260922T232200Z,vector_add,67108864,64,1,0.63488
run_20260922T232200Z,vector_add,67108864,64,2,0.634976
run_20260922T232200Z,vector_add,67108864,64,3,0.634752
run_20260922T232200Z,vector_add,67108864,64,4,0.635008
run_20260922T232200Z,vector_add,67108864,64,5,0.634624
run_20260922T232200Z,vector_add,67108864,64,6,0.634816
run_20260922T232200Z,vector_add,67108864,64,7,0.634944
run_20260922T232200Z,vector_add,67108864,64,8,0.634976
run_20260922T232200Z,vector_add,67108864,64,9,0.634784
run_20260922T232200Z,vector_add,67108864,64,10,0.63472
run_20260922T232200Z,vector_add,67108864,64,11,0.635232
run_20260922T232200Z,vector_add,67108864,64,12,0.63504
run_20260922T232200Z,vector_add,67108864,64,13,0.634816
run_20260922T232200Z,vector_add,67108864,64,14,0.63488
run_20260922T232200Z,vector_add,67108864,64,15,0.635008
run_20260922T232200Z,vector_add,67108864,64,16,0.635616
run_20260922T232200Z,vector_add,67108864,64,17,0.634656
run_20260922T232200Z,vector_add,67108864,64,18,0.63504
run_20260922T232200Z,vector_add,67108864,64,19,0.634656
run_20260922T232200Z,vector_add,67108864,64,20,0.634688
run_20260922T232200Z,vector_add,67108864,64,21,0.634976
run_20260922T232200Z,vector_add,67108864,64,22,0.634848
run_20260922T232200Z,vector_add,67108864,64,23,0.634688
run_20260922T232200Z,vector_add,67108864,64,24,0.634752
run_20260922T232200Z,vector_add,67108864,64,25,0.634784
run_20260922T232200Z,vector_add,67108864,64,26,0.63456
run_20260922T232200Z,vector_add,67108864,64,27,0.634816
run_20260922T232200Z,vector_add,67108864,64,28,0.634752
run_20260922T232200Z,vector_add,67108864,64,29,0.634624
run_20260922T232200Z,vector_add,67108864,64,30,0.634816
run_20260922T232200Z,vector_add,67108864,64,31,0.6352
run_20260922T232200Z,vector_add,67108864,64,32,0.63488
run_20260922T232200Z,vector_add,67108864,64,33,0.634816
run_20260922T232200Z,vector_add,67108864,64,34,0.634944
run_20260922T232200Z,vector_add,67108864,64,35,0.6352
run_20260922T232200Z,vector_add,67108864,64,36,0.63568
run_20260922T232200Z,vector_add,67108864,64,37,0.634816
run_20260922T232200Z,vector_add,67108864,64,38,0.63488
run_20260922T232200Z,vector_add,67108864,64,39,0.634976
run_20260922T232200Z,vector_add,67108864,64,40,0.634912
run_20260922T232200Z,vector_add,67108864,64,41,0.635232
run_20260922T232200Z,vector_add,67108864,64,42,0.634656
run_20260922T232200Z,vector_add,67108864,64,43,0.634848
run_20260922T232200Z,vector_add,67108864,64,44,0.634944
run_20260922T232200Z,vector_add,67108864,64,45,0.63488
run_20260922T232200Z,vector_add,67108864,64,46,0.634816
run_20260922T232200Z,vector_add,67108864,64,47,0.634816
run_20260922T232200Z,vector_add,67108864,64,48,0.634912
run_20260922T232200Z,vector_add,67108864,64,49,0.634848
run_20260922T232200Z,vector_add,67108864,128,0,0.32288
run_20260922T232200Z,vector_add,67108864,128,1,0.321344
run_20260922T232200Z,vector_add,67108864,128,2,0.322368
run_20260922T232200Z,vector_add,67108864,128,3,0.321664
run_20260922T232200Z,vector_add,67108864,128,4,0.321696
run_20260922T232200Z,vector_add,67108864,128,5,0.321792
run_20260922T232200Z,vector_add,67108864,128,6,0.321952
run_20260922T232200Z,vector_add,67108864,128,7,0.321792
run_20260922T232200Z,vector_add,67108864,128,8,0.321664
run_20260922T232200Z,vector_add,67108864,128,9,0.322496
run_20260922T232200Z,vector_add,67108864,128,10,0.321536
run_20260922T232200Z,vector_add,67108864,128,11,0.321728
run_20260922T232200Z,vector_add,67108864,128,12,0.321984
run_20260922T232200Z,vector_add,67108864,128,13,0.321856
run_20260922T232200Z,vector_add,67108864,128,14,0.321728
run_20260922T232200Z,vector_add,67108864,128,15,0.321792
run_20260922T232200Z,vector_add,67108864,128,16,0.322208
run_20260922T232200Z,vector_add,67108864,128,17,0.321824
run_20260922T232200Z,vector_add,67108864,128,18,0.32176
run_20260922T232200Z,vector_add,67108864,128,19,0.321504
run_20260922T232200Z,vector_add,67108864,128,20,0.32208
run_20260922T232200Z,vector_add,67108864,128,21,0.32192
run_20260922T232200Z,vector_add,67108864,128,22,0.321856
run_20260922T232200Z,vector_add,67108864,128,23,0.322144
run_20260922T232200Z,vector_add,67108864,128,24,0.32176
run_20260922T232200Z,vector_add,67108864,128,25,0.321792
run_20260922T232200Z,vector_add,67108864,128,26,0.321664
run_20260922T232200Z,vector_add,67108864,128,27,0.3216
run_20260922T232200Z,vector_add,67108864,128,28,0.321632
run_20260922T232200Z,vector_add,67108864,128,29,0.321728
run_20260922T232200Z,vector_add,67108864,128,30,0.3224
run_20260922T232200Z,vector_add,67108864,128,31,0.322272
run_20260922T232200Z,vector_add,67108864,128,32,0.3216
run_20260922T232200Z,vector_add,67108864,128,33,0.321664
run_20260922T232200Z,vector_add,67108864,128,34,0.3216
run_20260922T232200Z,vector_add,67108864,128,35,0.321504
run_20260922T232200Z,vector_add,67108864,128,36,0.321792
run_20260922T232200Z,vector_add,67108864,128,37,0.3224
run_20260922T232200Z,vector_add,67108864,128,38,0.321824
run_20260922T232200Z,vector_add,67108864,128,39,0.3216
run_20260922T232200Z,vector_add,67108864,128,40,0.3216
run_20260922T232200Z,vector_add,67108864,128,41,0.321792
run_20260922T232200Z,vector_add,67108864,128,42,0.321728
run_20260922T232200Z,vector_add,67108864,128,43,0.321504
run_20260922T232200Z,vector_add,67108864,128,44,0.32208
run_20260922T232200Z,vector_add,67108864,128,45,0.321728
run_20260922T232200Z,vector_add,67108864,128,46,0.321696
run_20260922T232200Z,vector_add,67108864,128,47,0.321664
run_20260922T232200Z,vector_add,67108864,128,48,0.321856
run_20260922T232200Z,vector_add,67108864,128,49,0.321632
run_20260922T232200Z,vector_add,67108864,256,0,0.29168
run_20260922T232200Z,vector_add,67108864,256,1,0.290784
run_20260922T232200Z,vector_add,67108864,256,2,0.291168
run_20260922T232200Z,vector_add,67108864,256,3,0.290784
run_20260922T232200Z,vector_add,67108864,256,4,0.290784
run_20260922T232200Z,vector_add,67108864,256,5,0.29088
run_20260922T232200Z,vector_add,67108864,256,6,0.290752
run_20260922T232200Z,vector_add,67108864,256,7,0.290784
run_20260922T232200Z,vector_add,67108864,256,8,0.291008
run_20260922T232200Z,vector_add,67108864,256,9,0.29088
run_20260922T232200Z,vector_add,67108864,256,10,0.290784
run_20260922T232200Z,vector_add,67108864,256,11,0.29072
run_20260922T232200Z,vector_add,67108864,256,12,0.290528
run_20260922T232200Z,vector_add,67108864,256,13,0.290784
run_20260922T232200Z,vector_add,67108864,256,14,0.290752
run_20260922T232200Z,vector_add,67108864,256,15,0.290816
run_20260922T232200Z,vector_add,67108864,256,16,0.290816
run_20260922T232200Z,vector_add,67108864,256,17,0.29088
run_20260922T232200Z,vector_add,67108864,256,18,0.29088
run_20260922T232200Z,vector_add,67108864,256,19,0.290784
run_20260922T232200Z,vector_add,67108864,256,20,0.289536
run_20260922T232200Z,vector_add,67108864,256,21,0.289728
run_20260922T232200Z,vector_add,67108864,256,22,0.28992
run_20260922T232200Z,vector_add,67108864,256,23,0.289408
run_20260922T232200Z,vector_add,67108864,256,24,0.289568
run_20260922T232200Z,vector_add,67108864,256,25,0.290816
run_20260922T232200Z,vector_add,67108864,256,26,0.290656
run_20260922T232200Z,vector_add,67108864,256,27,0.29072
run_20260922T232200Z,vector_add,67108864,256,28,0.290848
run_20260922T232200Z,vector_add,67108864,256,29,0.290592
run_20260922T232200Z,vector_add,67108864,256,30,0.290688
run_20260922T232200Z,vector_add,67108864,256,31,0.290976
run_20260922T232200Z,vector_add,67108864,256,32,0.291424
run_20260922T232200Z,vector_add,67108864,256,33,0.290784
run_20260922T232200Z,vector_add,67108864,256,34,0.290784
run_20260922T232200Z,vector_add,67108864,256,35,0.290688
run_20260922T232200Z,vector_add,67108864,256,36,0.291616
run_20260922T232200Z,vector_add,67108864,256,37,0.29056
run_20260922T232200Z,vector_add,67108864,256,38,0.290656
run_20260922T232200Z,vector_add,67108864,256,39,0.290848
run_20260922T232200Z,vector_add,67108864,256,40,0.291072
run_20260922T232200Z,vector_add,67108864,256,41,0.290464
run_20260922T232200Z,vector_add,67108864,256,42,0.29072
run_20260922T232200Z,vector_add,67108864,256,43,0.290688
run_20260922T232200Z,vector_add,67108864,256,44,0.290464
run_20260922T232200Z,vector_add,67108864,256,45,0.290592
run_20260922T232200Z,vector_add,67108864,256,46,0.290912
run_20260922T232200Z,vector_add,67108864,256,47,0.290784
run_20260922T232200Z,vector_add,67108864,256,48,0.290784
run_20260922T232200Z,vector_add,67108864,256,49,0.29088
run_20260922T232200Z,vector_add,67108864,512,0,0.299296
run_20260922T232200Z,vector_add,67108864,512,1,0.29776
run_20260922T232200Z,vector_add,67108864,512,2,0.298784
run_20260922T232200Z,vector_add,67108864,512,3,0.298784
run_20260922T232200Z,vector_add,67108864,512,4,0.29872
run_20260922T232200Z,vector_add,67108864,512,5,0.298752
run_20260922T232200Z,vector_add,67108864,512,6,0.298464
run_20260922T232200Z,vector_add,67108864,512,7,0.29904
run_20260922T232200Z,vector_add,67108864,512,8,0.29904
run_20260922T232200Z,vector_add,67108864,512,9,0.298816
run_20260922T232200Z,vector_add,67108864,512,10,0.298624
run_20260922T232200Z,vector_add,67108864,512,11,0.298752
run_20260922T232200Z,vector_add,67108864,512,12,0.29872
run_20260922T232200Z,vector_add,67108864,512,13,0.298336
run_20260922T232200Z,vector_add,67108864,512,14,0.298656
run_20260922T232200Z,vector_add,67108864,512,15,0.298688
run_20260922T232200Z,vector_add,67108864,512,16,0.298912
run_20260922T232200Z,vector_add,67108864,512,17,0.298592
run_20260922T232200Z,vector_add,67108864,512,18,0.298528
run_20260922T232200Z,vector_add,67108864,512,19,0.297824
run_20260922T232200Z,vector_add,67108864,512,20,0.29968
run_20260922T232200Z,vector_add,67108864,512,21,0.29904
run_20260922T232200Z,vector_add,67108864,512,22,0.29872
run_20260922T232200Z,vector_add,67108864,512,23,0.298304
run_20260922T232200Z,vector_add,67108864,512,24,0.29856
run_20260922T232200Z,vector_add,67108864,512,25,0.298688
run_20260922T232200Z,vector_add,67108864,512,26,0.2984
run_20260922T232200Z,vector_add,67108864,512,27,0.298656
run_20260922T232200Z,vector_add,67108864,512,28,0.298816
run_20260922T232200Z,vector_add,67108864,512,29,0.298464
run_20260922T232200Z,vector_add,67108864,512,30,0.298624
run_20260922T232200Z,vector_add,67108864,512,31,0.299136
run_20260922T232200Z,vector_add,67108864,512,32,0.299552
run_20260922T232200Z,vector_add,67108864,512,33,0.2984
run_20260922T232200Z,vector_add,67108864,512,34,0.298624
run_20260922T232200Z,vector_add,67108864,512,35,0.298528
run_20260922T232200Z,vector_add,67108864,512,36,0.298336
run_20260922T232200Z,vector_add,67108864,512,37,0.297408
run_20260922T232200Z,vector_add,67108864,512,38,0.298848
run_20260922T232200Z,vector_add,67108864,512,39,0.298848
run_20260922T232200Z,vector_add,67108864,512,40,0.298496
run_20260922T232200Z,vector_add,67108864,512,41,0.298624
run_20260922T232200Z,vector_add,67108864,512,42,0.298688
run_20260922T232200Z,vector_add,67108864,512,43,0.298432
run_20260922T232200Z,vector_add,67108864,512,44,0.298432
run_20260922T232200Z,vector_add,67108864,512,45,0.298752
run_20260922T232200Z,vector_add,67108864,512,46,0.298592
run_20260922T232200Z,vector_add,67108864,512,47,0.298656
run_20260922T232200Z,vector_add,67108864,512,48,0.298688
run_20260922T232200Z,vector_add,67108864,512,49,0.298592
run_20260922T232200Z,memcpy_bandwidth,1048576,64,0,0.015456
run_20260922T232200Z,memcpy_bandwidth,1048576,64,1,0.014624
run_20260922T232200Z,memcpy_bandwidth,1048576,64,2,0.01488
run_20260922T232200Z,memcpy_bandwidth,1048576,64,3,0.014944
run_20260922T232200Z,memcpy_bandwidth,1048576,64,4,0.014784
run_20260922T232200Z,memcpy_bandwidth,1048576,64,5,0.0152
run_20260922T232200Z,memcpy_bandwidth,1048576,64,6,0.014432
run_20260922T232200Z,memcpy_bandwidth,1048576,64,7,0.014816
run_20260922T232200Z,memcpy_bandwidth,1048576,64,8,0.014624
run_20260922T232200Z,memcpy_bandwidth,1048576,64,9,0.014336
run_20260922T232200Z,memcpy_bandwidth,1048576,64,10,0.014368
run_20260922T232200Z,memcpy_bandwidth,1048576,64,11,0.01472
run_20260922T232200Z,memcpy_bandwidth,1048576,64,12,0.014976
run_20260922T232200Z,memcpy_bandwidth,1048576,64,13,0.014688
run_20260922T232200Z,memcpy_bandwidth,1048576,64,14,0.014368
run_20260922T232200Z,memcpy_bandwidth,1048576,64,15,0.014912
run_20260922T232200Z,memcpy_bandwidth,1048576,64,16,0.01456
run_20260922T232200Z,memcpy_bandwidth,1048576,64,17,0.014688
run_20260922T232200Z,memcpy_bandwidth,1048576,64,18,0.014848
run_20260922T232200Z,memcpy_bandwidth,1048576,64,19,0.014816
run_20260922T232200Z,memcpy_bandwidth,1048576,64,20,0.014592
run_20260922T232200Z,memcpy_bandwidth,1048576,64,21,0.014528
run_20260922T232200Z,memcpy_bandwidth,1048576,64,22,0.015392
run_20260922T232200Z,memcpy_bandwidth,1048576,64,23,0.014976
run_20260922T232200Z,memcpy_bandwidth,1048576,64,24,0.014848
run_20260922T232200Z,memcpy_bandwidth,1048576,64,25,0.014944
run_20260922T232200Z,memcpy_bandwidth,1048576,64,26,0.014688
run_20260922T232200Z,memcpy_bandwidth,1048576,64,27,0.014784
run_20260922T232200Z,memcpy_bandwidth,1048576,64,28,0.01504
run_20260922T232200Z,memcpy_bandwidth,1048576,64,29,0.014592
run_20260922T232200Z,memcpy_bandwidth,1048576,64,30,0.014688
run_20260922T232200Z,memcpy_bandwidth,1048576,64,31,0.014784
run_20260922T232200Z,memcpy_bandwidth,1048576,64,32,0.01488
run_20260922T232200Z,memcpy_bandwidth,1048576,64,33,0.01472
run_20260922T232200Z,memcpy_bandwidth,1048576,64,34,0.014464
run_20260922T232200Z,memcpy_bandwidth,1048576,64,35,0.014976
run_20260922T232200Z,memcpy_bandwidth,1048576,64,36,0.014656
run_20260922T232200Z,memcpy_bandwidth,1048576,64,37,0.01472
run_20260922T232200Z,memcpy_bandwidth,1048576,64,38,0.014944
run_20260922T232200Z,memcpy_bandwidth,1048576,64,39,0.014912
run_20260922T232200Z,memcpy_bandwidth,1048576,64,40,0.01472
run_20260922T232200Z,memcpy_bandwidth,1048576,64,41,0.014752
run_20260922T232200Z,memcpy_bandwidth,1048576,64,42,0.014592
run_20260922T232200Z,memcpy_bandwidth,1048576,64,43,0.01456
run_20260922T232200Z,memcpy_bandwidth,1048576,64,44,0.014688
run_20260922T232200Z,memcpy_bandwidth,1048576,64,45,0.015072
run_20260922T232200Z,memcpy_bandwidth,1048576,64,46,0.014464
run_20260922T232200Z,memcpy_bandwidth,1048576,64,47,0.014784
run_20260922T232200Z,memcpy_bandwidth,1048576,64,48,0.015328
run_20260922T232200Z,memcpy_bandwidth,1048576,64,49,0.014432
run_20260922T232200Z,memcpy_bandwidth,1048576,128,0,0.010912
run_20260922T232200Z,memcpy_bandwidth,1048576,128,1,0.009696
run_20260922T232200Z,memcpy_bandwidth,1048576,128,2,0.009824
run_20260922T232200Z,memcpy_bandwidth,1048576,128,3,0.01008
run_20260922T232200Z,memcpy_bandwidth,1048576,128,4,0.009856
run_20260922T232200Z,memcpy_bandwidth,1048576,128,5,0.010176
run_20260922T232200Z,memcpy_bandwidth,1048576,128,6,0.009728
run_20260922T232200Z,memcpy_bandwidth,1048576,128,7,0.01008
run_20260922T232200Z,memcpy_bandwidth,1048576,128,8,0.00992
run_20260922T232200Z,memcpy_bandwidth,1048576,128,9,0.009664
run_20260922T232200Z,memcpy_bandwidth,1048576,128,10,0.009728
run_20260922T232200Z,memcpy_bandwidth,1048576,128,11,0.009824
run_20260922T232200Z,memcpy_bandwidth,1048576,128,12,0.010016
run_20260922T232200Z,memcpy_bandwidth,1048576,128,13,0.0096
run_20260922T232200Z,memcpy_bandwidth,1048576,128,14,0.009792
run_20260922T232200Z,memcpy_bandwidth,1048576,128,15,0.010304
run_20260922T232200Z,memcpy_bandwidth,1048576,128,16,0.009888
run_20260922T232200Z,memcpy_bandwidth,1048576,128,17,0.009952
run_20260922T232200Z,memcpy_bandwidth,1048576,128,18,0.010016
run_20260922T232200Z,memcpy_bandwidth,1048576,128,19,0.010112
run_20260922T232200Z,memcpy_bandwidth,1048576,128,20,0.009536
run_20260922T232200Z,memcpy_bandwidth,1048576,128,21,0.009792
run_20260922T232200Z,memcpy_bandwidth,1048576,128,22,0.010112
run_20260922T232200Z,memcpy_bandwidth,1048576,128,23,0.010016
run_20260922T232200Z,memcpy_bandwidth,1048576,128,24,0.010112
run_20260922T232200Z,memcpy_bandwidth,1048576,128,25,0.009952
run_20260922T232200Z,memcpy_bandwidth,1048576,128,26,0.009568
run_20260922T232200Z,memcpy_bandwidth,1048576,128,27,0.009984
run_20260922T232200Z,memcpy_bandwidth,1048576,128,28,0.010624
run_20260922T232200Z,memcpy_bandwidth,1048576,128,29,0.009728
run_20260922T232200Z,memcpy_bandwidth,1048576,128,30,0.00992
run_20260922T232200Z,memcpy_bandwidth,1048576,128,31,0.010112
run_20260922T232200Z,memcpy_bandwidth,1048576,128,32,0.010048
run_20260922T232200Z,memcpy_bandwidth,1048576,128,33,0.009696
run_20260922T232200Z,memcpy_bandwidth,1048576,128,34,0.009504
run_20260922T232200Z,memcpy_bandwidth,1048576,128,35,0.010304
run_20260922T232200Z,memcpy_bandwidth,1048576,128,36,0.009856
run_20260922T232200Z,memcpy_bandwidth,1048576,128,37,0.009696
run_20260922T232200Z,memcpy_bandwidth,1048576,128,38,0.00992
run_20260922T232200Z,memcpy_bandwidth,1048576,128,39,0.010112
run_20260922T232200Z,memcpy_bandwidth,1048576,128,40,0.00976
run_20260922T232200Z,memcpy_bandwidth,1048576,128,41,0.009824
run_20260922T232200Z,memcpy_bandwidth,1048576,128,42,0.009696
run_20260922T232200Z,memcpy_bandwidth,1048576,128,43,0.009824
run_20260922T232200Z,memcpy_bandwidth,1048576,128,44,0.009696
run_20260922T232200Z,memcpy_bandwidth,1048576,128,45,0.009696
run_20260922T232200Z,memcpy_bandwidth,1048576,128,46,0.00992
run_20260922T232200Z,memcpy_bandwidth,1048576,128,47,0.00992
run_20260922T232200Z,memcpy_bandwidth,1048576,128,48,0.009952
run_20260922T232200Z,memcpy_bandwidth,1048576,128,49,0.009824
run_20260922T232200Z,memcpy_bandwidth,1048576,256,0,0.008544
run_20260922T232200Z,memcpy_bandwidth,1048576,256,1,0.007424
run_20260922T232200Z,memcpy_bandwidth,1048576,256,2,0.007552
run_20260922T232200Z,memcpy_bandwidth,1048576,256,3,0.00752
run_20260922T232200Z,memcpy_bandwidth,1048576,256,4,0.007296
run_20260922T232200Z,memcpy_bandwidth,1048576,256,5,0.007968
run_20260922T232200Z,memcpy_bandwidth,1048576,256,6,0.007264
run_20260922T232200Z,memcpy_bandwidth,1048576,256,7,0.007552
run_20260922T232200Z,memcpy_bandwidth,1048576,256,8,0.007232
run_20260922T232200Z,memcpy_bandwidth,1048576,256,9,0.007424
run_20260922T232200Z,memcpy_bandwidth,1048576,256,10,0.0072
run_20260922T232200Z,memcpy_bandwidth,1048576,256,11,0.007424
run_20260922T232200Z,memcpy_bandwidth,1048576,256,12,0.007584
run_20260922T232200Z,memcpy_bandwidth,1048576,256,13,0.007264
run_20260922T232200Z,memcpy_bandwidth,1048576,256,14,0.007264
run_20260922T232200Z,memcpy_bandwidth,1048576,256,15,0.007744
run_20260922T232200Z,memcpy_bandwidth,1048576,256,16,0.00736
run_20260922T232200Z,memcpy_bandwidth,1048576,256,17,0.007168
run_20260922T232200Z,memcpy_bandwidth,1048576,256,18,0.007328
run_20260922T232200Z,memcpy_bandwidth,1048576,256,19,0.007456
run_20260922T232200Z,memcpy_bandwidth,1048576,256,20,0.00736
run_20260922T232200Z,memcpy_bandwidth,1048576,256,21,0.007328
run_20260922T232200Z,memcpy_bandwidth,1048576,256,22,0.007968
run_20260922T232200Z,memcpy_bandwidth,1048576,256,23,0.007264
run_20260922T232200Z,memcpy_bandwidth,1048576,256,24,0.007296
run_20260922T232200Z,memcpy_bandwidth,1048576,256,25,0.007456
run_20260922T232200Z,memcpy_bandwidth,1048576,256,26,0.007232
run_20260922T232200Z,memcpy_bandwidth,1048576,256,27,0.007424
run_20260922T232200Z,memcpy_bandwidth,1048576,256,28,0.008
run_20260922T232200Z,memcpy_bandwidth,1048576,256,29,0.012128
run_20260922T232200Z,memcpy_bandwidth,1048576,256,30,0.00704
run_20260922T232200Z,memcpy_bandwidth,1048576,256,31,0.0072
run_20260922T232200Z,memcpy_bandwidth,1048576,256,32,0.00752
run_20260922T232200Z,memcpy_bandwidth,1048576,256,33,0.007232
run_20260922T232200Z,memcpy_bandwidth,1048576,256,34,0.00704
run_20260922T232200Z,memcpy_bandwidth,1048576,256,35,0.007776
run_20260922T232200Z,memcpy_bandwidth,1048576,256,36,0.007136
run_20260922T232200Z,memcpy_bandwidth,1048576,256,37,0.007296
run_20260922T232200Z,memcpy_bandwidth,1048576,256,38,0.007424
run_20260922T232200Z,memcpy_bandwidth,1048576,256,39,0.00736
run_20260922T232200Z,memcpy_bandwidth,1048576,256,40,0.007264
run_20260922T232200Z,memcpy_bandwidth,1048576,256,41,0.007264
run_20260922T232200Z,memcpy_bandwidth,1048576,256,42,0.007552
run_20260922T232200Z,memcpy_bandwidth,1048576,256,43,0.007456
run_20260922T232200Z,memcpy_bandwidth,1048576,256,44,0.007104
run_20260922T232200Z,memcpy_bandwidth,1048576,256,45,0.00752
run_20260922T232200Z,memcpy_bandwidth,1048576,256,46,0.00736
run_20260922T232200Z,memcpy_bandwidth,1048576,256,47,0.007328
run_20260922T232200Z,memcpy_bandwidth,1048576,256,48,0.007808
run_20260922T232200Z,memcpy_bandwidth,1048576,256,49,0.007104
run_20260922T232200Z,memcpy_bandwidth,1048576,512,0,0.007712
run_20260922T232200Z,memcpy_bandwidth,1048576,512,1,0.006528
run_20260922T232200Z,memcpy_bandwidth,1048576,512,2,0.006752
run_20260922T232200Z,memcpy_bandwidth,1048576,512,3,0.006784
run_20260922T232200Z,memcpy_bandwidth,1048576,512,4,0.00672
run_20260922T232200Z,memcpy_bandwidth,1048576,512,5,0.006688
run_20260922T232200Z,memcpy_bandwidth,1048576,512,6,0.006592
run_20260922T232200Z,memcpy_bandwidth,1048576,512,7,0.006656
run_20260922T232200Z,memcpy_bandwidth,1048576,512,8,0.00656
run_20260922T232200Z,memcpy_bandwidth,1048576,512,9,0.00672
run_20260922T232200Z,memcpy_bandwidth,1048576,512,10,0.0064
run_20260922T232200Z,memcpy_bandwidth,1048576,512,11,0.006656
run_20260922T232200Z,memcpy_bandwidth,1048576,512,12,0.00672
run_20260922T232200Z,memcpy_bandwidth,1048576,512,13,0.006464
run_20260922T232200Z,memcpy_bandwidth,1048576,512,14,0.006688
run_20260922T232200Z,memcpy_bandwidth,1048576,512,15,0.016544
run_20260922T232200Z,memcpy_bandwidth,1048576,512,16,0.006656
run_20260922T232200Z,memcpy_bandwidth,1048576,512,17,0.00656
run_20260922T232200Z,memcpy_bandwidth,1048576,512,18,0.006592
run_20260922T232200Z,memcpy_bandwidth,1048576,512,19,0.00672
run_20260922T232200Z,memcpy_bandwidth,1048576,512,20,0.0064
run_20260922T232200Z,memcpy_bandwidth,1048576,512,21,0.0064
run_20260922T232200Z,memcpy_bandwidth,1048576,512,22,0.006976
run_20260922T232200Z,memcpy_bandwidth,1048576,512,23,0.00672
run_20260922T232200Z,memcpy_bandwidth,1048576,512,24,0.006752
run_20260922T232200Z,memcpy_bandwidth,1048576,512,25,0.00688
run_20260922T232200Z,memcpy_bandwidth,1048576,512,26,0.006528
run_20260922T232200Z,memcpy_bandwidth,1048576,512,27,0.006816
run_20260922T232200Z,memcpy_bandwidth,1048576,512,28,0.007072
run_20260922T232200Z,memcpy_bandwidth,1048576,512,29,0.00656
run_20260922T232200Z,memcpy_bandwidth,1048576,512,30,0.006592
run_20260922T232200Z,memcpy_bandwidth,1048576,512,31,0.006528
run_20260922T232200Z,memcpy_bandwidth,1048576,512,32,0.00672
run_20260922T232200Z,memcpy_bandwidth,1048576,512,33,0.006912
run_20260922T232200Z,memcpy_bandwidth,1048576,512,34,0.006528
run_20260922T232200Z,memcpy_bandwidth,1048576,512,35,0.006944
run_20260922T232200Z,memcpy_bandwidth,1048576,512,36,0.006496
run_20260922T232200Z,memcpy_bandwidth,1048576,512,37,0.006496
run_20260922T232200Z,memcpy_bandwidth,1048576,512,38,0.006656
run_20260922T232200Z,memcpy_bandwidth,1048576,512,39,0.006656
run_20260922T232200Z,memcpy_bandwidth,1048576,512,40,0.006592
run_20260922T232200Z,memcpy_bandwidth,1048576,512,41,0.00656
run_20260922T232200Z,memcpy_bandwidth,1048576,512,42,0.006624
run_20260922T232200Z,memcpy_bandwidth,1048576,512,43,0.0064
run_20260922T232200Z,memcpy_bandwidth,1048576,512,44,0.006624
run_20260922T232200Z,memcpy_bandwidth,1048576,512,45,0.00672
run_20260922T232200Z,memcpy_bandwidth,1048576,512,46,0.006592
run_20260922T232200Z,memcpy_bandwidth,1048576,512,47,0.00656
run_20260922T232200Z,memcpy_bandwidth,1048576,512,48,0.00704
run_20260922T232200Z,memcpy_bandwidth,1048576,512,49,0.006592
run_20260922T232200Z,memcpy_bandwidth,4194304,64,0,0.045184
run_20260922T232200Z,memcpy_bandwidth,4194304,64,1,0.044192
run_20260922T232200Z,memcpy_bandwidth,4194304,64,2,0.04432
run_20260922T232200Z,memcpy_bandwidth,4194304,64,3,0.044416
run_20260922T232200Z,memcpy_bandwidth,4194304,64,4,0.044224
run_20260922T232200Z,memcpy_bandwidth,4194304,64,5,0.04448
run_20260922T232200Z,memcpy_bandwidth,4194304,64,6,0.044256
run_20260922T232200Z,memcpy_bandwidth,4194304,64,7,0.044256
run_20260922T232200Z,memcpy_bandwidth,4194304,64,8,0.044608
run_20260922T232200Z,memcpy_bandwidth,4194304,64,9,0.044224
run_20260922T232200Z,memcpy_bandwidth,4194304,64,10,0.044096
run_20260922T232200Z,memcpy_bandwidth,4194304,64,11,0.04416
run_20260922T232200Z,memcpy_bandwidth,4194304,64,12,0.045216
run_20260922T232200Z,memcpy_bandwidth,4194304,64,13,0.044128
run_20260922T232200Z,memcpy_bandwidth,4194304,64,14,0.044224
run_20260922T232200Z,memcpy_bandwidth,4194304,64,15,0.044576
run_20260922T232200Z,memcpy_bandwidth,4194304,64,16,0.044224
run_20260922T232200Z,memcpy_bandwidth,4194304,64,17,0.044288
run_20260922T232200Z,memcpy_bandwidth,4194304,64,18,0.044384
run_20260922T232200Z,memcpy_bandwidth,4194304,64,19,0.044352
run_20260922T232200Z,memcpy_bandwidth,4194304,64,20,0.044384
run_20260922T232200Z,memcpy_bandwidth,4194304,64,21,0.044256
run_20260922T232200Z,memcpy_bandwidth,4194304,64,22,0.044832
run_20260922T232200Z,memcpy_bandwidth,4194304,64,23,0.044352
run_20260922T232200Z,memcpy_bandwidth,4194304,64,24,0.044288
run_20260922T232200Z,memcpy_bandwidth,4194304,64,25,0.04448
run_20260922T232200Z,memcpy_bandwidth,4194304,64,26,0.044256
run_20260922T232200Z,memcpy_bandwidth,4194304,64,27,0.044128
run_20260922T232200Z,memcpy_bandwidth,4194304,64,28,0.04448
run_20260922T232200Z,memcpy_bandwidth,4194304,64,29,0.04432
run_20260922T232200Z,memcpy_bandwidth,4194304,64,30,0.044608
run_20260922T232200Z,memcpy_bandwidth,4194304,64,31,0.04448
run_20260922T232200Z,memcpy_bandwidth,4194304,64,32,0.04448
run_20260922T232200Z,memcpy_bandwidth,4194304,64,33,0.04432
run_20260922T232200Z,memcpy_bandwidth,4194304,64,34,0.044256
run_20260922T232200Z,memcpy_bandwidth,4194304,64,35,0.044512
run_20260922T232200Z,memcpy_bandwidth,4194304,64,36,0.044288
run_20260922T232200Z,memcpy_bandwidth,4194304,64,37,0.044032
run_20260922T232200Z,memcpy_bandwidth,4194304,64,38,0.044832
run_20260922T232200Z,memcpy_bandwidth,4194304,64,39,0.044416
run_20260922T232200Z,memcpy_bandwidth,4194304,64,40,0.045056
run_20260922T232200Z,memcpy_bandwidth,4194304,64,41,0.044352
run_20260922T232200Z,memcpy_bandwidth,4194304,64,42,0.044224
run_20260922T232200Z,memcpy_bandwidth,4194304,64,43,0.044576
run_20260922T232200Z,memcpy_bandwidth,4194304,64,44,0.044288
run_20260922T232200Z,memcpy_bandwidth,4194304,64,45,0.044352
run_20260922T232200Z,memcpy_bandwidth,4194304,64,46,0.044416
run_20260922T232200Z,memcpy_bandwidth,4194304,64,47,0.044448
run_20260922T232200Z,memcpy_bandwidth,4194304,64,48,0.044736
run_20260922T232200Z,memcpy_bandwidth,4194304,64,49,0.044256
run_20260922T232200Z,memcpy_bandwidth,4194304,128,0,0.025376
run_20260922T232200Z,memcpy_bandwidth,4194304,128,1,0.024736
run_20260922T232200Z,memcpy_bandwidth,4194304,128,2,0.024832
run_20260922T232200Z,memcpy_bandwidth,4194304,128,3,0.024992
run_20260922T232200Z,memcpy_bandwidth,4194304,128,4,0.0248
run_20260922T232200Z,memcpy_bandwidth,4194304,128,5,0.025056
run_20260922T232200Z,memcpy_bandwidth,4194304,128,6,0.024576
run_20260922T232200Z,memcpy_bandwidth,4194304,128,7,0.024992
run_20260922T232200Z,memcpy_bandwidth,4194304,128,8,0.024704
run_20260922T232200Z,memcpy_bandwidth,4194304,128,9,0.024576
run_20260922T232200Z,memcpy_bandwidth,4194304,128,10,0.024544
run_20260922T232200Z,memcpy_bandwidth,4194304,128,11,0.02464
run_20260922T232200Z,memcpy_bandwidth,4194304,128,12,0.024864
run_20260922T232200Z,memcpy_bandwidth,4194304,128,13,0.024416
run_20260922T232200Z,memcpy_bandwidth,4194304,128,14,0.024608
run_20260922T232200Z,memcpy_bandwidth,4194304,128,15,0.025152
run_20260922T232200Z,memcpy_bandwidth,4194304,128,16,0.02464
run_20260922T232200Z,memcpy_bandwidth,4194304,128,17,0.024512
run_20260922T232200Z,memcpy_bandwidth,4194304,128,18,0.024672
run_20260922T232200Z,memcpy_bandwidth,4194304,128,19,0.02464
run_20260922T232200Z,memcpy_bandwidth,4194304,128,20,0.024448
run_20260922T232200Z,memcpy_bandwidth,4194304,128,21,0.024544
run_20260922T232200Z,memcpy_bandwidth,4194304,128,22,0.025312
run_20260922T232200Z,memcpy_bandwidth,4194304,128,23,0.02448
run_20260922T232200Z,memcpy_bandwidth,4194304,128,24,0.024736
run_20260922T232200Z,memcpy_bandwidth,4194304,128,25,0.024832
run_20260922T232200Z,memcpy_bandwidth,4194304,128,26,0.02448
run_20260922T232200Z,memcpy_bandwidth,4194304,128,27,0.025056
run_20260922T232200Z,memcpy_bandwidth,4194304,128,28,0.02512
run_20260922T232200Z,memcpy_bandwidth,4194304,128,29,0.02432
run_20260922T232200Z,memcpy_bandwidth,4194304,128,30,0.024608
run_20260922T232200Z,memcpy_bandwidth,4194304,128,31,0.02448
run_20260922T232200Z,memcpy_bandwidth,4194304,128,32,0.024864
run_20260922T232200Z,memcpy_bandwidth,4194304,128,33,0.024448
run_20260922T232200Z,memcpy_bandwidth,4194304,128,34,0.024544
run_20260922T232200Z,memcpy_bandwidth,4194304,128,35,0.02496
run_20260922T232200Z,memcpy_bandwidth,4194304,128,36,0.024512
run_20260922T232200Z,memcpy_bandwidth,4194304,128,37,0.02448
run_20260922T232200Z,memcpy_bandwidth,4194304,128,38,0.025088
run_20260922T232200Z,memcpy_bandwidth,4194304,128,39,0.024736
run_20260922T232200Z,memcpy_bandwidth,4194304,128,40,0.024608
run_20260922T232200Z,memcpy_bandwidth,4194304,128,41,0.024736
run_20260922T232200Z,memcpy_bandwidth,4194304,128,42,0.024512
run_20260922T232200Z,memcpy_bandwidth,4194304,128,43,0.02448
run_20260922T232200Z,memcpy_bandwidth,4194304,128,44,0.024576
run_20260922T232200Z,memcpy_bandwidth,4194304,128,45,0.024864
run_20260922T232200Z,memcpy_bandwidth,4194304,128,46,0.024608
run_20260922T232200Z,memcpy_bandwidth,4194304,128,47,0.024704
run_20260922T232200Z,memcpy_bandwidth,4194304,128,48,0.025088
run_20260922T232200Z,memcpy_bandwidth,4194304,128,49,0.024832
run_20260922T232200Z,memcpy_bandwidth,4194304,256,0,0.015744
run_20260922T232200Z,memcpy_bandwidth,4194304,256,1,0.015168
run_20260922T232200Z,memcpy_bandwidth,4194304,256,2,0.015008
run_20260922T232200Z,memcpy_bandwidth,4194304,256,3,0.01536
run_20260922T232200Z,memcpy_bandwidth,4194304,256,4,0.015072
run_20260922T232200Z,memcpy_bandwidth,4194304,256,5,0.015456
run_20260922T232200Z,memcpy_bandwidth,4194304,256,6,0.015008
run_20260922T232200Z,memcpy_bandwidth,4194304,256,7,0.01552
run_20260922T232200Z,memcpy_bandwidth,4194304,256,8,0.014944
run_20260922T232200Z,memcpy_bandwidth,4194304,256,9,0.01504
run_20260922T232200Z,memcpy_bandwidth,4194304,256,10,0.014944
run_20260922T232200Z,memcpy_bandwidth,4194304,256,11,0.015136
run_20260922T232200Z,memcpy_bandwidth,4194304,256,12,0.0152
run_20260922T232200Z,memcpy_bandwidth,4194304,256,13,0.01488
run_20260922T232200Z,memcpy_bandwidth,4194304,256,14,0.01504
run_20260922T232200Z,memcpy_bandwidth,4194304,256,15,0.01536
run_20260922T232200Z,memcpy_bandwidth,4194304,256,16,0.014848
run_20260922T232200Z,memcpy_bandwidth,4194304,256,17,0.014912
run_20260922T232200Z,memcpy_bandwidth,4194304,256,18,0.015072
run_20260922T232200Z,memcpy_bandwidth,4194304,256,19,0.015232
run_20260922T232200Z,memcpy_bandwidth,4194304,256,20,0.01504
run_20260922T232200Z,memcpy_bandwidth,4194304,256,21,0.01488
run_20260922T232200Z,memcpy_bandwidth,4194304,256,22,0.015328
run_20260922T232200Z,memcpy_bandwidth,4194304,256,23,0.015072
run_20260922T232200Z,memcpy_bandwidth,4194304,256,24,0.01488
run_20260922T232200Z,memcpy_bandwidth,4194304,256,25,0.015104
run_20260922T232200Z,memcpy_bandwidth,4194304,256,26,0.015008
run_20260922T232200Z,memcpy_bandwidth,4194304,256,27,0.015264
run_20260922T232200Z,memcpy_bandwidth,4194304,256,28,0.015136
run_20260922T232200Z,memcpy_bandwidth,4194304,256,29,0.014816
run_20260922T232200Z,memcpy_bandwidth,4194304,256,30,0.0152
run_20260922T232200Z,memcpy_bandwidth,4194304,256,31,0.015104
run_20260922T232200Z,memcpy_bandwidth,4194304,256,32,0.015104
run_20260922T232200Z,memcpy_bandwidth,4194304,256,33,0.014976
run_20260922T232200Z,memcpy_bandwidth,4194304,256,34,0.01472
run_20260922T232200Z,memcpy_bandwidth,4194304,256,35,0.015488
run_20260922T232200Z,memcpy_bandwidth,4194304,256,36,0.015072
run_20260922T232200Z,memcpy_bandwidth,4194304,256,37,0.014912
run_20260922T232200Z,memcpy_bandwidth,4194304,256,38,0.015296
run_20260922T232200Z,memcpy_bandwidth,4194304,256,39,0.01488
run_20260922T232200Z,memcpy_bandwidth,4194304,256,40,0.014944
run_20260922T232200Z,memcpy_bandwidth,4194304,256,41,0.01488
run_20260922T232200Z,memcpy_bandwidth,4194304,256,42,0.01504
run_20260922T232200Z,memcpy_bandwidth,4194304,256,43,0.015104
run_20260922T232200Z,memcpy_bandwidth,4194304,256,44,0.015072
run_20260922T232200Z,memcpy_bandwidth,4194304,256,45,0.0152
run_20260922T232200Z,memcpy_bandwidth,4194304,256,46,0.01504
run_20260922T232200Z,memcpy_bandwidth,4194304,256,47,0.01536
run_20260922T232200Z,memcpy_bandwidth,4194304,256,48,0.015648
run_20260922T232200Z,memcpy_bandwidth,4194304,256,49,0.015168
run_20260922T232200Z,memcpy_bandwidth,4194304,512,0,0.014048
run_20260922T232200Z,memcpy_bandwidth,4194304,512,1,0.013504
run_20260922T232200Z,memcpy_bandwidth,4194304,512,2,0.013952
run_20260922T232200Z,memcpy_bandwidth,4194304,512,3,0.013664
run_20260922T232200Z,memcpy_bandwidth,4194304,512,4,0.013632
run_20260922T232200Z,memcpy_bandwidth,4194304,512,5,0.013984
run_20260922T232200Z,memcpy_bandwidth,4194304,512,6,0.013536
run_20260922T232200Z,memcpy_bandwidth,4194304,512,7,0.013408
run_20260922T232200Z,memcpy_bandwidth,4194304,512,8,0.013376
run_20260922T232200Z,memcpy_bandwidth,4194304,512,9,0.01344
run_20260922T232200Z,memcpy_bandwidth,4194304,512,10,0.013248
run_20260922T232200Z,memcpy_bandwidth,4194304,512,11,0.013696
run_20260922T232200Z,memcpy_bandwidth,4194304,512,12,0.014048
run_20260922T232200Z,memcpy_bandwidth,4194304,512,13,0.01344
run_20260922T232200Z,memcpy_bandwidth,4194304,512,14,0.013472
run_20260922T232200Z,memcpy_bandwidth,4194304,512,15,0.014432
run_20260922T232200Z,memcpy_bandwidth,4194304,512,16,0.013408
run_20260922T232200Z,memcpy_bandwidth,4194304,512,17,0.01344
run_20260922T232200Z,memcpy_bandwidth,4194304,512,18,0.013696
run_20260922T232200Z,memcpy_bandwidth,4194304,512,19,0.013568
run_20260922T232200Z,memcpy_bandwidth,4194304,512,20,0.013504
run_20260922T232200Z,memcpy_bandwidth,4194304,512,21,0.013568
run_20260922T232200Z,memcpy_bandwidth,4194304,512,22,0.01408
run_20260922T232200Z,memcpy_bandwidth,4194304,512,23,0.013888
run_20260922T232200Z,memcpy_bandwidth,4194304,512,24,0.013728
run_20260922T232200Z,memcpy_bandwidth,4194304,512,25,0.0136
run_20260922T232200Z,memcpy_bandwidth,4194304,512,26,0.013344
run_20260922T232200Z,memcpy_bandwidth,4194304,512,27,0.01376
run_20260922T232200Z,memcpy_bandwidth,4194304,512,28,0.013696
run_20260922T232200Z,memcpy_bandwidth,4194304,512,29,0.013504
run_20260922T232200Z,memcpy_bandwidth,4194304,512,30,0.0136
run_20260922T232200Z,memcpy_bandwidth,4194304,512,31,0.013824
run_20260922T232200Z,memcpy_bandwidth,4194304,512,32,0.013792
run_20260922T232200Z,memcpy_bandwidth,4194304,512,33,0.0136
run_20260922T232200Z,memcpy_bandwidth,4194304,512,34,0.013344
run_20260922T232200Z,memcpy_bandwidth,4194304,512,35,0.013824
run_20260922T232200Z,memcpy_bandwidth,4194304,512,36,0.013312
run_20260922T232200Z,memcpy_bandwidth,4194304,512,37,0.01328
run_20260922T232200Z,memcpy_bandwidth,4194304,512,38,0.013696
run_20260922T232200Z,memcpy_bandwidth,4194304,512,39,0.013568
run_20260922T232200Z,memcpy_bandwidth,4194304,512,40,0.013664
run_20260922T232200Z,memcpy_bandwidth,4194304,512,41,0.013728
run_20260922T232200Z,memcpy_bandwidth,4194304,512,42,0.01312
run_20260922T232200Z,memcpy_bandwidth,4194304,512,43,0.013632
run_20260922T232200Z,memcpy_bandwidth,4194304,512,44,0.013568
run_20260922T232200Z,memcpy_bandwidth,4194304,512,45,0.01376
run_20260922T232200Z,memcpy_bandwidth,4194304,512,46,0.013504
run_20260922T232200Z,memcpy_bandwidth,4194304,512,47,0.013664
run_20260922T232200Z,memcpy_bandwidth,4194304,512,48,0.01392
run_20260922T232200Z,memcpy_bandwidth,4194304,512,49,0.013728
run_20260922T232200Z,memcpy_bandwidth,16777216,64,0,0.163488
run_20260922T232200Z,memcpy_bandwidth,16777216,64,1,0.162752
run_20260922T232200Z,memcpy_bandwidth,16777216,64,2,0.162784
run_20260922T232200Z,memcpy_bandwidth,16777216,64,3,0.16288
run_20260922T232200Z,memcpy_bandwidth,16777216,64,4,0.16256
run_20260922T232200Z,memcpy_bandwidth,16777216,64,5,0.163168
run_20260922T232200Z,memcpy_bandwidth,16777216,64,6,0.162592
run_20260922T232200Z,memcpy_bandwidth,16777216,64,7,0.162528
run_20260922T232200Z,memcpy_bandwidth,16777216,64,8,0.162592
run_20260922T232200Z,memcpy_bandwidth,16777216,64,9,0.162816
run_20260922T232200Z,memcpy_bandwidth,16777216,64,10,0.16272
run_20260922T232200Z,memcpy_bandwidth,16777216,64,11,0.162528
run_20260922T232200Z,memcpy_bandwidth,16777216,64,12,0.162752
run_20260922T232200Z,memcpy_bandwidth,16777216,64,13,0.162592
run_20260922T232200Z,memcpy_bandwidth,16777216,64,14,0.162912
run_20260922T232200Z,memcpy_bandwidth,16777216,64,15,0.162912
run_20260922T232200Z,memcpy_bandwidth,16777216,64,16,0.162656
run_20260922T232200Z,memcpy_bandwidth,16777216,64,17,0.162688
run_20260922T232200Z,memcpy_bandwidth,16777216,64,18,0.162976
run_20260922T232200Z,memcpy_bandwidth,16777216,64,19,0.162464
run_20260922T232200Z,memcpy_bandwidth,16777216,64,20,0.162464
run_20260922T232200Z,memcpy_bandwidth,16777216,64,21,0.16256
run_20260922T232200Z,memcpy_bandwidth,16777216,64,22,0.1632
run_20260922T232200Z,memcpy_bandwidth,16777216,64,23,0.162496
run_20260922T232200Z,memcpy_bandwidth,16777216,64,24,0.162656
run_20260922T232200Z,memcpy_bandwidth,16777216,64,25,0.16272
run_20260922T232200Z,memcpy_bandwidth,16777216,64,26,0.162528
run_20260922T232200Z,memcpy_bandwidth,16777216,64,27,0.162432
run_20260922T232200Z,memcpy_bandwidth,16777216,64,28,0.163264
run_20260922T232200Z,memcpy_bandwidth,16777216,64,29,0.162464
run_20260922T232200Z,memcpy_bandwidth,16777216,64,30,0.162688
run_20260922T232200Z,memcpy_bandwidth,16777216,64,31,0.16256
run_20260922T232200Z,memcpy_bandwidth,16777216,64,32,0.162592
run_20260922T232200Z,memcpy_bandwidth,16777216,64,33,0.162432
run_20260922T232200Z,memcpy_bandwidth,16777216,64,34,0.162688
run_20260922T232200Z,memcpy_bandwidth,16777216,64,35,0.1624
run_20260922T232200Z,memcpy_bandwidth,16777216,64,36,0.162656
run_20260922T232200Z,memcpy_bandwidth,16777216,64,37,0.16256
run_20260922T232200Z,memcpy_bandwidth,16777216,64,38,0.16288
run_20260922T232200Z,memcpy_bandwidth,16777216,64,39,0.162656
run_20260922T232200Z,memcpy_bandwidth,16777216,64,40,0.162752
run_20260922T232200Z,memcpy_bandwidth,16777216,64,41,0.162624
run_20260922T232200Z,memcpy_bandwidth,16777216,64,42,0.162592
run_20260922T232200Z,memcpy_bandwidth,16777216,64,43,0.162496
run_20260922T232200Z,memcpy_bandwidth,16777216,64,44,0.162624
run_20260922T232200Z,memcpy_bandwidth,16777216,64,45,0.162528
run_20260922T232200Z,memcpy_bandwidth,16777216,64,46,0.16256
run_20260922T232200Z,memcpy_bandwidth,16777216,64,47,0.16256
run_20260922T232200Z,memcpy_bandwidth,16777216,64,48,0.162688
run_20260922T232200Z,memcpy_bandwidth,16777216,64,49,0.162656
run_20260922T232200Z,memcpy_bandwidth,16777216,128,0,0.085056
run_20260922T232200Z,memcpy_bandwidth,16777216,128,1,0.084
run_20260922T232200Z,memcpy_bandwidth,16777216,128,2,0.084
run_20260922T232200Z,memcpy_bandwidth,16777216,128,3,0.084416
run_20260922T232200Z,memcpy_bandwidth,16777216,128,4,0.088544
run_20260922T232200Z,memcpy_bandwidth,16777216,128,5,0.08448
run_20260922T232200Z,memcpy_bandwidth,16777216,128,6,0.084224
run_20260922T232200Z,memcpy_bandwidth,16777216,128,7,0.084192
run_20260922T232200Z,memcpy_bandwidth,16777216,128,8,0.084512
run_20260922T232200Z,memcpy_bandwidth,16777216,128,9,0.084224
run_20260922T232200Z,memcpy_bandwidth,16777216,128,10,0.084
run_20260922T232200Z,memcpy_bandwidth,16777216,128,11,0.084224
run_20260922T232200Z,memcpy_bandwidth,16777216,128,12,0.084192
run_20260922T232200Z,memcpy_bandwidth,16777216,128,13,0.08416
run_20260922T232200Z,memcpy_bandwidth,16777216,128,14,0.083808
run_20260922T232200Z,memcpy_bandwidth,16777216,128,15,0.08432
run_20260922T232200Z,memcpy_bandwidth,16777216,128,16,0.084928
run_20260922T232200Z,memcpy_bandwidth,16777216,128,17,0.084128
run_20260922T232200Z,memcpy_bandwidth,16777216,128,18,0.084096
run_20260922T232200Z,memcpy_bandwidth,16777216,128,19,0.084032
run_20260922T232200Z,memcpy_bandwidth,16777216,128,20,0.08416
run_20260922T232200Z,memcpy_bandwidth,16777216,128,21,0.084224
run_20260922T232200Z,memcpy_bandwidth,16777216,128,22,0.0848
run_20260922T232200Z,memcpy_bandwidth,16777216,128,23,0.084352
run_20260922T232200Z,memcpy_bandwidth,16777216,128,24,0.084192
run_20260922T232200Z,memcpy_bandwidth,16777216,128,25,0.08432
run_20260922T232200Z,memcpy_bandwidth,16777216,128,26,0.083936
run_20260922T232200Z,memcpy_bandwidth,16777216,128,27,0.08432
run_20260922T232200Z,memcpy_bandwidth,16777216,128,28,0.08432
run_20260922T232200Z,memcpy_bandwidth,16777216,128,29,0.084288
run_20260922T232200Z,memcpy_bandwidth,16777216,128,30,0.08432
run_20260922T232200Z,memcpy_bandwidth,16777216,128,31,0.08432
run_20260922T232200Z,memcpy_bandwidth,16777216,128,32,0.08416
run_20260922T232200Z,memcpy_bandwidth,16777216,128,33,0.084192
run_20260922T232200Z,memcpy_bandwidth,16777216,128,34,0.084256
run_20260922T232200Z,memcpy_bandwidth,16777216,128,35,0.084256
run_20260922T232200Z,memcpy_bandwidth,16777216,128,36,0.084352
run_20260922T232200Z,memcpy_bandwidth,16777216,128,37,0.083872
run_20260922T232200Z,memcpy_bandwidth,16777216,128,38,0.084064
run_20260922T232200Z,memcpy_bandwidth,16777216,128,39,0.084128
run_20260922T232200Z,memcpy_bandwidth,16777216,128,40,0.084192
run_20260922T232200Z,memcpy_bandwidth,16777216,128,41,0.084256
run_20260922T232200Z,memcpy_bandwidth,16777216,128,42,0.08416
run_20260922T232200Z,memcpy_bandwidth,16777216,128,43,0.084128
run_20260922T232200Z,memcpy_bandwidth,16777216,128,44,0.084992
run_20260922T232200Z,memcpy_bandwidth,16777216,128,45,0.084128
run_20260922T232200Z,memcpy_bandwidth,16777216,128,46,0.08416
run_20260922T232200Z,memcpy_bandwidth,16777216,128,47,0.084384
run_20260922T232200Z,memcpy_bandwidth,16777216,128,48,0.084544
run_20260922T232200Z,memcpy_bandwidth,16777216,128,49,0.083936
run_20260922T232200Z,memcpy_bandwidth,16777216,256,0,0.061024
run_20260922T232200Z,memcpy_bandwidth,16777216,256,1,0.060864
run_20260922T232200Z,memcpy_bandwidth,16777216,256,2,0.060768
run_20260922T232200Z,memcpy_bandwidth,16777216,256,3,0.059904
run_20260922T232200Z,memcpy_bandwidth,16777216,256,4,0.061024
run_20260922T232200Z,memcpy_bandwidth,16777216,256,5,0.0608
run_20260922T232200Z,memcpy_bandwidth,16777216,256,6,0.059872
run_20260922T232200Z,memcpy_bandwidth,16777216,256,7,0.060736
run_20260922T232200Z,memcpy_bandwidth,16777216,256,8,0.060864
run_20260922T232200Z,memcpy_bandwidth,16777216,256,9,0.060096
run_20260922T232200Z,memcpy_bandwidth,16777216,256,10,0.059648
run_20260922T232200Z,memcpy_bandwidth,16777216,256,11,0.060352
run_20260922T232200Z,memcpy_bandwidth,16777216,256,12,0.06016
run_20260922T232200Z,memcpy_bandwidth,16777216,256,13,0.059904
run_20260922T232200Z,memcpy_bandwidth,16777216,256,14,0.0608
run_20260922T232200Z,memcpy_bandwidth,16777216,256,15,0.060224
run_20260922T232200Z,memcpy_bandwidth,16777216,256,16,0.060992
run_20260922T232200Z,memcpy_bandwidth,16777216,256,17,0.0608
run_20260922T232200Z,memcpy_bandwidth,16777216,256,18,0.06112
run_20260922T232200Z,memcpy_bandwidth,16777216,256,19,0.060032
run_20260922T232200Z,memcpy_bandwidth,16777216,256,20,0.060864
run_20260922T232200Z,memcpy_bandwidth,16777216,256,21,0.060928
run_20260922T232200Z,memcpy_bandwidth,16777216,256,22,0.060608
run_20260922T232200Z,memcpy_bandwidth,16777216,256,23,0.060864
run_20260922T232200Z,memcpy_bandwidth,16777216,256,24,0.060896
run_20260922T232200Z,memcpy_bandwidth,16777216,256,25,0.060224
run_20260922T232200Z,memcpy_bandwidth,16777216,256,26,0.060608
run_20260922T232200Z,memcpy_bandwidth,16777216,256,27,0.060512
run_20260922T232200Z,memcpy_bandwidth,16777216,256,28,0.060128
run_20260922T232200Z,memcpy_bandwidth,16777216,256,29,0.060512
run_20260922T232200Z,memcpy_bandwidth,16777216,256,30,0.060992
run_20260922T232200Z,memcpy_bandwidth,16777216,256,31,0.060128
run_20260922T232200Z,memcpy_bandwidth,16777216,256,32,0.06064
run_20260922T232200Z,memcpy_bandwidth,16777216,256,33,0.060864
run_20260922T232200Z,memcpy_bandwidth,16777216,256,34,0.06
run_20260922T232200Z,memcpy_bandwidth,16777216,256,35,0.061216
run_20260922T232200Z,memcpy_bandwidth,16777216,256,36,0.060736
run_20260922T232200Z,memcpy_bandwidth,16777216,256,37,0.059936
run_20260922T232200Z,memcpy_bandwidth,16777216,256,38,0.060992
run_20260922T232200Z,memcpy_bandwidth,16777216,256,39,0.0608
run_20260922T232200Z,memcpy_bandwidth,16777216,256,40,0.06016
run_20260922T232200Z,memcpy_bandwidth,16777216,256,41,0.060224
run_20260922T232200Z,memcpy_bandwidth,16777216,256,42,0.060384
run_20260922T232200Z,memcpy_bandwidth,16777216,256,43,0.059904
run_20260922T232200Z,memcpy_bandwidth,16777216,256,44,0.06
run_20260922T232200Z,memcpy_bandwidth,16777216,256,45,0.060896
run_20260922T232200Z,memcpy_bandwidth,16777216,256,46,0.059936
run_20260922T232200Z,memcpy_bandwidth,16777216,256,47,0.059968
run_20260922T232200Z,memcpy_bandwidth,16777216,256,48,0.060896
run_20260922T232200Z,memcpy_bandwidth,16777216,256,49,0.06112
run_20260922T232200Z,memcpy_bandwidth,16777216,512,0,0.065824
run_20260922T232200Z,memcpy_bandwidth,16777216,512,1,0.064896
run_20260922T232200Z,memcpy_bandwidth,16777216,512,2,0.064384
run_20260922T232200Z,memcpy_bandwidth,16777216,512,3,0.064256
run_20260922T232200Z,memcpy_bandwidth,16777216,512,4,0.064896
run_20260922T232200Z,memcpy_bandwidth,16777216,512,5,0.06496
run_20260922T232200Z,memcpy_bandwidth,16777216,512,6,0.064448
run_20260922T232200Z,memcpy_bandwidth,16777216,512,7,0.064768
run_20260922T232200Z,memcpy_bandwidth,16777216,512,8,0.06528
run_20260922T232200Z,memcpy_bandwidth,16777216,512,9,0.064928
run_20260922T232200Z,memcpy_bandwidth,16777216,512,10,0.063904
run_20260922T232200Z,memcpy_bandwidth,16777216,512,11,0.064864
run_20260922T232200Z,memcpy_bandwidth,16777216,512,12,0.064864
run_20260922T232200Z,memcpy_bandwidth,16777216,512,13,0.06416
run_20260922T232200Z,memcpy_bandwidth,16777216,512,14,0.06416
run_20260922T232200Z,memcpy_bandwidth,16777216,512,15,0.065376
run_20260922T232200Z,memcpy_bandwidth,16777216,512,16,0.064896
run_20260922T232200Z,memcpy_bandwidth,16777216,512,17,0.064384
run_20260922T232200Z,memcpy_bandwidth,16777216,512,18,0.064992
run_20260922T232200Z,memcpy_bandwidth,16777216,512,19,0.067872
run_20260922T232200Z,memcpy_bandwidth,16777216,512,20,0.065184
run_20260922T232200Z,memcpy_bandwidth,16777216,512,21,0.064032
run_20260922T232200Z,memcpy_bandwidth,16777216,512,22,0.065856
run_20260922T232200Z,memcpy_bandwidth,16777216,512,23,0.064928
run_20260922T232200Z,memcpy_bandwidth,16777216,512,24,0.064992
run_20260922T232200Z,memcpy_bandwidth,16777216,512,25,0.064096
run_20260922T232200Z,memcpy_bandwidth,16777216,512,26,0.064928
run_20260922T232200Z,memcpy_bandwidth,16777216,512,27,0.06464
run_20260922T232200Z,memcpy_bandwidth,16777216,512,28,0.064448
run_20260922T232200Z,memcpy_bandwidth,16777216,512,29,0.065152
run_20260922T232200Z,memcpy_bandwidth,16777216,512,30,0.064704
run_20260922T232200Z,memcpy_bandwidth,16777216,512,31,0.06432
run_20260922T232200Z,memcpy_bandwidth,16777216,512,32,0.064288
run_20260922T232200Z,memcpy_bandwidth,16777216,512,33,0.065056
run_20260922T232200Z,memcpy_bandwidth,16777216,512,34,0.064448
run_20260922T232200Z,memcpy_bandwidth,16777216,512,35,0.064448
run_20260922T232200Z,memcpy_bandwidth,16777216,512,36,0.065408
run_20260922T232200Z,memcpy_bandwidth,16777216,512,37,0.065152
run_20260922T232200Z,memcpy_bandwidth,16777216,512,38,0.064864
run_20260922T232200Z,memcpy_bandwidth,16777216,512,39,0.064416
run_20260922T232200Z,memcpy_bandwidth,16777216,512,40,0.06576
run_20260922T232200Z,memcpy_bandwidth,16777216,512,41,0.064864
run_20260922T232200Z,memcpy_bandwidth,16777216,512,42,0.064288
run_20260922T232200Z,memcpy_bandwidth,16777216,512,43,0.064032
run_20260922T232200Z,memcpy_bandwidth,16777216,512,44,0.06512
run_20260922T232200Z,memcpy_bandwidth,16777216,512,45,0.06496
run_20260922T232200Z,memcpy_bandwidth,16777216,512,46,0.063904
run_20260922T232200Z,memcpy_bandwidth,16777216,512,47,0.0648
run_20260922T232200Z,memcpy_bandwidth,16777216,512,48,0.06544
run_20260922T232200Z,memcpy_bandwidth,16777216,512,49,0.064032
run_20260922T232200Z,memcpy_bandwidth,67108864,64,0,0.636288
run_20260922T232200Z,memcpy_bandwidth,67108864,64,1,0.6352
run_20260922T232200Z,memcpy_bandwidth,67108864,64,2,0.63552
run_20260922T232200Z,memcpy_bandwidth,67108864,64,3,0.635168
run_20260922T232200Z,memcpy_bandwidth,67108864,64,4,0.636384
run_20260922T232200Z,memcpy_bandwidth,67108864,64,5,0.635264
run_20260922T232200Z,memcpy_bandwidth,67108864,64,6,0.636832
run_20260922T232200Z,memcpy_bandwidth,67108864,64,7,0.635456
run_20260922T232200Z,memcpy_bandwidth,67108864,64,8,0.635264
run_20260922T232200Z,memcpy_bandwidth,67108864,64,9,0.6352
run_20260922T232200Z,memcpy_bandwidth,67108864,64,10,0.635232
run_20260922T232200Z,memcpy_bandwidth,67108864,64,11,0.635264
run_20260922T232200Z,memcpy_bandwidth,67108864,64,12,0.63552
run_20260922T232200Z,memcpy_bandwidth,67108864,64,13,0.635488
run_20260922T232200Z,memcpy_bandwidth,67108864,64,14,0.635392
run_20260922T232200Z,memcpy_bandwidth,67108864,64,15,0.635584
run_20260922T232200Z,memcpy_bandwidth,67108864,64,16,0.63632
run_20260922T232200Z,memcpy_bandwidth,67108864,64,17,0.635328
run_20260922T232200Z,memcpy_bandwidth,67108864,64,18,0.635424
run_20260922T232200Z,memcpy_bandwidth,67108864,64,19,0.635168
run_20260922T232200Z,memcpy_bandwidth,67108864,64,20,0.635232
run_20260922T232200Z,memcpy_bandwidth,67108864,64,21,0.635136
run_20260922T232200Z,memcpy_bandwidth,67108864,64,22,0.635936
run_20260922T232200Z,memcpy_bandwidth,67108864,64,23,0.6352
run_20260922T232200Z,memcpy_bandwidth,67108864,64,24,0.635264
run_20260922T232200Z,memcpy_bandwidth,67108864,64,25,0.635424
run_20260922T232200Z,memcpy_bandwidth,67108864,64,26,0.635168
run_20260922T232200Z,memcpy_bandwidth,67108864,64,27,0.635232
run_20260922T232200Z,memcpy_bandwidth,67108864,64,28,0.635296
run_20260922T232200Z,memcpy_bandwidth,67108864,64,29,0.635008
run_20260922T232200Z,memcpy_bandwidth,67108864,64,30,0.635456
run_20260922T232200Z,memcpy_bandwidth,67108864,64,31,0.635232
run_20260922T232200Z,memcpy_bandwidth,67108864,64,32,0.635456
run_20260922T232200Z,memcpy_bandwidth,67108864,64,33,0.635392
run_20260922T232200Z,memcpy_bandwidth,67108864,64,34,0.635232
run_20260922T232200Z,memcpy_bandwidth,67108864,64,35,0.63536
run_20260922T232200Z,memcpy_bandwidth,67108864,64,36,0.635936
run_20260922T232200Z,memcpy_bandwidth,67108864,64,37,0.635104
run_20260922T232200Z,memcpy_bandwidth,67108864,64,38,0.635552
run_20260922T232200Z,memcpy_bandwidth,67108864,64,39,0.635328
run_20260922T232200Z,memcpy_bandwidth,67108864,64,40,0.635424
run_20260922T232200Z,memcpy_bandwidth,67108864,64,41,0.635296
run_20260922T232200Z,memcpy_bandwidth,67108864,64,42,0.635296
run_20260922T232200Z,memcpy_bandwidth,67108864,64,43,0.635136
run_20260922T232200Z,memcpy_bandwidth,67108864,64,44,0.635008
run_20260922T232200Z,memcpy_bandwidth,67108864,64,45,0.635616
run_20260922T232200Z,memcpy_bandwidth,67108864,64,46,0.635232
run_20260922T232200Z,memcpy_bandwidth,67108864,64,47,0.635296
run_20260922T232200Z,memcpy_bandwidth,67108864,64,48,0.635392
run_20260922T232200Z,memcpy_bandwidth,67108864,64,49,0.63552
run_20260922T232200Z,memcpy_bandwidth,67108864,128,0,0.321856
run_20260922T232200Z,memcpy_bandwidth,67108864,128,1,0.3208
run_20260922T232200Z,memcpy_bandwidth,67108864,128,2,0.32096
run_20260922T232200Z,memcpy_bandwidth,67108864,128,3,0.320672
run_20260922T232200Z,memcpy_bandwidth,67108864,128,4,0.321504
run_20260922T232200Z,memcpy_bandwidth,67108864,128,5,0.320896
run_20260922T232200Z,memcpy_bandwidth,67108864,128,6,0.320864
run_20260922T232200Z,memcpy_bandwidth,67108864,128,7,0.320736
run_20260922T232200Z,memcpy_bandwidth,67108864,128,8,0.320864
run_20260922T232200Z,memcpy_bandwidth,67108864,128,9,0.320704
run_20260922T232200Z,memcpy_bandwidth,67108864,128,10,0.320704
run_20260922T232200Z,memcpy_bandwidth,67108864,128,11,0.321248
run_20260922T232200Z,memcpy_bandwidth,67108864,128,12,0.321152
run_20260922T232200Z,memcpy_bandwidth,67108864,128,13,0.320832
run_20260922T232200Z,memcpy_bandwidth,67108864,128,14,0.320832
run_20260922T232200Z,memcpy_bandwidth,67108864,128,15,0.321056
run_20260922T232200Z,memcpy_bandwidth,67108864,128,16,0.3208
run_20260922T232200Z,memcpy_bandwidth,67108864,128,17,0.32096
run_20260922T232200Z,memcpy_bandwidth,67108864,128,18,0.321248
run_20260922T232200Z,memcpy_bandwidth,67108864,128,19,0.32096
run_20260922T232200Z,memcpy_bandwidth,67108864,128,20,0.320928
run_20260922T232200Z,memcpy_bandwidth,67108864,128,21,0.320512
run_20260922T232200Z,memcpy_bandwidth,67108864,128,22,0.321088
run_20260922T232200Z,memcpy_bandwidth,67108864,128,23,0.321024
run_20260922T232200Z,memcpy_bandwidth,67108864,128,24,0.320896
run_20260922T232200Z,memcpy_bandwidth,67108864,128,25,0.321312
run_20260922T232200Z,memcpy_bandwidth,67108864,128,26,0.320864
run_20260922T232200Z,memcpy_bandwidth,67108864,128,27,0.320896
run_20260922T232200Z,memcpy_bandwidth,67108864,128,28,0.320864
run_20260922T232200Z,memcpy_bandwidth,67108864,128,29,0.320992
run_20260922T232200Z,memcpy_bandwidth,67108864,128,30,0.3208
run_20260922T232200Z,memcpy_bandwidth,67108864,128,31,0.320992
run_20260922T232200Z,memcpy_bandwidth,67108864,128,32,0.320704
run_20260922T232200Z,memcpy_bandwidth,67108864,128,33,0.321088
run_20260922T232200Z,memcpy_bandwidth,67108864,128,34,0.320896
run_20260922T232200Z,memcpy_bandwidth,67108864,128,35,0.320864
run_20260922T232200Z,memcpy_bandwidth,67108864,128,36,0.321152
run_20260922T232200Z,memcpy_bandwidth,67108864,128,37,0.320928
run_20260922T232200Z,memcpy_bandwidth,67108864,128,38,0.320768
run_20260922T232200Z,memcpy_bandwidth,67108864,128,39,0.320864
run_20260922T232200Z,memcpy_bandwidth,67108864,128,40,0.32176
run_20260922T232200Z,memcpy_bandwidth,67108864,128,41,0.321024
run_20260922T232200Z,memcpy_bandwidth,67108864,128,42,0.320864
run_20260922T232200Z,memcpy_bandwidth,67108864,128,43,0.321024
run_20260922T232200Z,memcpy_bandwidth,67108864,128,44,0.321184
run_20260922T232200Z,memcpy_bandwidth,67108864,128,45,0.320864
run_20260922T232200Z,memcpy_bandwidth,67108864,128,46,0.320896
run_20260922T232200Z,memcpy_bandwidth,67108864,128,47,0.32096
run_20260922T232200Z,memcpy_bandwidth,67108864,128,48,0.321088
run_20260922T232200Z,memcpy_bandwidth,67108864,128,49,0.320512
run_20260922T232200Z,memcpy_bandwidth,67108864,256,0,0.226304
run_20260922T232200Z,memcpy_bandwidth,67108864,256,1,0.225376
run_20260922T232200Z,memcpy_bandwidth,67108864,256,2,0.226592
run_20260922T232200Z,memcpy_bandwidth,67108864,256,3,0.225568
run_20260922T232200Z,memcpy_bandwidth,67108864,256,4,0.225376
run_20260922T232200Z,memcpy_bandwidth,67108864,256,5,0.226656
run_20260922T232200Z,memcpy_bandwidth,67108864,256,6,0.22544
run_20260922T232200Z,memcpy_bandwidth,67108864,256,7,0.225632
run_20260922T232200Z,memcpy_bandwidth,67108864,256,8,0.226272
run_20260922T232200Z,memcpy_bandwidth,67108864,256,9,0.22544
run_20260922T232200Z,memcpy_bandwidth,67108864,256,10,0.225344
run_20260922T232200Z,memcpy_bandwidth,67108864,256,11,0.226112
run_20260922T232200Z,memcpy_bandwidth,67108864,256,12,0.225504
run_20260922T232200Z,memcpy_bandwidth,67108864,256,13,0.225952
run_20260922T232200Z,memcpy_bandwidth,67108864,256,14,0.226208
run_20260922T232200Z,memcpy_bandwidth,67108864,256,15,0.225696
run_20260922T232200Z,memcpy_bandwidth,67108864,256,16,0.226624
run_20260922T232200Z,memcpy_bandwidth,67108864,256,17,0.22656
run_20260922T232200Z,memcpy_bandwidth,67108864,256,18,0.225376
run_20260922T232200Z,memcpy_bandwidth,67108864,256,19,0.225536
run_20260922T232200Z,memcpy_bandwidth,67108864,256,20,0.226368
run_20260922T232200Z,memcpy_bandwidth,67108864,256,21,0.225472
run_20260922T232200Z,memcpy_bandwidth,67108864,256,22,0.225856
run_20260922T232200Z,memcpy_bandwidth,67108864,256,23,0.226688
run_20260922T232200Z,memcpy_bandwidth,67108864,256,24,0.225376
run_20260922T232200Z,memcpy_bandwidth,67108864,256,25,0.225504
run_20260922T232200Z,memcpy_bandwidth,67108864,256,26,0.22624
run_20260922T232200Z,memcpy_bandwidth,67108864,256,27,0.225056
run_20260922T232200Z,memcpy_bandwidth,67108864,256,28,0.22592
run_20260922T232200Z,memcpy_bandwidth,67108864,256,29,0.226464
run_20260922T232200Z,memcpy_bandwidth,67108864,256,30,0.2256
run_20260922T232200Z,memcpy_bandwidth,67108864,256,31,0.225568
run_20260922T232200Z,memcpy_bandwidth,67108864,256,32,0.226592
run_20260922T232200Z,memcpy_bandwidth,67108864,256,33,0.225248
run_20260922T232200Z,memcpy_bandwidth,67108864,256,34,0.225504
run_20260922T232200Z,memcpy_bandwidth,67108864,256,35,0.22672
run_20260922T232200Z,memcpy_bandwidth,67108864,256,36,0.225536
run_20260922T232200Z,memcpy_bandwidth,67108864,256,37,0.22528
run_20260922T232200Z,memcpy_bandwidth,67108864,256,38,0.225632
run_20260922T232200Z,memcpy_bandwidth,67108864,256,39,0.225472
run_20260922T232200Z,memcpy_bandwidth,67108864,256,40,0.225568
run_20260922T232200Z,memcpy_bandwidth,67108864,256,41,0.225344
run_20260922T232200Z,memcpy_bandwidth,67108864,256,42,0.225408
run_20260922T232200Z,memcpy_bandwidth,67108864,256,43,0.225536
run_20260922T232200Z,memcpy_bandwidth,67108864,256,44,0.225472
run_20260922T232200Z,memcpy_bandwidth,67108864,256,45,0.225888
run_20260922T232200Z,memcpy_bandwidth,67108864,256,46,0.22528
run_20260922T232200Z,memcpy_bandwidth,67108864,256,47,0.22544
run_20260922T232200Z,memcpy_bandwidth,67108864,256,48,0.226656
run_20260922T232200Z,memcpy_bandwidth,67108864,256,49,0.22528
run_20260922T232200Z,memcpy_bandwidth,67108864,512,0,0.244192
run_20260922T232200Z,memcpy_bandwidth,67108864,512,1,0.242848
run_20260922T232200Z,memcpy_bandwidth,67108864,512,2,0.243456
run_20260922T232200Z,memcpy_bandwidth,67108864,512,3,0.242688
run_20260922T232200Z,memcpy_bandwidth,67108864,512,4,0.243552
run_20260922T232200Z,memcpy_bandwidth,67108864,512,5,0.242976
run_20260922T232200Z,memcpy_bandwidth,67108864,512,6,0.243456
run_20260922T232200Z,memcpy_bandwidth,67108864,512,7,0.242848
run_20260922T232200Z,memcpy_bandwidth,67108864,512,8,0.24352
run_20260922T232200Z,memcpy_bandwidth,67108864,512,9,0.242656
run_20260922T232200Z,memcpy_bandwidth,67108864,512,10,0.243616
run_20260922T232200Z,memcpy_bandwidth,67108864,512,11,0.24256
run_20260922T232200Z,memcpy_bandwidth,67108864,512,12,0.243648
run_20260922T232200Z,memcpy_bandwidth,67108864,512,13,0.242624
run_20260922T232200Z,memcpy_bandwidth,67108864,512,14,0.24352
run_20260922T232200Z,memcpy_bandwidth,67108864,512,15,0.24272
run_20260922T232200Z,memcpy_bandwidth,67108864,512,16,0.243904
run_20260922T232200Z,memcpy_bandwidth,67108864,512,17,0.245792
run_20260922T232200Z,memcpy_bandwidth,67108864,512,18,0.243648
run_20260922T232200Z,memcpy_bandwidth,67108864,512,19,0.2424
run_20260922T232200Z,memcpy_bandwidth,67108864,512,20,0.243424
run_20260922T232200Z,memcpy_bandwidth,67108864,512,21,0.242784
run_20260922T232200Z,memcpy_bandwidth,67108864,512,22,0.244192
run_20260922T232200Z,memcpy_bandwidth,67108864,512,23,0.242656
run_20260922T232200Z,memcpy_bandwidth,67108864,512,24,0.244448
run_20260922T232200Z,memcpy_bandwidth,67108864,512,25,0.242912
run_20260922T232200Z,memcpy_bandwidth,67108864,512,26,0.243616
run_20260922T232200Z,memcpy_bandwidth,67108864,512,27,0.24256
run_20260922T232200Z,memcpy_bandwidth,67108864,512,28,0.24368
run_20260922T232200Z,memcpy_bandwidth,67108864,512,29,0.242784
run_20260922T232200Z,memcpy_bandwidth,67108864,512,30,0.243552
run_20260922T232200Z,memcpy_bandwidth,67108864,512,31,0.243008
run_20260922T232200Z,memcpy_bandwidth,67108864,512,32,0.243648
run_20260922T232200Z,memcpy_bandwidth,67108864,512,33,0.243072
run_20260922T232200Z,memcpy_bandwidth,67108864,512,34,0.243552
run_20260922T232200Z,memcpy_bandwidth,67108864,512,35,0.242912
run_20260922T232200Z,memcpy_bandwidth,67108864,512,36,0.243168
run_20260922T232200Z,memcpy_bandwidth,67108864,512,37,0.242848
run_20260922T232200Z,memcpy_bandwidth,67108864,512,38,0.243456
run_20260922T232200Z,memcpy_bandwidth,67108864,512,39,0.242656
run_20260922T232200Z,memcpy_bandwidth,67108864,512,40,0.243616
run_20260922T232200Z,memcpy_bandwidth,67108864,512,41,0.242624
run_20260922T232200Z,memcpy_bandwidth,67108864,512,42,0.243296
run_20260922T232200Z,memcpy_bandwidth,67108864,512,43,0.24256
run_20260922T232200Z,memcpy_bandwidth,67108864,512,44,0.243712
run_20260922T232200Z,memcpy_bandwidth,67108864,512,45,0.242432
run_20260922T232200Z,memcpy_bandwidth,67108864,512,46,0.243424
run_20260922T232200Z,memcpy_bandwidth,67108864,512,47,0.242752
run_20260922T232200Z,memcpy_bandwidth,67108864,512,48,0.243936
run_20260922T232200Z,memcpy_bandwidth,67108864,512,49,0.242432
run_20260922T232200Z,stencil_1d,1048576,64,0,0.01584
run_20260922T232200Z,stencil_1d,1048576,64,1,0.014688
run_20260922T232200Z,stencil_1d,1048576,64,2,0.01488
run_20260922T232200Z,stencil_1d,1048576,64,3,0.014848
run_20260922T232200Z,stencil_1d,1048576,64,4,0.014784
run_20260922T232200Z,stencil_1d,1048576,64,5,0.015104
run_20260922T232200Z,stencil_1d,1048576,64,6,0.014752
run_20260922T232200Z,stencil_1d,1048576,64,7,0.014912
run_20260922T232200Z,stencil_1d,1048576,64,8,0.015008
run_20260922T232200Z,stencil_1d,1048576,64,9,0.014528
run_20260922T232200Z,stencil_1d,1048576,64,10,0.014656
run_20260922T232200Z,stencil_1d,1048576,64,11,0.015008
run_20260922T232200Z,stencil_1d,1048576,64,12,0.014592
run_20260922T232200Z,stencil_1d,1048576,64,13,0.014688
run_20260922T232200Z,stencil_1d,1048576,64,14,0.014592
run_20260922T232200Z,stencil_1d,1048576,64,15,0.015104
run_20260922T232200Z,stencil_1d,1048576,64,16,0.014656
run_20260922T232200Z,stencil_1d,1048576,64,17,0.01456
run_20260922T232200Z,stencil_1d,1048576,64,18,0.014784
run_20260922T232200Z,stencil_1d,1048576,64,19,0.015008
run_20260922T232200Z,stencil_1d,1048576,64,20,0.014656
run_20260922T232200Z,stencil_1d,1048576,64,21,0.015296
run_20260922T232200Z,stencil_1d,1048576,64,22,0.014912
run_20260922T232200Z,stencil_1d,1048576,64,23,0.01488
run_20260922T232200Z,stencil_1d,1048576,64,24,0.014688
run_20260922T232200Z,stencil_1d,1048576,64,25,0.014976
run_20260922T232200Z,stencil_1d,1048576,64,26,0.014656
run_20260922T232200Z,stencil_1d,1048576,64,27,0.01488
run_20260922T232200Z,stencil_1d,1048576,64,28,0.015072
run_20260922T232200Z,stencil_1d,1048576,64,29,0.014784
run_20260922T232200Z,stencil_1d,1048576,64,30,0.014784
run_20260922T232200Z,stencil_1d,1048576,64,31,0.0152
run_20260922T232200Z,stencil_1d,1048576,64,32,0.014656
run_20260922T232200Z,stencil_1d,1048576,64,33,0.014752
run_20260922T232200Z,stencil_1d,1048576,64,34,0.014816
run_20260922T232200Z,stencil_1d,1048576,64,35,0.015008
run_20260922T232200Z,stencil_1d,1048576,64,36,0.014592
run_20260922T232200Z,stencil_1d,1048576,64,37,0.014528
run_20260922T232200Z,stencil_1d,1048576,64,38,0.014496
run_20260922T232200Z,stencil_1d,1048576,64,39,0.014816
run_20260922T232200Z,stencil_1d,1048576,64,40,0.014816
run_20260922T232200Z,stencil_1d,1048576,64,41,0.015136
run_20260922T232200Z,stencil_1d,1048576,64,42,0.01456
run_20260922T232200Z,stencil_1d,1048576,64,43,0.014592
run_20260922T232200Z,stencil_1d,1048576,64,44,0.01472
run_20260922T232200Z,stencil_1d,1048576,64,45,0.014688
run_20260922T232200Z,stencil_1d,1048576,64,46,0.014752
run_20260922T232200Z,stencil_1d,1048576,64,47,0.014656
run_20260922T232200Z,stencil_1d,1048576,64,48,0.015008
run_20260922T232200Z,stencil_1d,1048576,64,49,0.014656
run_20260922T232200Z,stencil_1d,1048576,128,0,0.010752
run_20260922T232200Z,stencil_1d,1048576,128,1,0.009888
run_20260922T232200Z,stencil_1d,1048576,128,2,0.00992
run_20260922T232200Z,stencil_1d,1048576,128,3,0.00992
run_20260922T232200Z,stencil_1d,1048576,128,4,0.009536
run_20260922T232200Z,stencil_1d,1048576,128,5,0.010144
run_20260922T232200Z,stencil_1d,1048576,128,6,0.009632
run_20260922T232200Z,stencil_1d,1048576,128,7,0.010016
run_20260922T232200Z,stencil_1d,1048576,128,8,0.01008
run_20260922T232200Z,stencil_1d,1048576,128,9,0.009888
run_20260922T232200Z,stencil_1d,1048576,128,10,0.009472
run_20260922T232200Z,stencil_1d,1048576,128,11,0.010176
run_20260922T232200Z,stencil_1d,1048576,128,12,0.009632
run_20260922T232200Z,stencil_1d,1048576,128,13,0.009792
run_20260922T232200Z,stencil_1d,1048576,128,14,0.009792
run_20260922T232200Z,stencil_1d,1048576,128,15,0.010208
run_20260922T232200Z,stencil_1d,1048576,128,16,0.010048
run_20260922T232200Z,stencil_1d,1048576,128,17,0.009792
run_20260922T232200Z,stencil_1d,1048576,128,18,0.010016
run_20260922T232200Z,stencil_1d,1048576,128,19,0.00976
run_20260922T232200Z,stencil_1d,1048576,128,20,0.010016
run_20260922T232200Z,stencil_1d,1048576,128,21,0.010528
run_20260922T232200Z,stencil_1d,1048576,128,22,0.009696
run_20260922T232200Z,stencil_1d,1048576,128,23,0.009696
run_20260922T232200Z,stencil_1d,1048576,128,24,0.009728
run_20260922T232200Z,stencil_1d,1048576,128,25,0.01008
run_20260922T232200Z,stencil_1d,1048576,128,26,0.00976
run_20260922T232200Z,stencil_1d,1048576,128,27,0.009984
run_20260922T232200Z,stencil_1d,1048576,128,28,0.009952
run_20260922T232200Z,stencil_1d,1048576,128,29,0.009728
run_20260922T232200Z,stencil_1d,1048576,128,30,0.0096
run_20260922T232200Z,stencil_1d,1048576,128,31,0.010368
run_20260922T232200Z,stencil_1d,1048576,128,32,0.009824
run_20260922T232200Z,stencil_1d,1048576,128,33,0.009952
run_20260922T232200Z,stencil_1d,1048576,128,34,0.00976
run_20260922T232200Z,stencil_1d,1048576,128,35,0.010272
run_20260922T232200Z,stencil_1d,1048576,128,36,0.009952
run_20260922T232200Z,stencil_1d,1048576,128,37,0.009792
run_20260922T232200Z,stencil_1d,1048576,128,38,0.009856
run_20260922T232200Z,stencil_1d,1048576,128,39,0.009824
run_20260922T232200Z,stencil_1d,1048576,128,40,0.00992
run_20260922T232200Z,stencil_1d,1048576,128,41,0.010112
run_20260922T232200Z,stencil_1d,1048576,128,42,0.009632
run_20260922T232200Z,stencil_1d,1048576,128,43,0.009696
run_20260922T232200Z,stencil_1d,1048576,128,44,0.009536
run_20260922T232200Z,stencil_1d,1048576,128,45,0.009664
run_20260922T232200Z,stencil_1d,1048576,128,46,0.009664
run_20260922T232200Z,stencil_1d,1048576,128,47,0.009728
run_20260922T232200Z,stencil_1d,1048576,128,48,0.010016
run_20260922T232200Z,stencil_1d,1048576,128,49,0.009664
run_20260922T232200Z,stencil_1d,1048576,256,0,0.008576
run_20260922T232200Z,stencil_1d,1048576,256,1,0.007488
run_20260922T232200Z,stencil_1d,1048576,256,2,0.007744
run_20260922T232200Z,stencil_1d,1048576,256,3,0.007584
run_20260922T232200Z,stencil_1d,1048576,256,4,0.00768
run_20260922T232200Z,stencil_1d,1048576,256,5,0.007904
run_20260922T232200Z,stencil_1d,1048576,256,6,0.007296
run_20260922T232200Z,stencil_1d,1048576,256,7,0.007616
run_20260922T232200Z,stencil_1d,1048576,256,8,0.008064
run_20260922T232200Z,stencil_1d,1048576,256,9,0.00736
run_20260922T232200Z,stencil_1d,1048576,256,10,0.00736
run_20260922T232200Z,stencil_1d,1048576,256,11,0.007616
run_20260922T232200Z,stencil_1d,1048576,256,12,0.007552
run_20260922T232200Z,stencil_1d,1048576,256,13,0.007424
run_20260922T232200Z,stencil_1d,1048576,256,14,0.007424
run_20260922T232200Z,stencil_1d,1048576,256,15,0.007904
run_20260922T232200Z,stencil_1d,1048576,256,16,0.007488
run_20260922T232200Z,stencil_1d,1048576,256,17,0.007424
run_20260922T232200Z,stencil_1d,1048576,256,18,0.007552
run_20260922T232200Z,stencil_1d,1048576,256,19,0.007392
run_20260922T232200Z,stencil_1d,1048576,256,20,0.007456
run_20260922T232200Z,stencil_1d,1048576,256,21,0.00736
run_20260922T232200Z,stencil_1d,1048576,256,22,0.007392
run_20260922T232200Z,stencil_1d,1048576,256,23,0.007392
run_20260922T232200Z,stencil_1d,1048576,256,24,0.00752
run_20260922T232200Z,stencil_1d,1048576,256,25,0.007712
run_20260922T232200Z,stencil_1d,1048576,256,26,0.007424
run_20260922T232200Z,stencil_1d,1048576,256,27,0.007328
run_20260922T232200Z,stencil_1d,1048576,256,28,0.007776
run_20260922T232200Z,stencil_1d,1048576,256,29,0.007552
run_20260922T232200Z,stencil_1d,1048576,256,30,0.007328
run_20260922T232200Z,stencil_1d,1048576,256,31,0.008064
run_20260922T232200Z,stencil_1d,1048576,256,32,0.007456
run_20260922T232200Z,stencil_1d,1048576,256,33,0.007424
run_20260922T232200Z,stencil_1d,1048576,256,34,0.00736
run_20260922T232200Z,stencil_1d,1048576,256,35,0.007488
run_20260922T232200Z,stencil_1d,1048576,256,36,0.00752
run_20260922T232200Z,stencil_1d,1048576,256,37,0.007648
run_20260922T232200Z,stencil_1d,1048576,256,38,0.007744
run_20260922T232200Z,stencil_1d,1048576,256,39,0.007232
run_20260922T232200Z,stencil_1d,1048576,256,40,0.007552
run_20260922T232200Z,stencil_1d,1048576,256,41,0.007968
run_20260922T232200Z,stencil_1d,1048576,256,42,0.007168
run_20260922T232200Z,stencil_1d,1048576,256,43,0.007232
run_20260922T232200Z,stencil_1d,1048576,256,44,0.007392
run_20260922T232200Z,stencil_1d,1048576,256,45,0.007744
run_20260922T232200Z,stencil_1d,1048576,256,46,0.00752
run_20260922T232200Z,stencil_1d,1048576,256,47,0.007648
run_20260922T232200Z,stencil_1d,1048576,256,48,0.00768
run_20260922T232200Z,stencil_1d,1048576,256,49,0.007488
run_20260922T232200Z,stencil_1d,1048576,512,0,0.007968
run_20260922T232200Z,stencil_1d,1048576,512,1,0.006944
run_20260922T232200Z,stencil_1d,1048576,512,2,0.007168
run_20260922T232200Z,stencil_1d,1048576,512,3,0.007136
run_20260922T232200Z,stencil_1d,1048576,512,4,0.00672
run_20260922T232200Z,stencil_1d,1048576,512,5,0.007392
run_20260922T232200Z,stencil_1d,1048576,512,6,0.006816
run_20260922T232200Z,stencil_1d,1048576,512,7,0.006912
run_20260922T232200Z,stencil_1d,1048576,512,8,0.007232
run_20260922T232200Z,stencil_1d,1048576,512,9,0.006912
run_20260922T232200Z,stencil_1d,1048576,512,10,0.006752
run_20260922T232200Z,stencil_1d,1048576,512,11,0.0072
run_20260922T232200Z,stencil_1d,1048576,512,12,0.006944
run_20260922T232200Z,stencil_1d,1048576,512,13,0.006944
run_20260922T232200Z,stencil_1d,1048576,512,14,0.006816
run_20260922T232200Z,stencil_1d,1048576,512,15,0.00736
run_20260922T232200Z,stencil_1d,1048576,512,16,0.007072
run_20260922T232200Z,stencil_1d,1048576,512,17,0.006976
run_20260922T232200Z,stencil_1d,1048576,512,18,0.006976
run_20260922T232200Z,stencil_1d,1048576,512,19,0.00688
run_20260922T232200Z,stencil_1d,1048576,512,20,0.006848
run_20260922T232200Z,stencil_1d,1048576,512,21,0.006912
run_20260922T232200Z,stencil_1d,1048576,512,22,0.006912
run_20260922T232200Z,stencil_1d,1048576,512,23,0.006976
run_20260922T232200Z,stencil_1d,1048576,512,24,0.00688
run_20260922T232200Z,stencil_1d,1048576,512,25,0.007232
run_20260922T232200Z,stencil_1d,1048576,512,26,0.006912
run_20260922T232200Z,stencil_1d,1048576,512,27,0.00672
run_20260922T232200Z,stencil_1d,1048576,512,28,0.007264
run_20260922T232200Z,stencil_1d,1048576,512,29,0.007168
run_20260922T232200Z,stencil_1d,1048576,512,30,0.006912
run_20260922T232200Z,stencil_1d,1048576,512,31,0.007616
run_20260922T232200Z,stencil_1d,1048576,512,32,0.007136
run_20260922T232200Z,stencil_1d,1048576,512,33,0.00688
run_20260922T232200Z,stencil_1d,1048576,512,34,0.00688
run_20260922T232200Z,stencil_1d,1048576,512,35,0.007424
run_20260922T232200Z,stencil_1d,1048576,512,36,0.00672
run_20260922T232200Z,stencil_1d,1048576,512,37,0.006944
run_20260922T232200Z,stencil_1d,1048576,512,38,0.007008
run_20260922T232200Z,stencil_1d,1048576,512,39,0.006784
run_20260922T232200Z,stencil_1d,1048576,512,40,0.006976
run_20260922T232200Z,stencil_1d,1048576,512,41,0.007232
run_20260922T232200Z,stencil_1d,1048576,512,42,0.006976
run_20260922T232200Z,stencil_1d,1048576,512,43,0.007008
run_20260922T232200Z,stencil_1d,1048576,512,44,0.00704
run_20260922T232200Z,stencil_1d,1048576,512,45,0.00704
run_20260922T232200Z,stencil_1d,1048576,512,46,0.006976
run_20260922T232200Z,stencil_1d,1048576,512,47,0.00688
run_20260922T232200Z,stencil_1d,1048576,512,48,0.007456
run_20260922T232200Z,stencil_1d,1048576,512,49,0.006752
run_20260922T232200Z,stencil_1d,4194304,64,0,0.04496
run_20260922T232200Z,stencil_1d,4194304,64,1,0.044416
run_20260922T232200Z,stencil_1d,4194304,64,2,0.04464
run_20260922T232200Z,stencil_1d,4194304,64,3,0.044256
run_20260922T232200Z,stencil_1d,4194304,64,4,0.044576
run_20260922T232200Z,stencil_1d,4194304,64,5,0.044512
run_20260922T232200Z,stencil_1d,4194304,64,6,0.048064
run_20260922T232200Z,stencil_1d,4194304,64,7,0.04416
run_20260922T232200Z,stencil_1d,4194304,64,8,0.044416
run_20260922T232200Z,stencil_1d,4194304,64,9,0.044416
run_20260922T232200Z,stencil_1d,4194304,64,10,0.044256
run_20260922T232200Z,stencil_1d,4194304,64,11,0.044736
run_20260922T232200Z,stencil_1d,4194304,64,12,0.044448
run_20260922T232200Z,stencil_1d,4194304,64,13,0.044288
run_20260922T232200Z,stencil_1d,4194304,64,14,0.044416
run_20260922T232200Z,stencil_1d,4194304,64,15,0.044544
run_20260922T232200Z,stencil_1d,4194304,64,16,0.044352
run_20260922T232200Z,stencil_1d,4194304,64,17,0.044576
run_20260922T232200Z,stencil_1d,4194304,64,18,0.044448
run_20260922T232200Z,stencil_1d,4194304,64,19,0.044288
run_20260922T232200Z,stencil_1d,4194304,64,20,0.044256
run_20260922T232200Z,stencil_1d,4194304,64,21,0.044736
run_20260922T232200Z,stencil_1d,4194304,64,22,0.044352
run_20260922T232200Z,stencil_1d,4194304,64,23,0.044384
run_20260922T232200Z,stencil_1d,4194304,64,24,0.044416
run_20260922T232200Z,stencil_1d,4194304,64,25,0.044608
run_20260922T232200Z,stencil_1d,4194304,64,26,0.044288
run_20260922T232200Z,stencil_1d,4194304,64,27,0.044192
run_20260922T232200Z,stencil_1d,4194304,64,28,0.044672
run_20260922T232200Z,stencil_1d,4194304,64,29,0.044128
run_20260922T232200Z,stencil_1d,4194304,64,30,0.044256
run_20260922T232200Z,stencil_1d,4194304,64,31,0.044864
run_20260922T232200Z,stencil_1d,4194304,64,32,0.044448
run_20260922T232200Z,stencil_1d,4194304,64,33,0.044576
run_20260922T232200Z,stencil_1d,4194304,64,34,0.044128
run_20260922T232200Z,stencil_1d,4194304,64,35,0.044704
run_20260922T232200Z,stencil_1d,4194304,64,36,0.044224
run_20260922T232200Z,stencil_1d,4194304,64,37,0.044416
run_20260922T232200Z,stencil_1d,4194304,64,38,0.044384
run_20260922T232200Z,stencil_1d,4194304,64,39,0.044256
run_20260922T232200Z,stencil_1d,4194304,64,40,0.044448
run_20260922T232200Z,stencil_1d,4194304,64,41,0.04448
run_20260922T232200Z,stencil_1d,4194304,64,42,0.044128
run_20260922T232200Z,stencil_1d,4194304,64,43,0.044096
run_20260922T232200Z,stencil_1d,4194304,64,44,0.044384
run_20260922T232200Z,stencil_1d,4194304,64,45,0.044256
run_20260922T232200Z,stencil_1d,4194304,64,46,0.044416
run_20260922T232200Z,stencil_1d,4194304,64,47,0.044448
run_20260922T232200Z,stencil_1d,4194304,64,48,0.044704
run_20260922T232200Z,stencil_1d,4194304,64,49,0.044288
run_20260922T232200Z,stencil_1d,4194304,128,0,0.025792
run_20260922T232200Z,stencil_1d,4194304,128,1,0.02464
run_20260922T232200Z,stencil_1d,4194304,128,2,0.024768
run_20260922T232200Z,stencil_1d,4194304,128,3,0.0248
run_20260922T232200Z,stencil_1d,4194304,128,4,0.024896
run_20260922T232200Z,stencil_1d,4194304,128,5,0.025216
run_20260922T232200Z,stencil_1d,4194304,128,6,0.024736
run_20260922T232200Z,stencil_1d,4194304,128,7,0.024672
run_20260922T232200Z,stencil_1d,4194304,128,8,0.025184
run_20260922T232200Z,stencil_1d,4194304,128,9,0.024672
run_20260922T232200Z,stencil_1d,4194304,128,10,0.024768
run_20260922T232200Z,stencil_1d,4194304,128,11,0.024896
run_20260922T232200Z,stencil_1d,4194304,128,12,0.024768
run_20260922T232200Z,stencil_1d,4194304,128,13,0.024736
run_20260922T232200Z,stencil_1d,4194304,128,14,0.024896
run_20260922T232200Z,stencil_1d,4194304,128,15,0.02512
run_20260922T232200Z,stencil_1d,4194304,128,16,0.024992
run_20260922T232200Z,stencil_1d,4194304,128,17,0.024768
run_20260922T232200Z,stencil_1d,4194304,128,18,0.025088
run_20260922T232200Z,stencil_1d,4194304,128,19,0.024896
run_20260922T232200Z,stencil_1d,4194304,128,20,0.024768
run_20260922T232200Z,stencil_1d,4194304,128,21,0.025344
run_20260922T232200Z,stencil_1d,4194304,128,22,0.02496
run_20260922T232200Z,stencil_1d,4194304,128,23,0.0248
run_20260922T232200Z,stencil_1d,4194304,128,24,0.0248
run_20260922T232200Z,stencil_1d,4194304,128,25,0.024896
run_20260922T232200Z,stencil_1d,4194304,128,26,0.024864
run_20260922T232200Z,stencil_1d,4194304,128,27,0.0248
run_20260922T232200Z,stencil_1d,4194304,128,28,0.025152
run_20260922T232200Z,stencil_1d,4194304,128,29,0.0248
run_20260922T232200Z,stencil_1d,4194304,128,30,0.024896
run_20260922T232200Z,stencil_1d,4194304,128,31,0.025184
run_20260922T232200Z,stencil_1d,4194304,128,32,0.024736
run_20260922T232200Z,stencil_1d,4194304,128,33,0.024864
run_20260922T232200Z,stencil_1d,4194304,128,34,0.024768
run_20260922T232200Z,stencil_1d,4194304,128,35,0.025088
run_20260922T232200Z,stencil_1d,4194304,128,36,0.0248
run_20260922T232200Z,stencil_1d,4194304,128,37,0.024736
run_20260922T232200Z,stencil_1d,4194304,128,38,0.024992
run_20260922T232200Z,stencil_1d,4194304,128,39,0.024768
run_20260922T232200Z,stencil_1d,4194304,128,40,0.024768
run_20260922T232200Z,stencil_1d,4194304,128,41,0.025024
run_20260922T232200Z,stencil_1d,4194304,128,42,0.024832
run_20260922T232200Z,stencil_1d,4194304,128,43,0.024832
run_20260922T232200Z,stencil_1d,4194304,128,44,0.02512
run_20260922T232200Z,stencil_1d,4194304,128,45,0.024704
run_20260922T232200Z,stencil_1d,4194304,128,46,0.024864
run_20260922T232200Z,stencil_1d,4194304,128,47,0.024896
run_20260922T232200Z,stencil_1d,4194304,128,48,0.025408
run_20260922T232200Z,stencil_1d,4194304,128,49,0.02496
run_20260922T232200Z,stencil_1d,4194304,256,0,0.01568
run_20260922T232200Z,stencil_1d,4194304,256,1,0.015296
run_20260922T232200Z,stencil_1d,4194304,256,2,0.015552
run_20260922T232200Z,stencil_1d,4194304,256,3,0.015552
run_20260922T232200Z,stencil_1d,4194304,256,4,0.015008
run_20260922T232200Z,stencil_1d,4194304,256,5,0.015552
run_20260922T232200Z,stencil_1d,4194304,256,6,0.015136
run_20260922T232200Z,stencil_1d,4194304,256,7,0.015456
run_20260922T232200Z,stencil_1d,4194304,256,8,0.015776
run_20260922T232200Z,stencil_1d,4194304,256,9,0.01536
run_20260922T232200Z,stencil_1d,4194304,256,10,0.015488
run_20260922T232200Z,stencil_1d,4194304,256,11,0.015488
run_20260922T232200Z,stencil_1d,4194304,256,12,0.015104
run_20260922T232200Z,stencil_1d,4194304,256,13,0.015168
run_20260922T232200Z,stencil_1d,4194304,256,14,0.015584
run_20260922T232200Z,stencil_1d,4194304,256,15,0.016128
run_20260922T232200Z,stencil_1d,4194304,256,16,0.01536
run_20260922T232200Z,stencil_1d,4194304,256,17,0.015424
run_20260922T232200Z,stencil_1d,4194304,256,18,0.015744
run_20260922T232200Z,stencil_1d,4194304,256,19,0.0152
run_20260922T232200Z,stencil_1d,4194304,256,20,0.015424
run_20260922T232200Z,stencil_1d,4194304,256,21,0.015968
run_20260922T232200Z,stencil_1d,4194304,256,22,0.015328
run_20260922T232200Z,stencil_1d,4194304,256,23,0.015584
run_20260922T232200Z,stencil_1d,4194304,256,24,0.015616
run_20260922T232200Z,stencil_1d,4194304,256,25,0.015488
run_20260922T232200Z,stencil_1d,4194304,256,26,0.015168
run_20260922T232200Z,stencil_1d,4194304,256,27,0.015488
run_20260922T232200Z,stencil_1d,4194304,256,28,0.015616
run_20260922T232200Z,stencil_1d,4194304,256,29,0.015232
run_20260922T232200Z,stencil_1d,4194304,256,30,0.01552
run_20260922T232200Z,stencil_1d,4194304,256,31,0.01616
run_20260922T232200Z,stencil_1d,4194304,256,32,0.015104
run_20260922T232200Z,stencil_1d,4194304,256,33,0.015488
run_20260922T232200Z,stencil_1d,4194304,256,34,0.015552
run_20260922T232200Z,stencil_1d,4194304,256,35,0.015456
run_20260922T232200Z,stencil_1d,4194304,256,36,0.015456
run_20260922T232200Z,stencil_1d,4194304,256,37,0.015328
run_20260922T232200Z,stencil_1d,4194304,256,38,0.015616
run_20260922T232200Z,stencil_1d,4194304,256,39,0.015456
run_20260922T232200Z,stencil_1d,4194304,256,40,0.015424
run_20260922T232200Z,stencil_1d,4194304,256,41,0.015296
run_20260922T232200Z,stencil_1d,4194304,256,42,0.015424
run_20260922T232200Z,stencil_1d,4194304,256,43,0.01536
run_20260922T232200Z,stencil_1d,4194304,256,44,0.015264
run_20260922T232200Z,stencil_1d,4194304,256,45,0.015264
run_20260922T232200Z,stencil_1d,4194304,256,46,0.015232
run_20260922T232200Z,stencil_1d,4194304,256,47,0.015392
run_20260922T232200Z,stencil_1d,4194304,256,48,0.015456
run_20260922T232200Z,stencil_1d,4194304,256,49,0.015392
run_20260922T232200Z,stencil_1d,4194304,512,0,0.01616
run_20260922T232200Z,stencil_1d,4194304,512,1,0.015552
run_20260922T232200Z,stencil_1d,4194304,512,2,0.01552
run_20260922T232200Z,stencil_1d,4194304,512,3,0.01568
run_20260922T232200Z,stencil_1d,4194304,512,4,0.015264
run_20260922T232200Z,stencil_1d,4194304,512,5,0.015584
run_20260922T232200Z,stencil_1d,4194304,512,6,0.015616
run_20260922T232200Z,stencil_1d,4194304,512,7,0.015776
run_20260922T232200Z,stencil_1d,4194304,512,8,0.016032
run_20260922T232200Z,stencil_1d,4194304,512,9,0.015872
run_20260922T232200Z,stencil_1d,4194304,512,10,0.015296
run_20260922T232200Z,stencil_1d,4194304,512,11,0.016224
run_20260922T232200Z,stencil_1d,4194304,512,12,0.015296
run_20260922T232200Z,stencil_1d,4194304,512,13,0.01568
run_20260922T232200Z,stencil_1d,4194304,512,14,0.015488
run_20260922T232200Z,stencil_1d,4194304,512,15,0.015936
run_20260922T232200Z,stencil_1d,4194304,512,16,0.015488
run_20260922T232200Z,stencil_1d,4194304,512,17,0.015456
run_20260922T232200Z,stencil_1d,4194304,512,18,0.015584
run_20260922T232200Z,stencil_1d,4194304,512,19,0.015552
run_20260922T232200Z,stencil_1d,4194304,512,20,0.01584
run_20260922T232200Z,stencil_1d,4194304,512,21,0.016352
run_20260922T232200Z,stencil_1d,4194304,512,22,0.015456
run_20260922T232200Z,stencil_1d,4194304,512,23,0.015488
run_20260922T232200Z,stencil_1d,4194304,512,24,0.015968
run_20260922T232200Z,stencil_1d,4194304,512,25,0.015808
run_20260922T232200Z,stencil_1d,4194304,512,26,0.01536
run_20260922T232200Z,stencil_1d,4194304,512,27,0.015424
run_20260922T232200Z,stencil_1d,4194304,512,28,0.01584
run_20260922T232200Z,stencil_1d,4194304,512,29,0.015616
run_20260922T232200Z,stencil_1d,4194304,512,30,0.015584
run_20260922T232200Z,stencil_1d,4194304,512,31,0.015936
run_20260922T232200Z,stencil_1d,4194304,512,32,0.01552
run_20260922T232200Z,stencil_1d,4194304,512,33,0.01552
run_20260922T232200Z,stencil_1d,4194304,512,34,0.015424
run_20260922T232200Z,stencil_1d,4194304,512,35,0.015904
run_20260922T232200Z,stencil_1d,4194304,512,36,0.015648
run_20260922T232200Z,stencil_1d,4194304,512,37,0.015328
run_20260922T232200Z,stencil_1d,4194304,512,38,0.016032
run_20260922T232200Z,stencil_1d,4194304,512,39,0.015456
run_20260922T232200Z,stencil_1d,4194304,512,40,0.015648
run_20260922T232200Z,stencil_1d,4194304,512,41,0.015968
run_20260922T232200Z,stencil_1d,4194304,512,42,0.015136
run_20260922T232200Z,stencil_1d,4194304,512,43,0.015744
run_20260922T232200Z,stencil_1d,4194304,512,44,0.01552
run_20260922T232200Z,stencil_1d,4194304,512,45,0.01536
run_20260922T232200Z,stencil_1d,4194304,512,46,0.015392
run_20260922T232200Z,stencil_1d,4194304,512,47,0.015872
run_20260922T232200Z,stencil_1d,4194304,512,48,0.015712
run_20260922T232200Z,stencil_1d,4194304,512,49,0.015264
run_20260922T232200Z,stencil_1d,16777216,64,0,0.16336
run_20260922T232200Z,stencil_1d,16777216,64,1,0.162912
run_20260922T232200Z,stencil_1d,16777216,64,2,0.162592
run_20260922T232200Z,stencil_1d,16777216,64,3,0.162688
run_20260922T232200Z,stencil_1d,16777216,64,4,0.162912
run_20260922T232200Z,stencil_1d,16777216,64,5,0.162592
run_20260922T232200Z,stencil_1d,16777216,64,6,0.162656
run_20260922T232200Z,stencil_1d,16777216,64,7,0.162656
run_20260922T232200Z,stencil_1d,16777216,64,8,0.162848
run_20260922T232200Z,stencil_1d,16777216,64,9,0.162816
run_20260922T232200Z,stencil_1d,16777216,64,10,0.162752
run_20260922T232200Z,stencil_1d,16777216,64,11,0.162848
run_20260922T232200Z,stencil_1d,16777216,64,12,0.163616
run_20260922T232200Z,stencil_1d,16777216,64,13,0.162592
run_20260922T232200Z,stencil_1d,16777216,64,14,0.16256
run_20260922T232200Z,stencil_1d,16777216,64,15,0.162912
run_20260922T232200Z,stencil_1d,16777216,64,16,0.16272
run_20260922T232200Z,stencil_1d,16777216,64,17,0.16304
run_20260922T232200Z,stencil_1d,16777216,64,18,0.162912
run_20260922T232200Z,stencil_1d,16777216,64,19,0.162752
run_20260922T232200Z,stencil_1d,16777216,64,20,0.162784
run_20260922T232200Z,stencil_1d,16777216,64,21,0.163072
run_20260922T232200Z,stencil_1d,16777216,64,22,0.162784
run_20260922T232200Z,stencil_1d,16777216,64,23,0.164256
run_20260922T232200Z,stencil_1d,16777216,64,24,0.162752
run_20260922T232200Z,stencil_1d,16777216,64,25,0.162848
run_20260922T232200Z,stencil_1d,16777216,64,26,0.162528
run_20260922T232200Z,stencil_1d,16777216,64,27,0.162752
run_20260922T232200Z,stencil_1d,16777216,64,28,0.162912
run_20260922T232200Z,stencil_1d,16777216,64,29,0.16272
run_20260922T232200Z,stencil_1d,16777216,64,30,0.162592
run_20260922T232200Z,stencil_1d,16777216,64,31,0.163136
run_20260922T232200Z,stencil_1d,16777216,64,32,0.16272
run_20260922T232200Z,stencil_1d,16777216,64,33,0.16272
run_20260922T232200Z,stencil_1d,16777216,64,34,0.162656
run_20260922T232200Z,stencil_1d,16777216,64,35,0.163008
run_20260922T232200Z,stencil_1d,16777216,64,36,0.162624
run_20260922T232200Z,stencil_1d,16777216,64,37,0.1624
run_20260922T232200Z,stencil_1d,16777216,64,38,0.162784
run_20260922T232200Z,stencil_1d,16777216,64,39,0.162912
run_20260922T232200Z,stencil_1d,16777216,64,40,0.162688
run_20260922T232200Z,stencil_1d,16777216,64,41,0.16288
run_20260922T232200Z,stencil_1d,16777216,64,42,0.162656
run_20260922T232200Z,stencil_1d,16777216,64,43,0.16256
run_20260922T232200Z,stencil_1d,16777216,64,44,0.162752
run_20260922T232200Z,stencil_1d,16777216,64,45,0.162624
run_20260922T232200Z,stencil_1d,16777216,64,46,0.162528
run_20260922T232200Z,stencil_1d,16777216,64,47,0.162784
run_20260922T232200Z,stencil_1d,16777216,64,48,0.162912
run_20260922T232200Z,stencil_1d,16777216,64,49,0.162592
run_20260922T232200Z,stencil_1d,16777216,128,0,0.08496
run_20260922T232200Z,stencil_1d,16777216,128,1,0.084416
run_20260922T232200Z,stencil_1d,16777216,128,2,0.084352
run_20260922T232200Z,stencil_1d,16777216,128,3,0.084384
run_20260922T232200Z,stencil_1d,16777216,128,4,0.084256
run_20260922T232200Z,stencil_1d,16777216,128,5,0.084512
run_20260922T232200Z,stencil_1d,16777216,128,6,0.084032
run_20260922T232200Z,stencil_1d,16777216,128,7,0.083968
run_20260922T232200Z,stencil_1d,16777216,128,8,0.084224
run_20260922T232200Z,stencil_1d,16777216,128,9,0.084256
run_20260922T232200Z,stencil_1d,16777216,128,10,0.084448
run_20260922T232200Z,stencil_1d,16777216,128,11,0.084544
run_20260922T232200Z,stencil_1d,16777216,128,12,0.084352
run_20260922T232200Z,stencil_1d,16777216,128,13,0.08432
run_20260922T232200Z,stencil_1d,16777216,128,14,0.084512
run_20260922T232200Z,stencil_1d,16777216,128,15,0.084704
run_20260922T232200Z,stencil_1d,16777216,128,16,0.08432
run_20260922T232200Z,stencil_1d,16777216,128,17,0.084512
run_20260922T232200Z,stencil_1d,16777216,128,18,0.084288
run_20260922T232200Z,stencil_1d,16777216,128,19,0.084032
run_20260922T232200Z,stencil_1d,16777216,128,20,0.083968
run_20260922T232200Z,stencil_1d,16777216,128,21,0.084672
run_20260922T232200Z,stencil_1d,16777216,128,22,0.084256
run_20260922T232200Z,stencil_1d,16777216,128,23,0.084416
run_20260922T232200Z,stencil_1d,16777216,128,24,0.084544
run_20260922T232200Z,stencil_1d,16777216,128,25,0.084512
run_20260922T232200Z,stencil_1d,16777216,128,26,0.08416
run_20260922T232200Z,stencil_1d,16777216,128,27,0.084448
run_20260922T232200Z,stencil_1d,16777216,128,28,0.084608
run_20260922T232200Z,stencil_1d,16777216,128,29,0.084288
run_20260922T232200Z,stencil_1d,16777216,128,30,0.084096
run_20260922T232200Z,stencil_1d,16777216,128,31,0.084224
run_20260922T232200Z,stencil_1d,16777216,128,32,0.08416
run_20260922T232200Z,stencil_1d,16777216,128,33,0.084192
run_20260922T232200Z,stencil_1d,16777216,128,34,0.084256
run_20260922T232200Z,stencil_1d,16777216,128,35,0.08464
run_20260922T232200Z,stencil_1d,16777216,128,36,0.084352
run_20260922T232200Z,stencil_1d,16777216,128,37,0.084288
run_20260922T232200Z,stencil_1d,16777216,128,38,0.08448
run_20260922T232200Z,stencil_1d,16777216,128,39,0.084384
run_20260922T232200Z,stencil_1d,16777216,128,40,0.084512
run_20260922T232200Z,stencil_1d,16777216,128,41,0.08464
run_20260922T232200Z,stencil_1d,16777216,128,42,0.083744
run_20260922T232200Z,stencil_1d,16777216,128,43,0.084128
run_20260922T232200Z,stencil_1d,16777216,128,44,0.08416
run_20260922T232200Z,stencil_1d,16777216,128,45,0.084288
run_20260922T232200Z,stencil_1d,16777216,128,46,0.084384
run_20260922T232200Z,stencil_1d,16777216,128,47,0.084608
run_20260922T232200Z,stencil_1d,16777216,128,48,0.084672
run_20260922T232200Z,stencil_1d,16777216,128,49,0.084544
run_20260922T232200Z,stencil_1d,16777216,256,0,0.06608
run_20260922T232200Z,stencil_1d,16777216,256,1,0.065216
run_20260922T232200Z,stencil_1d,16777216,256,2,0.065056
run_20260922T232200Z,stencil_1d,16777216,256,3,0.064416
run_20260922T232200Z,stencil_1d,16777216,256,4,0.066368
run_20260922T232200Z,stencil_1d,16777216,256,5,0.065664
run_20260922T232200Z,stencil_1d,16777216,256,6,0.064608
run_20260922T232200Z,stencil_1d,16777216,256,7,0.06464
run_20260922T232200Z,stencil_1d,16777216,256,8,0.065536
run_20260922T232200Z,stencil_1d,16777216,256,9,0.065216
run_20260922T232200Z,stencil_1d,16777216,256,10,0.06432
run_20260922T232200Z,stencil_1d,16777216,256,11,0.065472
run_20260922T232200Z,stencil_1d,16777216,256,12,0.066368
run_20260922T232200Z,stencil_1d,16777216,256,13,0.065248
run_20260922T232200Z,stencil_1d,16777216,256,14,0.064672
run_20260922T232200Z,stencil_1d,16777216,256,15,0.065632
run_20260922T232200Z,stencil_1d,16777216,256,16,0.065568
run_20260922T232200Z,stencil_1d,16777216,256,17,0.064576
run_20260922T232200Z,stencil_1d,16777216,256,18,0.064832
run_20260922T232200Z,stencil_1d,16777216,256,19,0.065504
run_20260922T232200Z,stencil_1d,16777216,256,20,0.065568
run_20260922T232200Z,stencil_1d,16777216,256,21,0.06512
run_20260922T232200Z,stencil_1d,16777216,256,22,0.065216
run_20260922T232200Z,stencil_1d,16777216,256,23,0.065248
run_20260922T232200Z,stencil_1d,16777216,256,24,0.065408
run_20260922T232200Z,stencil_1d,16777216,256,25,0.064928
run_20260922T232200Z,stencil_1d,16777216,256,26,0.065344
run_20260922T232200Z,stencil_1d,16777216,256,27,0.065216
run_20260922T232200Z,stencil_1d,16777216,256,28,0.064768
run_20260922T232200Z,stencil_1d,16777216,256,29,0.064768
run_20260922T232200Z,stencil_1d,16777216,256,30,0.065568
run_20260922T232200Z,stencil_1d,16777216,256,31,0.06576
run_20260922T232200Z,stencil_1d,16777216,256,32,0.065664
run_20260922T232200Z,stencil_1d,16777216,256,33,0.064704
run_20260922T232200Z,stencil_1d,16777216,256,34,0.065248
run_20260922T232200Z,stencil_1d,16777216,256,35,0.065216
run_20260922T232200Z,stencil_1d,16777216,256,36,0.06544
run_20260922T232200Z,stencil_1d,16777216,256,37,0.065344
run_20260922T232200Z,stencil_1d,16777216,256,38,0.065248
run_20260922T232200Z,stencil_1d,16777216,256,39,0.064704
run_20260922T232200Z,stencil_1d,16777216,256,40,0.0648
run_20260922T232200Z,stencil_1d,16777216,256,41,0.065632
run_20260922T232200Z,stencil_1d,16777216,256,42,0.065664
run_20260922T232200Z,stencil_1d,16777216,256,43,0.06496
run_20260922T232200Z,stencil_1d,16777216,256,44,0.065152
run_20260922T232200Z,stencil_1d,16777216,256,45,0.065536
run_20260922T232200Z,stencil_1d,16777216,256,46,0.065632
run_20260922T232200Z,stencil_1d,16777216,256,47,0.064896
run_20260922T232200Z,stencil_1d,16777216,256,48,0.06576
run_20260922T232200Z,stencil_1d,16777216,256,49,0.065696
run_20260922T232200Z,stencil_1d,16777216,512,0,0.070016
run_20260922T232200Z,stencil_1d,16777216,512,1,0.069216
run_20260922T232200Z,stencil_1d,16777216,512,2,0.068576
run_20260922T232200Z,stencil_1d,16777216,512,3,0.06896
run_20260922T232200Z,stencil_1d,16777216,512,4,0.068896
run_20260922T232200Z,stencil_1d,16777216,512,5,0.06944
run_20260922T232200Z,stencil_1d,16777216,512,6,0.068576
run_20260922T232200Z,stencil_1d,16777216,512,7,0.069248
run_20260922T232200Z,stencil_1d,16777216,512,8,0.06928
run_20260922T232200Z,stencil_1d,16777216,512,9,0.068928
run_20260922T232200Z,stencil_1d,16777216,512,10,0.068736
run_20260922T232200Z,stencil_1d,16777216,512,11,0.068512
run_20260922T232200Z,stencil_1d,16777216,512,12,0.07024
run_20260922T232200Z,stencil_1d,16777216,512,13,0.069312
run_20260922T232200Z,stencil_1d,16777216,512,14,0.069376
run_20260922T232200Z,stencil_1d,16777216,512,15,0.068896
run_20260922T232200Z,stencil_1d,16777216,512,16,0.070208
run_20260922T232200Z,stencil_1d,16777216,512,17,0.069152
run_20260922T232200Z,stencil_1d,16777216,512,18,0.069216
run_20260922T232200Z,stencil_1d,16777216,512,19,0.068704
run_20260922T232200Z,stencil_1d,16777216,512,20,0.070016
run_20260922T232200Z,stencil_1d,16777216,512,21,0.069472
run_20260922T232200Z,stencil_1d,16777216,512,22,0.06912
run_20260922T232200Z,stencil_1d,16777216,512,23,0.068736
run_20260922T232200Z,stencil_1d,16777216,512,24,0.069312
run_20260922T232200Z,stencil_1d,16777216,512,25,0.069408
run_20260922T232200Z,stencil_1d,16777216,512,26,0.069504
run_20260922T232200Z,stencil_1d,16777216,512,27,0.06928
run_20260922T232200Z,stencil_1d,16777216,512,28,0.068704
run_20260922T232200Z,stencil_1d,16777216,512,29,0.069312
run_20260922T232200Z,stencil_1d,16777216,512,30,0.069472
run_20260922T232200Z,stencil_1d,16777216,512,31,0.069344
run_20260922T232200Z,stencil_1d,16777216,512,32,0.068672
run_20260922T232200Z,stencil_1d,16777216,512,33,0.06896
run_20260922T232200Z,stencil_1d,16777216,512,34,0.06912
run_20260922T232200Z,stencil_1d,16777216,512,35,0.069216
run_20260922T232200Z,stencil_1d,16777216,512,36,0.068544
run_20260922T232200Z,stencil_1d,16777216,512,37,0.068512
run_20260922T232200Z,stencil_1d,16777216,512,38,0.069056
run_20260922T232200Z,stencil_1d,16777216,512,39,0.069248
run_20260922T232200Z,stencil_1d,16777216,512,40,0.07072
run_20260922T232200Z,stencil_1d,16777216,512,41,0.068544
run_20260922T232200Z,stencil_1d,16777216,512,42,0.069184
run_20260922T232200Z,stencil_1d,16777216,512,43,0.069152
run_20260922T232200Z,stencil_1d,16777216,512,44,0.069184
run_20260922T232200Z,stencil_1d,16777216,512,45,0.068608
run_20260922T232200Z,stencil_1d,16777216,512,46,0.06928
run_20260922T232200Z,stencil_1d,16777216,512,47,0.069472
run_20260922T232200Z,stencil_1d,16777216,512,48,0.0696
run_20260922T232200Z,stencil_1d,16777216,512,49,0.06864
run_20260922T232200Z,stencil_1d,67108864,64,0,0.636096
run_20260922T232200Z,stencil_1d,67108864,64,1,0.635264
run_20260922T232200Z,stencil_1d,67108864,64,2,0.635232
run_20260922T232200Z,stencil_1d,67108864,64,3,0.635264
run_20260922T232200Z,stencil_1d,67108864,64,4,0.636288
run_20260922T232200Z,stencil_1d,67108864,64,5,0.635744
run_20260922T232200Z,stencil_1d,67108864,64,6,0.635456
run_20260922T232200Z,stencil_1d,67108864,64,7,0.635296
run_20260922T232200Z,stencil_1d,67108864,64,8,0.635424
run_20260922T232200Z,stencil_1d,67108864,64,9,0.635232
run_20260922T232200Z,stencil_1d,67108864,64,10,0.635392
run_20260922T232200Z,stencil_1d,67108864,64,11,0.635552
run_20260922T232200Z,stencil_1d,67108864,64,12,0.635264
run_20260922T232200Z,stencil_1d,67108864,64,13,0.635488
run_20260922T232200Z,stencil_1d,67108864,64,14,0.635552
run_20260922T232200Z,stencil_1d,67108864,64,15,0.635584
run_20260922T232200Z,stencil_1d,67108864,64,16,0.635488
run_20260922T232200Z,stencil_1d,67108864,64,17,0.635424
run_20260922T232200Z,stencil_1d,67108864,64,18,0.635456
run_20260922T232200Z,stencil_1d,67108864,64,19,0.635296
run_20260922T232200Z,stencil_1d,67108864,64,20,0.635264
run_20260922T232200Z,stencil_1d,67108864,64,21,0.635616
run_20260922T232200Z,stencil_1d,67108864,64,22,0.635296
run_20260922T232200Z,stencil_1d,67108864,64,23,0.635136
run_20260922T232200Z,stencil_1d,67108864,64,24,0.635552
run_20260922T232200Z,stencil_1d,67108864,64,25,0.635392
run_20260922T232200Z,stencil_1d,67108864,64,26,0.635456
run_20260922T232200Z,stencil_1d,67108864,64,27,0.63536
run_20260922T232200Z,stencil_1d,67108864,64,28,0.635648
run_20260922T232200Z,stencil_1d,67108864,64,29,0.635328
run_20260922T232200Z,stencil_1d,67108864,64,30,0.635328
run_20260922T232200Z,stencil_1d,67108864,64,31,0.635424
run_20260922T232200Z,stencil_1d,67108864,64,32,0.63536
run_20260922T232200Z,stencil_1d,67108864,64,33,0.635424
run_20260922T232200Z,stencil_1d,67108864,64,34,0.635392
run_20260922T232200Z,stencil_1d,67108864,64,35,0.63552
run_20260922T232200Z,stencil_1d,67108864,64,36,0.635296
run_20260922T232200Z,stencil_1d,67108864,64,37,0.63536
run_20260922T232200Z,stencil_1d,67108864,64,38,0.635584
run_20260922T232200Z,stencil_1d,67108864,64,39,0.635424
run_20260922T232200Z,stencil_1d,67108864,64,40,0.635424
run_20260922T232200Z,stencil_1d,67108864,64,41,0.635552
run_20260922T232200Z,stencil_1d,67108864,64,42,0.635168
run_20260922T232200Z,stencil_1d,67108864,64,43,0.635392
run_20260922T232200Z,stencil_1d,67108864,64,44,0.63536
run_20260922T232200Z,stencil_1d,67108864,64,45,0.6352
run_20260922T232200Z,stencil_1d,67108864,64,46,0.635712
run_20260922T232200Z,stencil_1d,67108864,64,47,0.635744
run_20260922T232200Z,stencil_1d,67108864,64,48,0.63552
run_20260922T232200Z,stencil_1d,67108864,64,49,0.635424
run_20260922T232200Z,stencil_1d,67108864,128,0,0.321984
run_20260922T232200Z,stencil_1d,67108864,128,1,0.321312
run_20260922T232200Z,stencil_1d,67108864,128,2,0.321344
run_20260922T232200Z,stencil_1d,67108864,128,3,0.321088
run_20260922T232200Z,stencil_1d,67108864,128,4,0.321408
run_20260922T232200Z,stencil_1d,67108864,128,5,0.321312
run_20260922T232200Z,stencil_1d,67108864,128,6,0.32176
run_20260922T232200Z,stencil_1d,67108864,128,7,0.321376
run_20260922T232200Z,stencil_1d,67108864,128,8,0.321344
run_20260922T232200Z,stencil_1d,67108864,128,9,0.321376
run_20260922T232200Z,stencil_1d,67108864,128,10,0.321504
run_20260922T232200Z,stencil_1d,67108864,128,11,0.321408
run_20260922T232200Z,stencil_1d,67108864,128,12,0.321536
run_20260922T232200Z,stencil_1d,67108864,128,13,0.3216
run_20260922T232200Z,stencil_1d,67108864,128,14,0.32128
run_20260922T232200Z,stencil_1d,67108864,128,15,0.321568
run_20260922T232200Z,stencil_1d,67108864,128,16,0.321248
run_20260922T232200Z,stencil_1d,67108864,128,17,0.321312
run_20260922T232200Z,stencil_1d,67108864,128,18,0.321152
run_20260922T232200Z,stencil_1d,67108864,128,19,0.320992
run_20260922T232200Z,stencil_1d,67108864,128,20,0.3216
run_20260922T232200Z,stencil_1d,67108864,128,21,0.321568
run_20260922T232200Z,stencil_1d,67108864,128,22,0.32112
run_20260922T232200Z,stencil_1d,67108864,128,23,0.32128
run_20260922T232200Z,stencil_1d,67108864,128,24,0.321728
run_20260922T232200Z,stencil_1d,67108864,128,25,0.32112
run_20260922T232200Z,stencil_1d,67108864,128,26,0.321184
run_20260922T232200Z,stencil_1d,67108864,128,27,0.32096
run_20260922T232200Z,stencil_1d,67108864,128,28,0.320928
run_20260922T232200Z,stencil_1d,67108864,128,29,0.321024
run_20260922T232200Z,stencil_1d,67108864,128,30,0.321152
run_20260922T232200Z,stencil_1d,67108864,128,31,0.321664
run_20260922T232200Z,stencil_1d,67108864,128,32,0.321088
run_20260922T232200Z,stencil_1d,67108864,128,33,0.320928
run_20260922T232200Z,stencil_1d,67108864,128,34,0.321088
run_20260922T232200Z,stencil_1d,67108864,128,35,0.321184
run_20260922T232200Z,stencil_1d,67108864,128,36,0.321024
run_20260922T232200Z,stencil_1d,67108864,128,37,0.321504
run_20260922T232200Z,stencil_1d,67108864,128,38,0.321568
run_20260922T232200Z,stencil_1d,67108864,128,39,0.321056
run_20260922T232200Z,stencil_1d,67108864,128,40,0.32112
run_20260922T232200Z,stencil_1d,67108864,128,41,0.32144
run_20260922T232200Z,stencil_1d,67108864,128,42,0.321184
run_20260922T232200Z,stencil_1d,67108864,128,43,0.320928
run_20260922T232200Z,stencil_1d,67108864,128,44,0.32112
run_20260922T232200Z,stencil_1d,67108864,128,45,0.32144
run_20260922T232200Z,stencil_1d,67108864,128,46,0.321152
run_20260922T232200Z,stencil_1d,67108864,128,47,0.320992
run_20260922T232200Z,stencil_1d,67108864,128,48,0.321216
run_20260922T232200Z,stencil_1d,67108864,128,49,0.321024
run_20260922T232200Z,stencil_1d,67108864,256,0,0.24416
run_20260922T232200Z,stencil_1d,67108864,256,1,0.244224
run_20260922T232200Z,stencil_1d,67108864,256,2,0.243264
run_20260922T232200Z,stencil_1d,67108864,256,3,0.244288
run_20260922T232200Z,stencil_1d,67108864,256,4,0.24368
run_20260922T232200Z,stencil_1d,67108864,256,5,0.244608
run_20260922T232200Z,stencil_1d,67108864,256,6,0.243456
run_20260922T232200Z,stencil_1d,67108864,256,7,0.244032
run_20260922T232200Z,stencil_1d,67108864,256,8,0.24336
run_20260922T232200Z,stencil_1d,67108864,256,9,0.24416
run_20260922T232200Z,stencil_1d,67108864,256,10,0.243392
run_20260922T232200Z,stencil_1d,67108864,256,11,0.244288
run_20260922T232200Z,stencil_1d,67108864,256,12,0.24352
run_20260922T232200Z,stencil_1d,67108864,256,13,0.244192
run_20260922T232200Z,stencil_1d,67108864,256,14,0.243456
run_20260922T232200Z,stencil_1d,67108864,256,15,0.244512
run_20260922T232200Z,stencil_1d,67108864,256,16,0.243552
run_20260922T232200Z,stencil_1d,67108864,256,17,0.244192
run_20260922T232200Z,stencil_1d,67108864,256,18,0.24352
run_20260922T232200Z,stencil_1d,67108864,256,19,0.244384
run_20260922T232200Z,stencil_1d,67108864,256,20,0.24432
run_20260922T232200Z,stencil_1d,67108864,256,21,0.243936
run_20260922T232200Z,stencil_1d,67108864,256,22,0.243456
run_20260922T232200Z,stencil_1d,67108864,256,23,0.243776
run_20260922T232200Z,stencil_1d,67108864,256,24,0.243584
run_20260922T232200Z,stencil_1d,67108864,256,25,0.243648
run_20260922T232200Z,stencil_1d,67108864,256,26,0.24304
run_20260922T232200Z,stencil_1d,67108864,256,27,0.24352
run_20260922T232200Z,stencil_1d,67108864,256,28,0.24352
run_20260922T232200Z,stencil_1d,67108864,256,29,0.243296
run_20260922T232200Z,stencil_1d,67108864,256,30,0.243392
run_20260922T232200Z,stencil_1d,67108864,256,31,0.243648
run_20260922T232200Z,stencil_1d,67108864,256,32,0.243488
run_20260922T232200Z,stencil_1d,67108864,256,33,0.24352
run_20260922T232200Z,stencil_1d,67108864,256,34,0.242944
run_20260922T232200Z,stencil_1d,67108864,256,35,0.243648
run_20260922T232200Z,stencil_1d,67108864,256,36,0.243616
run_20260922T232200Z,stencil_1d,67108864,256,37,0.243488
run_20260922T232200Z,stencil_1d,67108864,256,38,0.244544
run_20260922T232200Z,stencil_1d,67108864,256,39,0.243552
run_20260922T232200Z,stencil_1d,67108864,256,40,0.244256
run_20260922T232200Z,stencil_1d,67108864,256,41,0.243456
run_20260922T232200Z,stencil_1d,67108864,256,42,0.244064
run_20260922T232200Z,stencil_1d,67108864,256,43,0.243008
run_20260922T232200Z,stencil_1d,67108864,256,44,0.244224
run_20260922T232200Z,stencil_1d,67108864,256,45,0.24352
run_20260922T232200Z,stencil_1d,67108864,256,46,0.244384
run_20260922T232200Z,stencil_1d,67108864,256,47,0.243488
run_20260922T232200Z,stencil_1d,67108864,256,48,0.244448
run_20260922T232200Z,stencil_1d,67108864,256,49,0.24352
run_20260922T232200Z,stencil_1d,67108864,512,0,0.26112
run_20260922T232200Z,stencil_1d,67108864,512,1,0.259168
run_20260922T232200Z,stencil_1d,67108864,512,2,0.25984
run_20260922T232200Z,stencil_1d,67108864,512,3,0.260032
run_20260922T232200Z,stencil_1d,67108864,512,4,0.259136
run_20260922T232200Z,stencil_1d,67108864,512,5,0.260032
run_20260922T232200Z,stencil_1d,67108864,512,6,0.259872
run_20260922T232200Z,stencil_1d,67108864,512,7,0.259296
run_20260922T232200Z,stencil_1d,67108864,512,8,0.259968
run_20260922T232200Z,stencil_1d,67108864,512,9,0.259968
run_20260922T232200Z,stencil_1d,67108864,512,10,0.259168
run_20260922T232200Z,stencil_1d,67108864,512,11,0.260416
run_20260922T232200Z,stencil_1d,67108864,512,12,0.259808
run_20260922T232200Z,stencil_1d,67108864,512,13,0.259296
run_20260922T232200Z,stencil_1d,67108864,512,14,0.260032
run_20260922T232200Z,stencil_1d,67108864,512,15,0.260192
run_20260922T232200Z,stencil_1d,67108864,512,16,0.259328
run_20260922T232200Z,stencil_1d,67108864,512,17,0.260128
run_20260922T232200Z,stencil_1d,67108864,512,18,0.260128
run_20260922T232200Z,stencil_1d,67108864,512,19,0.25904
run_20260922T232200Z,stencil_1d,67108864,512,20,0.26
run_20260922T232200Z,stencil_1d,67108864,512,21,0.260416
run_20260922T232200Z,stencil_1d,67108864,512,22,0.259168
run_20260922T232200Z,stencil_1d,67108864,512,23,0.260032
run_20260922T232200Z,stencil_1d,67108864,512,24,0.260896
run_20260922T232200Z,stencil_1d,67108864,512,25,0.259552
run_20260922T232200Z,stencil_1d,67108864,512,26,0.259936
run_20260922T232200Z,stencil_1d,67108864,512,27,0.260256
run_20260922T232200Z,stencil_1d,67108864,512,28,0.259488
run_20260922T232200Z,stencil_1d,67108864,512,29,0.259968
run_20260922T232200Z,stencil_1d,67108864,512,30,0.260192
run_20260922T232200Z,stencil_1d,67108864,512,31,0.259648
run_20260922T232200Z,stencil_1d,67108864,512,32,0.259872
run_20260922T232200Z,stencil_1d,67108864,512,33,0.260032
run_20260922T232200Z,stencil_1d,67108864,512,34,0.25952
run_20260922T232200Z,stencil_1d,67108864,512,35,0.260032
run_20260922T232200Z,stencil_1d,67108864,512,36,0.260256
run_20260922T232200Z,stencil_1d,67108864,512,37,0.259264
run_20260922T232200Z,stencil_1d,67108864,512,38,0.26
run_20260922T232200Z,stencil_1d,67108864,512,39,0.259872
run_20260922T232200Z,stencil_1d,67108864,512,40,0.260032
run_20260922T232200Z,stencil_1d,67108864,512,41,0.260256
run_20260922T232200Z,stencil_1d,67108864,512,42,0.259936
run_20260922T232200Z,stencil_1d,67108864,512,43,0.259008
run_20260922T232200Z,stencil_1d,67108864,512,44,0.26048
run_20260922T232200Z,stencil_1d,67108864,512,45,0.260192
run_20260922T232200Z,stencil_1d,67108864,512,46,0.259264
run_20260922T232200Z,stencil_1d,67108864,512,47,0.260096
run_20260922T232200Z,stencil_1d,67108864,512,48,0.260256
run_20260922T232200Z,stencil_1d,67108864,512,49,0.259264
run_20260922T232200Z,reduction,1048576,64,0,0.016416
run_20260922T232200Z,reduction,1048576,64,1,0.02
run_20260922T232200Z,reduction,1048576,64,2,0.015648
run_20260922T232200Z,reduction,1048576,64,3,0.015488
run_20260922T232200Z,reduction,1048576,64,4,0.01552
run_20260922T232200Z,reduction,1048576,64,5,0.015616
run_20260922T232200Z,reduction,1048576,64,6,0.015296
run_20260922T232200Z,reduction,1048576,64,7,0.01584
run_20260922T232200Z,reduction,1048576,64,8,0.015616
run_20260922T232200Z,reduction,1048576,64,9,0.015392
run_20260922T232200Z,reduction,1048576,64,10,0.015296
run_20260922T232200Z,reduction,1048576,64,11,0.015648
run_20260922T232200Z,reduction,1048576,64,12,0.0152
run_20260922T232200Z,reduction,1048576,64,13,0.0152
run_20260922T232200Z,reduction,1048576,64,14,0.015328
run_20260922T232200Z,reduction,1048576,64,15,0.015776
run_20260922T232200Z,reduction,1048576,64,16,0.015392
run_20260922T232200Z,reduction,1048576,64,17,0.01536
run_20260922T232200Z,reduction,1048576,64,18,0.015392
run_20260922T232200Z,reduction,1048576,64,19,0.0152
run_20260922T232200Z,reduction,1048576,64,20,0.0152
run_20260922T232200Z,reduction,1048576,64,21,0.015872
run_20260922T232200Z,reduction,1048576,64,22,0.015168
run_20260922T232200Z,reduction,1048576,64,23,0.015104
run_20260922T232200Z,reduction,1048576,64,24,0.015264
run_20260922T232200Z,reduction,1048576,64,25,0.015488
run_20260922T232200Z,reduction,1048576,64,26,0.015328
run_20260922T232200Z,reduction,1048576,64,27,0.015552
run_20260922T232200Z,reduction,1048576,64,28,0.01568
run_20260922T232200Z,reduction,1048576,64,29,0.0152
run_20260922T232200Z,reduction,1048576,64,30,0.015296
run_20260922T232200Z,reduction,1048576,64,31,0.015616
run_20260922T232200Z,reduction,1048576,64,32,0.015264
run_20260922T232200Z,reduction,1048576,64,33,0.015424
run_20260922T232200Z,reduction,1048576,64,34,0.015456
run_20260922T232200Z,reduction,1048576,64,35,0.015744
run_20260922T232200Z,reduction,1048576,64,36,0.015264
run_20260922T232200Z,reduction,1048576,64,37,0.015264
run_20260922T232200Z,reduction,1048576,64,38,0.01552
run_20260922T232200Z,reduction,1048576,64,39,0.015168
run_20260922T232200Z,reduction,1048576,64,40,0.015392
run_20260922T232200Z,reduction,1048576,64,41,0.015776
run_20260922T232200Z,reduction,1048576,64,42,0.015168
run_20260922T232200Z,reduction,1048576,64,43,0.015104
run_20260922T232200Z,reduction,1048576,64,44,0.015232
run_20260922T232200Z,reduction,1048576,64,45,0.0152
run_20260922T232200Z,reduction,1048576,64,46,0.01536
run_20260922T232200Z,reduction,1048576,64,47,0.015168
run_20260922T232200Z,reduction,1048576,64,48,0.01584
run_20260922T232200Z,reduction,1048576,64,49,0.0152
run_20260922T232200Z,reduction,1048576,128,0,0.011648
run_20260922T232200Z,reduction,1048576,128,1,0.010432
run_20260922T232200Z,reduction,1048576,128,2,0.01056
run_20260922T232200Z,reduction,1048576,128,3,0.01056
run_20260922T232200Z,reduction,1048576,128,4,0.010432
run_20260922T232200Z,reduction,1048576,128,5,0.01056
run_20260922T232200Z,reduction,1048576,128,6,0.01024
run_20260922T232200Z,reduction,1048576,128,7,0.01088
run_20260922T232200Z,reduction,1048576,128,8,0.010656
run_20260922T232200Z,reduction,1048576,128,9,0.010272
run_20260922T232200Z,reduction,1048576,128,10,0.010272
run_20260922T232200Z,reduction,1048576,128,11,0.01056
run_20260922T232200Z,reduction,1048576,128,12,0.010272
run_20260922T232200Z,reduction,1048576,128,13,0.010432
run_20260922T232200Z,reduction,1048576,128,14,0.010368
run_20260922T232200Z,reduction,1048576,128,15,0.010912
run_20260922T232200Z,reduction,1048576,128,16,0.010368
run_20260922T232200Z,reduction,1048576,128,17,0.010304
run_20260922T232200Z,reduction,1048576,128,18,0.010528
run_20260922T232200Z,reduction,1048576,128,19,0.010272
run_20260922T232200Z,reduction,1048576,128,20,0.0104
run_20260922T232200Z,reduction,1048576,128,21,0.010688
run_20260922T232200Z,reduction,1048576,128,22,0.010432
run_20260922T232200Z,reduction,1048576,128,23,0.010432
run_20260922T232200Z,reduction,1048576,128,24,0.010304
run_20260922T232200Z,reduction,1048576,128,25,0.010656
run_20260922T232200Z,reduction,1048576,128,26,0.010016
run_20260922T232200Z,reduction,1048576,128,27,0.010464
run_20260922T232200Z,reduction,1048576,128,28,0.010656
run_20260922T232200Z,reduction,1048576,128,29,0.010368
run_20260922T232200Z,reduction,1048576,128,30,0.010336
run_20260922T232200Z,reduction,1048576,128,31,0.010688
run_20260922T232200Z,reduction,1048576,128,32,0.010304
run_20260922T232200Z,reduction,1048576,128,33,0.01056
run_20260922T232200Z,reduction,1048576,128,34,0.01024
run_20260922T232200Z,reduction,1048576,128,35,0.010688
run_20260922T232200Z,reduction,1048576,128,36,0.010272
run_20260922T232200Z,reduction,1048576,128,37,0.01024
run_20260922T232200Z,reduction,1048576,128,38,0.010656
run_20260922T232200Z,reduction,1048576,128,39,0.010368
run_20260922T232200Z,reduction,1048576,128,40,0.010176
run_20260922T232200Z,reduction,1048576,128,41,0.010656
run_20260922T232200Z,reduction,1048576,128,42,0.010304
run_20260922T232200Z,reduction,1048576,128,43,0.010368
run_20260922T232200Z,reduction,1048576,128,44,0.010496
run_20260922T232200Z,reduction,1048576,128,45,0.010336
run_20260922T232200Z,reduction,1048576,128,46,0.010208
run_20260922T232200Z,reduction,1048576,128,47,0.010336
run_20260922T232200Z,reduction,1048576,128,48,0.01072
run_20260922T232200Z,reduction,1048576,128,49,0.0104
run_20260922T232200Z,reduction,1048576,256,0,0.01024
run_20260922T232200Z,reduction,1048576,256,1,0.009408
run_20260922T232200Z,reduction,1048576,256,2,0.0096
run_20260922T232200Z,reduction,1048576,256,3,0.0096
run_20260922T232200Z,reduction,1048576,256,4,0.009536
run_20260922T232200Z,reduction,1048576,256,5,0.00976
run_20260922T232200Z,reduction,1048576,256,6,0.009216
run_20260922T232200Z,reduction,1048576,256,7,0.00976
run_20260922T232200Z,reduction,1048576,256,8,0.009824
run_20260922T232200Z,reduction,1048576,256,9,0.009344
run_20260922T232200Z,reduction,1048576,256,10,0.009056
run_20260922T232200Z,reduction,1048576,256,11,0.009536
run_20260922T232200Z,reduction,1048576,256,12,0.0096
run_20260922T232200Z,reduction,1048576,256,13,0.0096
run_20260922T232200Z,reduction,1048576,256,14,0.009472
run_20260922T232200Z,reduction,1048576,256,15,0.009952
run_20260922T232200Z,reduction,1048576,256,16,0.00944
run_20260922T232200Z,reduction,1048576,256,17,0.009152
run_20260922T232200Z,reduction,1048576,256,18,0.009504
run_20260922T232200Z,reduction,1048576,256,19,0.00928
run_20260922T232200Z,reduction,1048576,256,20,0.009376
run_20260922T232200Z,reduction,1048576,256,21,0.00992
run_20260922T232200Z,reduction,1048576,256,22,0.009376
run_20260922T232200Z,reduction,1048576,256,23,0.009312
run_20260922T232200Z,reduction,1048576,256,24,0.009216
run_20260922T232200Z,reduction,1048576,256,25,0.009952
run_20260922T232200Z,reduction,1048576,256,26,0.009152
run_20260922T232200Z,reduction,1048576,256,27,0.009248
run_20260922T232200Z,reduction,1048576,256,28,0.009888
run_20260922T232200Z,reduction,1048576,256,29,0.009504
run_20260922T232200Z,reduction,1048576,256,30,0.009152
run_20260922T232200Z,reduction,1048576,256,31,0.009696
run_20260922T232200Z,reduction,1048576,256,32,0.009344
run_20260922T232200Z,reduction,1048576,256,33,0.009216
run_20260922T232200Z,reduction,1048576,256,34,0.009056
run_20260922T232200Z,reduction,1048576,256,35,0.009664
run_20260922T232200Z,reduction,1048576,256,36,0.009312
run_20260922T232200Z,reduction,1048576,256,37,0.009472
run_20260922T232200Z,reduction,1048576,256,38,0.009696
run_20260922T232200Z,reduction,1048576,256,39,0.009504
run_20260922T232200Z,reduction,1048576,256,40,0.009408
run_20260922T232200Z,reduction,1048576,256,41,0.009568
run_20260922T232200Z,reduction,1048576,256,42,0.008992
run_20260922T232200Z,reduction,1048576,256,43,0.0096
run_20260922T232200Z,reduction,1048576,256,44,0.009408
run_20260922T232200Z,reduction,1048576,256,45,0.009312
run_20260922T232200Z,reduction,1048576,256,46,0.00912
run_20260922T232200Z,reduction,1048576,256,47,0.009216
run_20260922T232200Z,reduction,1048576,256,48,0.009792
run_20260922T232200Z,reduction,1048576,256,49,0.009248
run_20260922T232200Z,reduction,1048576,512,0,0.01152
run_20260922T232200Z,reduction,1048576,512,1,0.010016
run_20260922T232200Z,reduction,1048576,512,2,0.010016
run_20260922T232200Z,reduction,1048576,512,3,0.01008
run_20260922T232200Z,reduction,1048576,512,4,0.010112
run_20260922T232200Z,reduction,1048576,512,5,0.010176
run_20260922T232200Z,reduction,1048576,512,6,0.009824
run_20260922T232200Z,reduction,1048576,512,7,0.010304
run_20260922T232200Z,reduction,1048576,512,8,0.010656
run_20260922T232200Z,reduction,1048576,512,9,0.010112
run_20260922T232200Z,reduction,1048576,512,10,0.009728
run_20260922T232200Z,reduction,1048576,512,11,0.010528
run_20260922T232200Z,reduction,1048576,512,12,0.009888
run_20260922T232200Z,reduction,1048576,512,13,0.01008
run_20260922T232200Z,reduction,1048576,512,14,0.009824
run_20260922T232200Z,reduction,1048576,512,15,0.010368
run_20260922T232200Z,reduction,1048576,512,16,0.010112
run_20260922T232200Z,reduction,1048576,512,17,0.010144
run_20260922T232200Z,reduction,1048576,512,18,0.010208
run_20260922T232200Z,reduction,1048576,512,19,0.010176
run_20260922T232200Z,reduction,1048576,512,20,0.01008
run_20260922T232200Z,reduction,1048576,512,21,0.010368
run_20260922T232200Z,reduction,1048576,512,22,0.009952
run_20260922T232200Z,reduction,1048576,512,23,0.010208
run_20260922T232200Z,reduction,1048576,512,24,0.01008
run_20260922T232200Z,reduction,1048576,512,25,0.010432
run_20260922T232200Z,reduction,1048576,512,26,0.009888
run_20260922T232200Z,reduction,1048576,512,27,0.009696
run_20260922T232200Z,reduction,1048576,512,28,0.010112
run_20260922T232200Z,reduction,1048576,512,29,0.009664
run_20260922T232200Z,reduction,1048576,512,30,0.009984
run_20260922T232200Z,reduction,1048576,512,31,0.010368
run_20260922T232200Z,reduction,1048576,512,32,0.00976
run_20260922T232200Z,reduction,1048576,512,33,0.009888
run_20260922T232200Z,reduction,1048576,512,34,0.009824
run_20260922T232200Z,reduction,1048576,512,35,0.010336
run_20260922T232200Z,reduction,1048576,512,36,0.009984
run_20260922T232200Z,reduction,1048576,512,37,0.009952
run_20260922T232200Z,reduction,1048576,512,38,0.010208
run_20260922T232200Z,reduction,1048576,512,39,0.009952
run_20260922T232200Z,reduction,1048576,512,40,0.009952
run_20260922T232200Z,reduction,1048576,512,41,0.010272
run_20260922T232200Z,reduction,1048576,512,42,0.009856
run_20260922T232200Z,reduction,1048576,512,43,0.009952
run_20260922T232200Z,reduction,1048576,512,44,0.009792
run_20260922T232200Z,reduction,1048576,512,45,0.009728
run_20260922T232200Z,reduction,1048576,512,46,0.009824
run_20260922T232200Z,reduction,1048576,512,47,0.009824
run_20260922T232200Z,reduction,1048576,512,48,0.010784
run_20260922T232200Z,reduction,1048576,512,49,0.00992
run_20260922T232200Z,reduction,4194304,64,0,0.045728
run_20260922T232200Z,reduction,4194304,64,1,0.044928
run_20260922T232200Z,reduction,4194304,64,2,0.044768
run_20260922T232200Z,reduction,4194304,64,3,0.04512
run_20260922T232200Z,reduction,4194304,64,4,0.045184
run_20260922T232200Z,reduction,4194304,64,5,0.045152
run_20260922T232200Z,reduction,4194304,64,6,0.044768
run_20260922T232200Z,reduction,4194304,64,7,0.045088
run_20260922T232200Z,reduction,4194304,64,8,0.045312
run_20260922T232200Z,reduction,4194304,64,9,0.044832
run_20260922T232200Z,reduction,4194304,64,10,0.044736
run_20260922T232200Z,reduction,4194304,64,11,0.045568
run_20260922T232200Z,reduction,4194304,64,12,0.04512
run_20260922T232200Z,reduction,4194304,64,13,0.044928
run_20260922T232200Z,reduction,4194304,64,14,0.044992
run_20260922T232200Z,reduction,4194304,64,15,0.04544
run_20260922T232200Z,reduction,4194304,64,16,0.0448
run_20260922T232200Z,reduction,4194304,64,17,0.04496
run_20260922T232200Z,reduction,4194304,64,18,0.044928
run_20260922T232200Z,reduction,4194304,64,19,0.04496
run_20260922T232200Z,reduction,4194304,64,20,0.045024
run_20260922T232200Z,reduction,4194304,64,21,0.045152
run_20260922T232200Z,reduction,4194304,64,22,0.044768
run_20260922T232200Z,reduction,4194304,64,23,0.045088
run_20260922T232200Z,reduction,4194304,64,24,0.044896
run_20260922T232200Z,reduction,4194304,64,25,0.045248
run_20260922T232200Z,reduction,4194304,64,26,0.044864
run_20260922T232200Z,reduction,4194304,64,27,0.044768
run_20260922T232200Z,reduction,4194304,64,28,0.045376
run_20260922T232200Z,reduction,4194304,64,29,0.044768
run_20260922T232200Z,reduction,4194304,64,30,0.0448
run_20260922T232200Z,reduction,4194304,64,31,0.045376
run_20260922T232200Z,reduction,4194304,64,32,0.044896
run_20260922T232200Z,reduction,4194304,64,33,0.0448
run_20260922T232200Z,reduction,4194304,64,34,0.044896
run_20260922T232200Z,reduction,4194304,64,35,0.045504
run_20260922T232200Z,reduction,4194304,64,36,0.044864
run_20260922T232200Z,reduction,4194304,64,37,0.044864
run_20260922T232200Z,reduction,4194304,64,38,0.045216
run_20260922T232200Z,reduction,4194304,64,39,0.045184
run_20260922T232200Z,reduction,4194304,64,40,0.044896
run_20260922T232200Z,reduction,4194304,64,41,0.045216
run_20260922T232200Z,reduction,4194304,64,42,0.044544
run_20260922T232200Z,reduction,4194304,64,43,0.044736
run_20260922T232200Z,reduction,4194304,64,44,0.044832
run_20260922T232200Z,reduction,4194304,64,45,0.044864
run_20260922T232200Z,reduction,4194304,64,46,0.044832
run_20260922T232200Z,reduction,4194304,64,47,0.04496
run_20260922T232200Z,reduction,4194304,64,48,0.045152
run_20260922T232200Z,reduction,4194304,64,49,0.044928
run_20260922T232200Z,reduction,4194304,128,0,0.02656
run_20260922T232200Z,reduction,4194304,128,1,0.025472
run_20260922T232200Z,reduction,4194304,128,2,0.024928
run_20260922T232200Z,reduction,4194304,128,3,0.025344
run_20260922T232200Z,reduction,4194304,128,4,0.025472
run_20260922T232200Z,reduction,4194304,128,5,0.025792
run_20260922T232200Z,reduction,4194304,128,6,0.025216
run_20260922T232200Z,reduction,4194304,128,7,0.025536
run_20260922T232200Z,reduction,4194304,128,8,0.02576
run_20260922T232200Z,reduction,4194304,128,9,0.02528
run_20260922T232200Z,reduction,4194304,128,10,0.02512
run_20260922T232200Z,reduction,4194304,128,11,0.025888
run_20260922T232200Z,reduction,4194304,128,12,0.025216
run_20260922T232200Z,reduction,4194304,128,13,0.025312
run_20260922T232200Z,reduction,4194304,128,14,0.025216
run_20260922T232200Z,reduction,4194304,128,15,0.025888
run_20260922T232200Z,reduction,4194304,128,16,0.025344
run_20260922T232200Z,reduction,4194304,128,17,0.025184
run_20260922T232200Z,reduction,4194304,128,18,0.025376
run_20260922T232200Z,reduction,4194304,128,19,0.025632
run_20260922T232200Z,reduction,4194304,128,20,0.025216
run_20260922T232200Z,reduction,4194304,128,21,0.025952
run_20260922T232200Z,reduction,4194304,128,22,0.025152
run_20260922T232200Z,reduction,4194304,128,23,0.02528
run_20260922T232200Z,reduction,4194304,128,24,0.025248
run_20260922T232200Z,reduction,4194304,128,25,0.025472
run_20260922T232200Z,reduction,4194304,128,26,0.025248
run_20260922T232200Z,reduction,4194304,128,27,0.025376
run_20260922T232200Z,reduction,4194304,128,28,0.025568
run_20260922T232200Z,reduction,4194304,128,29,0.02512
run_20260922T232200Z,reduction,4194304,128,30,0.025088
run_20260922T232200Z,reduction,4194304,128,31,0.025536
run_20260922T232200Z,reduction,4194304,128,32,0.025056
run_20260922T232200Z,reduction,4194304,128,33,0.024992
run_20260922T232200Z,reduction,4194304,128,34,0.024928
run_20260922T232200Z,reduction,4194304,128,35,0.02544
run_20260922T232200Z,reduction,4194304,128,36,0.025504
run_20260922T232200Z,reduction,4194304,128,37,0.025024
run_20260922T232200Z,reduction,4194304,128,38,0.025216
run_20260922T232200Z,reduction,4194304,128,39,0.025728
run_20260922T232200Z,reduction,4194304,128,40,0.025056
run_20260922T232200Z,reduction,4194304,128,41,0.025536
run_20260922T232200Z,reduction,4194304,128,42,0.025152
run_20260922T232200Z,reduction,4194304,128,43,0.025024
run_20260922T232200Z,reduction,4194304,128,44,0.025184
run_20260922T232200Z,reduction,4194304,128,45,0.025152
run_20260922T232200Z,reduction,4194304,128,46,0.025056
run_20260922T232200Z,reduction,4194304,128,47,0.025472
run_20260922T232200Z,reduction,4194304,128,48,0.025792
run_20260922T232200Z,reduction,4194304,128,49,0.025216
run_20260922T232200Z,reduction,4194304,256,0,0.02288
run_20260922T232200Z,reduction,4194304,256,1,0.021856
run_20260922T232200Z,reduction,4194304,256,2,0.021696
run_20260922T232200Z,reduction,4194304,256,3,0.021984
run_20260922T232200Z,reduction,4194304,256,4,0.02192
run_20260922T232200Z,reduction,4194304,256,5,0.022208
run_20260922T232200Z,reduction,4194304,256,6,0.021824
run_20260922T232200Z,reduction,4194304,256,7,0.022208
run_20260922T232200Z,reduction,4194304,256,8,0.022304
run_20260922T232200Z,reduction,4194304,256,9,0.021824
run_20260922T232200Z,reduction,4194304,256,10,0.0216
run_20260922T232200Z,reduction,4194304,256,11,0.022464
run_20260922T232200Z,reduction,4194304,256,12,0.02176
run_20260922T232200Z,reduction,4194304,256,13,0.021792
run_20260922T232200Z,reduction,4194304,256,14,0.021664
run_20260922T232200Z,reduction,4194304,256,15,0.022336
run_20260922T232200Z,reduction,4194304,256,16,0.021728
run_20260922T232200Z,reduction,4194304,256,17,0.021824
run_20260922T232200Z,reduction,4194304,256,18,0.02208
run_20260922T232200Z,reduction,4194304,256,19,0.02176
run_20260922T232200Z,reduction,4194304,256,20,0.021824
run_20260922T232200Z,reduction,4194304,256,21,0.022464
run_20260922T232200Z,reduction,4194304,256,22,0.021696
run_20260922T232200Z,reduction,4194304,256,23,0.021696
run_20260922T232200Z,reduction,4194304,256,24,0.021728
run_20260922T232200Z,reduction,4194304,256,25,0.022208
run_20260922T232200Z,reduction,4194304,256,26,0.021664
run_20260922T232200Z,reduction,4194304,256,27,0.021888
run_20260922T232200Z,reduction,4194304,256,28,0.022336
run_20260922T232200Z,reduction,4194304,256,29,0.021632
run_20260922T232200Z,reduction,4194304,256,30,0.021728
run_20260922T232200Z,reduction,4194304,256,31,0.02224
run_20260922T232200Z,reduction,4194304,256,32,0.022016
run_20260922T232200Z,reduction,4194304,256,33,0.021632
run_20260922T232200Z,reduction,4194304,256,34,0.021824
run_20260922T232200Z,reduction,4194304,256,35,0.022208
run_20260922T232200Z,reduction,4194304,256,36,0.021696
run_20260922T232200Z,reduction,4194304,256,37,0.021792
run_20260922T232200Z,reduction,4194304,256,38,0.021984
run_20260922T232200Z,reduction,4194304,256,39,0.02192
run_20260922T232200Z,reduction,4194304,256,40,0.02176
run_20260922T232200Z,reduction,4194304,256,41,0.022208
run_20260922T232200Z,reduction,4194304,256,42,0.021568
run_20260922T232200Z,reduction,4194304,256,43,0.022016
run_20260922T232200Z,reduction,4194304,256,44,0.021824
run_20260922T232200Z,reduction,4194304,256,45,0.021824
run_20260922T232200Z,reduction,4194304,256,46,0.021824
run_20260922T232200Z,reduction,4194304,256,47,0.022112
run_20260922T232200Z,reduction,4194304,256,48,0.022112
run_20260922T232200Z,reduction,4194304,256,49,0.021824
run_20260922T232200Z,reduction,4194304,512,0,0.0248
run_20260922T232200Z,reduction,4194304,512,1,0.023936
run_20260922T232200Z,reduction,4194304,512,2,0.023904
run_20260922T232200Z,reduction,4194304,512,3,0.024384
run_20260922T232200Z,reduction,4194304,512,4,0.023936
run_20260922T232200Z,reduction,4194304,512,5,0.024128
run_20260922T232200Z,reduction,4194304,512,6,0.023936
run_20260922T232200Z,reduction,4194304,512,7,0.024416
run_20260922T232200Z,reduction,4194304,512,8,0.02448
run_20260922T232200Z,reduction,4194304,512,9,0.02384
run_20260922T232200Z,reduction,4194304,512,10,0.023872
run_20260922T232200Z,reduction,4194304,512,11,0.024704
run_20260922T232200Z,reduction,4194304,512,12,0.023808
run_20260922T232200Z,reduction,4194304,512,13,0.02384
run_20260922T232200Z,reduction,4194304,512,14,0.024
run_20260922T232200Z,reduction,4194304,512,15,0.024288
run_20260922T232200Z,reduction,4194304,512,16,0.024064
run_20260922T232200Z,reduction,4194304,512,17,0.02416
run_20260922T232200Z,reduction,4194304,512,18,0.024032
run_20260922T232200Z,reduction,4194304,512,19,0.023904
run_20260922T232200Z,reduction,4194304,512,20,0.02384
run_20260922T232200Z,reduction,4194304,512,21,0.024448
run_20260922T232200Z,reduction,4194304,512,22,0.024
run_20260922T232200Z,reduction,4194304,512,23,0.023904
run_20260922T232200Z,reduction,4194304,512,24,0.024096
run_20260922T232200Z,reduction,4194304,512,25,0.024128
run_20260922T232200Z,reduction,4194304,512,26,0.023776
run_20260922T232200Z,reduction,4194304,512,27,0.023904
run_20260922T232200Z,reduction,4194304,512,28,0.024064
run_20260922T232200Z,reduction,4194304,512,29,0.023904
run_20260922T232200Z,reduction,4194304,512,30,0.024032
run_20260922T232200Z,reduction,4194304,512,31,0.024256
run_20260922T232200Z,reduction,4194304,512,32,0.023904
run_20260922T232200Z,reduction,4194304,512,33,0.023936
run_20260922T232200Z,reduction,4194304,512,34,0.02384
run_20260922T232200Z,reduction,4194304,512,35,0.02432
run_20260922T232200Z,reduction,4194304,512,36,0.023808
run_20260922T232200Z,reduction,4194304,512,37,0.023936
run_20260922T232200Z,reduction,4194304,512,38,0.024192
run_20260922T232200Z,reduction,4194304,512,39,0.023712
run_20260922T232200Z,reduction,4194304,512,40,0.024128
run_20260922T232200Z,reduction,4194304,512,41,0.024192
run_20260922T232200Z,reduction,4194304,512,42,0.023872
run_20260922T232200Z,reduction,4194304,512,43,0.023872
run_20260922T232200Z,reduction,4194304,512,44,0.023968
run_20260922T232200Z,reduction,4194304,512,45,0.023936
run_20260922T232200Z,reduction,4194304,512,46,0.023968
run_20260922T232200Z,reduction,4194304,512,47,0.024064
run_20260922T232200Z,reduction,4194304,512,48,0.024288
run_20260922T232200Z,reduction,4194304,512,49,0.023872
run_20260922T232200Z,reduction,16777216,64,0,0.164224
run_20260922T232200Z,reduction,16777216,64,1,0.163136
run_20260922T232200Z,reduction,16777216,64,2,0.163328
run_20260922T232200Z,reduction,16777216,64,3,0.163008
run_20260922T232200Z,reduction,16777216,64,4,0.163264
run_20260922T232200Z,reduction,16777216,64,5,0.163488
run_20260922T232200Z,reduction,16777216,64,6,0.163168
run_20260922T232200Z,reduction,16777216,64,7,0.163072
run_20260922T232200Z,reduction,16777216,64,8,0.16368
run_20260922T232200Z,reduction,16777216,64,9,0.163232
run_20260922T232200Z,reduction,16777216,64,10,0.163008
run_20260922T232200Z,reduction,16777216,64,11,0.163392
run_20260922T232200Z,reduction,16777216,64,12,0.163104
run_20260922T232200Z,reduction,16777216,64,13,0.16304
run_20260922T232200Z,reduction,16777216,64,14,0.163264
run_20260922T232200Z,reduction,16777216,64,15,0.163456
run_20260922T232200Z,reduction,16777216,64,16,0.164224
run_20260922T232200Z,reduction,16777216,64,17,0.163104
run_20260922T232200Z,reduction,16777216,64,18,0.163328
run_20260922T232200Z,reduction,16777216,64,19,0.163328
run_20260922T232200Z,reduction,16777216,64,20,0.1632
run_20260922T232200Z,reduction,16777216,64,21,0.163744
run_20260922T232200Z,reduction,16777216,64,22,0.163296
run_20260922T232200Z,reduction,16777216,64,23,0.163136
run_20260922T232200Z,reduction,16777216,64,24,0.163392
run_20260922T232200Z,reduction,16777216,64,25,0.163424
run_20260922T232200Z,reduction,16777216,64,26,0.163392
run_20260922T232200Z,reduction,16777216,64,27,0.163168
run_20260922T232200Z,reduction,16777216,64,28,0.163456
run_20260922T232200Z,reduction,16777216,64,29,0.163072
run_20260922T232200Z,reduction,16777216,64,30,0.163168
run_20260922T232200Z,reduction,16777216,64,31,0.163488
run_20260922T232200Z,reduction,16777216,64,32,0.16416
run_20260922T232200Z,reduction,16777216,64,33,0.163552
run_20260922T232200Z,reduction,16777216,64,34,0.163264
run_20260922T232200Z,reduction,16777216,64,35,0.163456
run_20260922T232200Z,reduction,16777216,64,36,0.1632
run_20260922T232200Z,reduction,16777216,64,37,0.163008
run_20260922T232200Z,reduction,16777216,64,38,0.163392
run_20260922T232200Z,reduction,16777216,64,39,0.163008
run_20260922T232200Z,reduction,16777216,64,40,0.163168
run_20260922T232200Z,reduction,16777216,64,41,0.163264
run_20260922T232200Z,reduction,16777216,64,42,0.1632
run_20260922T232200Z,reduction,16777216,64,43,0.163136
run_20260922T232200Z,reduction,16777216,64,44,0.16304
run_20260922T232200Z,reduction,16777216,64,45,0.16304
run_20260922T232200Z,reduction,16777216,64,46,0.1632
run_20260922T232200Z,reduction,16777216,64,47,0.163264
run_20260922T232200Z,reduction,16777216,64,48,0.163488
run_20260922T232200Z,reduction,16777216,64,49,0.16336
run_20260922T232200Z,reduction,16777216,128,0,0.084992
run_20260922T232200Z,reduction,16777216,128,1,0.084608
run_20260922T232200Z,reduction,16777216,128,2,0.08464
run_20260922T232200Z,reduction,16777216,128,3,0.084384
run_20260922T232200Z,reduction,16777216,128,4,0.084704
run_20260922T232200Z,reduction,16777216,128,5,0.084832
run_20260922T232200Z,reduction,16777216,128,6,0.084928
run_20260922T232200Z,reduction,16777216,128,7,0.0848
run_20260922T232200Z,reduction,16777216,128,8,0.08464
run_20260922T232200Z,reduction,16777216,128,9,0.084704
run_20260922T232200Z,reduction,16777216,128,10,0.08464
run_20260922T232200Z,reduction,16777216,128,11,0.084672
run_20260922T232200Z,reduction,16777216,128,12,0.085344
run_20260922T232200Z,reduction,16777216,128,13,0.08432
run_20260922T232200Z,reduction,16777216,128,14,0.084576
run_20260922T232200Z,reduction,16777216,128,15,0.08464
run_20260922T232200Z,reduction,16777216,128,16,0.084704
run_20260922T232200Z,reduction,16777216,128,17,0.084544
run_20260922T232200Z,reduction,16777216,128,18,0.084384
run_20260922T232200Z,reduction,16777216,128,19,0.084448
run_20260922T232200Z,reduction,16777216,128,20,0.084512
run_20260922T232200Z,reduction,16777216,128,21,0.084704
run_20260922T232200Z,reduction,16777216,128,22,0.08464
run_20260922T232200Z,reduction,16777216,128,23,0.084576
run_20260922T232200Z,reduction,16777216,128,24,0.084608
run_20260922T232200Z,reduction,16777216,128,25,0.084544
run_20260922T232200Z,reduction,16777216,128,26,0.084384
run_20260922T232200Z,reduction,16777216,128,27,0.08464
run_20260922T232200Z,reduction,16777216,128,28,0.084736
run_20260922T232200Z,reduction,16777216,128,29,0.084608
run_20260922T232200Z,reduction,16777216,128,30,0.084832
run_20260922T232200Z,reduction,16777216,128,31,0.08496
run_20260922T232200Z,reduction,16777216,128,32,0.084672
run_20260922T232200Z,reduction,16777216,128,33,0.08464
run_20260922T232200Z,reduction,16777216,128,34,0.08448
run_20260922T232200Z,reduction,16777216,128,35,0.084672
run_20260922T232200Z,reduction,16777216,128,36,0.084704
run_20260922T232200Z,reduction,16777216,128,37,0.084576
run_20260922T232200Z,reduction,16777216,128,38,0.084576
run_20260922T232200Z,reduction,16777216,128,39,0.084736
run_20260922T232200Z,reduction,16777216,128,40,0.084608
run_20260922T232200Z,reduction,16777216,128,41,0.084768
run_20260922T232200Z,reduction,16777216,128,42,0.084544
run_20260922T232200Z,reduction,16777216,128,43,0.0848
run_20260922T232200Z,reduction,16777216,128,44,0.084512
run_20260922T232200Z,reduction,16777216,128,45,0.084608
run_20260922T232200Z,reduction,16777216,128,46,0.084672
run_20260922T232200Z,reduction,16777216,128,47,0.084704
run_20260922T232200Z,reduction,16777216,128,48,0.084992
run_20260922T232200Z,reduction,16777216,128,49,0.084416
run_20260922T232200Z,reduction,16777216,256,0,0.081536
run_20260922T232200Z,reduction,16777216,256,1,0.081536
run_20260922T232200Z,reduction,16777216,256,2,0.081312
run_20260922T232200Z,reduction,16777216,256,3,0.081408
run_20260922T232200Z,reduction,16777216,256,4,0.081312
run_20260922T232200Z,reduction,16777216,256,5,0.0816
run_20260922T232200Z,reduction,16777216,256,6,0.081536
run_20260922T232200Z,reduction,16777216,256,7,0.081088
run_20260922T232200Z,reduction,16777216,256,8,0.08096
run_20260922T232200Z,reduction,16777216,256,9,0.081248
run_20260922T232200Z,reduction,16777216,256,10,0.081504
run_20260922T232200Z,reduction,16777216,256,11,0.081632
run_20260922T232200Z,reduction,16777216,256,12,0.082368
run_20260922T232200Z,reduction,16777216,256,13,0.081184
run_20260922T232200Z,reduction,16777216,256,14,0.081216
run_20260922T232200Z,reduction,16777216,256,15,0.08144
run_20260922T232200Z,reduction,16777216,256,16,0.081248
run_20260922T232200Z,reduction,16777216,256,17,0.081088
run_20260922T232200Z,reduction,16777216,256,18,0.08144
run_20260922T232200Z,reduction,16777216,256,19,0.081312
run_20260922T232200Z,reduction,16777216,256,20,0.081056
run_20260922T232200Z,reduction,16777216,256,21,0.081856
run_20260922T232200Z,reduction,16777216,256,22,0.081376
run_20260922T232200Z,reduction,16777216,256,23,0.08112
run_20260922T232200Z,reduction,16777216,256,24,0.081664
run_20260922T232200Z,reduction,16777216,256,25,0.081152
run_20260922T232200Z,reduction,16777216,256,26,0.080832
run_20260922T232200Z,reduction,16777216,256,27,0.081664
run_20260922T232200Z,reduction,16777216,256,28,0.081376
run_20260922T232200Z,reduction,16777216,256,29,0.081216
run_20260922T232200Z,reduction,16777216,256,30,0.081504
run_20260922T232200Z,reduction,16777216,256,31,0.081824
run_20260922T232200Z,reduction,16777216,256,32,0.081472
run_20260922T232200Z,reduction,16777216,256,33,0.081472
run_20260922T232200Z,reduction,16777216,256,34,0.080896
run_20260922T232200Z,reduction,16777216,256,35,0.081472
run_20260922T232200Z,reduction,16777216,256,36,0.081216
run_20260922T232200Z,reduction,16777216,256,37,0.081248
run_20260922T232200Z,reduction,16777216,256,38,0.081312
run_20260922T232200Z,reduction,16777216,256,39,0.081248
run_20260922T232200Z,reduction,16777216,256,40,0.0824
run_20260922T232200Z,reduction,16777216,256,41,0.0816
run_20260922T232200Z,reduction,16777216,256,42,0.081408
run_20260922T232200Z,reduction,16777216,256,43,0.08096
run_20260922T232200Z,reduction,16777216,256,44,0.081024
run_20260922T232200Z,reduction,16777216,256,45,0.081248
run_20260922T232200Z,reduction,16777216,256,46,0.081216
run_20260922T232200Z,reduction,16777216,256,47,0.081408
run_20260922T232200Z,reduction,16777216,256,48,0.081408
run_20260922T232200Z,reduction,16777216,256,49,0.08128
run_20260922T232200Z,reduction,16777216,512,0,0.092608
run_20260922T232200Z,reduction,16777216,512,1,0.091776
run_20260922T232200Z,reduction,16777216,512,2,0.09168
run_20260922T232200Z,reduction,16777216,512,3,0.091968
run_20260922T232200Z,reduction,16777216,512,4,0.091904
run_20260922T232200Z,reduction,16777216,512,5,0.092192
run_20260922T232200Z,reduction,16777216,512,6,0.091808
run_20260922T232200Z,reduction,16777216,512,7,0.096704
run_20260922T232200Z,reduction,16777216,512,8,0.092064
run_20260922T232200Z,reduction,16777216,512,9,0.091584
run_20260922T232200Z,reduction,16777216,512,10,0.091488
run_20260922T232200Z,reduction,16777216,512,11,0.092096
run_20260922T232200Z,reduction,16777216,512,12,0.092128
run_20260922T232200Z,reduction,16777216,512,13,0.091968
run_20260922T232200Z,reduction,16777216,512,14,0.092096
run_20260922T232200Z,reduction,16777216,512,15,0.092256
run_20260922T232200Z,reduction,16777216,512,16,0.091936
run_20260922T232200Z,reduction,16777216,512,17,0.091936
run_20260922T232200Z,reduction,16777216,512,18,0.091936
run_20260922T232200Z,reduction,16777216,512,19,0.091712
run_20260922T232200Z,reduction,16777216,512,20,0.091936
run_20260922T232200Z,reduction,16777216,512,21,0.092224
run_20260922T232200Z,reduction,16777216,512,22,0.091968
run_20260922T232200Z,reduction,16777216,512,23,0.092032
run_20260922T232200Z,reduction,16777216,512,24,0.091904
run_20260922T232200Z,reduction,16777216,512,25,0.091936
run_20260922T232200Z,reduction,16777216,512,26,0.091968
run_20260922T232200Z,reduction,16777216,512,27,0.092032
run_20260922T232200Z,reduction,16777216,512,28,0.09232
run_20260922T232200Z,reduction,16777216,512,29,0.091968
run_20260922T232200Z,reduction,16777216,512,30,0.091904
run_20260922T232200Z,reduction,16777216,512,31,0.092192
run_20260922T232200Z,reduction,16777216,512,32,0.092864
run_20260922T232200Z,reduction,16777216,512,33,0.092256
run_20260922T232200Z,reduction,16777216,512,34,0.092064
run_20260922T232200Z,reduction,16777216,512,35,0.092128
run_20260922T232200Z,reduction,16777216,512,36,0.091872
run_20260922T232200Z,reduction,16777216,512,37,0.09184
run_20260922T232200Z,reduction,16777216,512,38,0.092352
run_20260922T232200Z,reduction,16777216,512,39,0.091744
run_20260922T232200Z,reduction,16777216,512,40,0.092192
run_20260922T232200Z,reduction,16777216,512,41,0.091936
run_20260922T232200Z,reduction,16777216,512,42,0.091968
run_20260922T232200Z,reduction,16777216,512,43,0.091904
run_20260922T232200Z,reduction,16777216,512,44,0.091872
run_20260922T232200Z,reduction,16777216,512,45,0.091904
run_20260922T232200Z,reduction,16777216,512,46,0.09168
run_20260922T232200Z,reduction,16777216,512,47,0.092032
run_20260922T232200Z,reduction,16777216,512,48,0.092032
run_20260922T232200Z,reduction,16777216,512,49,0.091904
run_20260922T232200Z,reduction,67108864,64,0,0.637088
run_20260922T232200Z,reduction,67108864,64,1,0.636064
run_20260922T232200Z,reduction,67108864,64,2,0.636416
run_20260922T232200Z,reduction,67108864,64,3,0.636064
run_20260922T232200Z,reduction,67108864,64,4,0.636224
run_20260922T232200Z,reduction,67108864,64,5,0.636576
run_20260922T232200Z,reduction,67108864,64,6,0.636224
run_20260922T232200Z,reduction,67108864,64,7,0.635904
run_20260922T232200Z,reduction,67108864,64,8,0.636448
run_20260922T232200Z,reduction,67108864,64,9,0.636128
run_20260922T232200Z,reduction,67108864,64,10,0.636256
run_20260922T232200Z,reduction,67108864,64,11,0.636064
run_20260922T232200Z,reduction,67108864,64,12,0.636192
run_20260922T232200Z,reduction,67108864,64,13,0.636224
run_20260922T232200Z,reduction,67108864,64,14,0.635968
run_20260922T232200Z,reduction,67108864,64,15,0.63616
run_20260922T232200Z,reduction,67108864,64,16,0.636192
run_20260922T232200Z,reduction,67108864,64,17,0.636
run_20260922T232200Z,reduction,67108864,64,18,0.635872
run_20260922T232200Z,reduction,67108864,64,19,0.636
run_20260922T232200Z,reduction,67108864,64,20,0.637056
run_20260922T232200Z,reduction,67108864,64,21,0.636608
run_20260922T232200Z,reduction,67108864,64,22,0.636064
run_20260922T232200Z,reduction,67108864,64,23,0.636224
run_20260922T232200Z,reduction,67108864,64,24,0.636064
run_20260922T232200Z,reduction,67108864,64,25,0.636064
run_20260922T232200Z,reduction,67108864,64,26,0.635968
run_20260922T232200Z,reduction,67108864,64,27,0.636224
run_20260922T232200Z,reduction,67108864,64,28,0.636448
run_20260922T232200Z,reduction,67108864,64,29,0.636064
run_20260922T232200Z,reduction,67108864,64,30,0.636416
run_20260922T232200Z,reduction,67108864,64,31,0.636288
run_20260922T232200Z,reduction,67108864,64,32,0.636192
run_20260922T232200Z,reduction,67108864,64,33,0.63632
run_20260922T232200Z,reduction,67108864,64,34,0.636192
run_20260922T232200Z,reduction,67108864,64,35,0.636192
run_20260922T232200Z,reduction,67108864,64,36,0.636192
run_20260922T232200Z,reduction,67108864,64,37,0.63584
run_20260922T232200Z,reduction,67108864,64,38,0.636256
run_20260922T232200Z,reduction,67108864,64,39,0.636128
run_20260922T232200Z,reduction,67108864,64,40,0.636192
run_20260922T232200Z,reduction,67108864,64,41,0.636416
run_20260922T232200Z,reduction,67108864,64,42,0.636128
run_20260922T232200Z,reduction,67108864,64,43,0.636064
run_20260922T232200Z,reduction,67108864,64,44,0.636224
run_20260922T232200Z,reduction,67108864,64,45,0.636064
run_20260922T232200Z,reduction,67108864,64,46,0.636128
run_20260922T232200Z,reduction,67108864,64,47,0.636064
run_20260922T232200Z,reduction,67108864,64,48,0.636704
run_20260922T232200Z,reduction,67108864,64,49,0.636096
run_20260922T232200Z,reduction,67108864,128,0,0.322176
run_20260922T232200Z,reduction,67108864,128,1,0.321376
run_20260922T232200Z,reduction,67108864,128,2,0.321184
run_20260922T232200Z,reduction,67108864,128,3,0.32112
run_20260922T232200Z,reduction,67108864,128,4,0.321184
run_20260922T232200Z,reduction,67108864,128,5,0.321664
run_20260922T232200Z,reduction,67108864,128,6,0.321216
run_20260922T232200Z,reduction,67108864,128,7,0.32128
run_20260922T232200Z,reduction,67108864,128,8,0.321472
run_20260922T232200Z,reduction,67108864,128,9,0.321376
run_20260922T232200Z,reduction,67108864,128,10,0.32144
run_20260922T232200Z,reduction,67108864,128,11,0.321696
run_20260922T232200Z,reduction,67108864,128,12,0.3216
run_20260922T232200Z,reduction,67108864,128,13,0.32128
run_20260922T232200Z,reduction,67108864,128,14,0.321088
run_20260922T232200Z,reduction,67108864,128,15,0.321728
run_20260922T232200Z,reduction,67108864,128,16,0.321344
run_20260922T232200Z,reduction,67108864,128,17,0.321312
run_20260922T232200Z,reduction,67108864,128,18,0.3216
run_20260922T232200Z,reduction,67108864,128,19,0.321248
run_20260922T232200Z,reduction,67108864,128,20,0.32128
run_20260922T232200Z,reduction,67108864,128,21,0.32128
run_20260922T232200Z,reduction,67108864,128,22,0.321408
run_20260922T232200Z,reduction,67108864,128,23,0.321536
run_20260922T232200Z,reduction,67108864,128,24,0.32144
run_20260922T232200Z,reduction,67108864,128,25,0.321536
run_20260922T232200Z,reduction,67108864,128,26,0.321312
run_20260922T232200Z,reduction,67108864,128,27,0.321152
run_20260922T232200Z,reduction,67108864,128,28,0.321568
run_20260922T232200Z,reduction,67108864,128,29,0.3216
run_20260922T232200Z,reduction,67108864,128,30,0.321248
run_20260922T232200Z,reduction,67108864,128,31,0.321728
run_20260922T232200Z,reduction,67108864,128,32,0.321472
run_20260922T232200Z,reduction,67108864,128,33,0.32416
run_20260922T232200Z,reduction,67108864,128,34,0.32112
run_20260922T232200Z,reduction,67108864,128,35,0.32144
run_20260922T232200Z,reduction,67108864,128,36,0.321408
run_20260922T232200Z,reduction,67108864,128,37,0.321216
run_20260922T232200Z,reduction,67108864,128,38,0.321088
run_20260922T232200Z,reduction,67108864,128,39,0.32128
run_20260922T232200Z,reduction,67108864,128,40,0.322176
run_20260922T232200Z,reduction,67108864,128,41,0.321216
run_20260922T232200Z,reduction,67108864,128,42,0.320928
run_20260922T232200Z,reduction,67108864,128,43,0.321408
run_20260922T232200Z,reduction,67108864,128,44,0.32144
run_20260922T232200Z,reduction,67108864,128,45,0.321088
run_20260922T232200Z,reduction,67108864,128,46,0.321376
run_20260922T232200Z,reduction,67108864,128,47,0.321152
run_20260922T232200Z,reduction,67108864,128,48,0.321504
run_20260922T232200Z,reduction,67108864,128,49,0.321184
run_20260922T232200Z,reduction,67108864,256,0,0.308288
run_20260922T232200Z,reduction,67108864,256,1,0.307712
run_20260922T232200Z,reduction,67108864,256,2,0.307648
run_20260922T232200Z,reduction,67108864,256,3,0.307552
run_20260922T232200Z,reduction,67108864,256,4,0.307872
run_20260922T232200Z,reduction,67108864,256,5,0.308384
run_20260922T232200Z,reduction,67108864,256,6,0.307136
run_20260922T232200Z,reduction,67108864,256,7,0.308032
run_20260922T232200Z,reduction,67108864,256,8,0.30784
run_20260922T232200Z,reduction,67108864,256,9,0.307552
run_20260922T232200Z,reduction,67108864,256,10,0.307936
run_20260922T232200Z,reduction,67108864,256,11,0.308032
run_20260922T232200Z,reduction,67108864,256,12,0.307424
run_20260922T232200Z,reduction,67108864,256,13,0.30784
run_20260922T232200Z,reduction,67108864,256,14,0.307776
run_20260922T232200Z,reduction,67108864,256,15,0.308096
run_20260922T232200Z,reduction,67108864,256,16,0.307616
run_20260922T232200Z,reduction,67108864,256,17,0.308096
run_20260922T232200Z,reduction,67108864,256,18,0.307584
run_20260922T232200Z,reduction,67108864,256,19,0.307936
run_20260922T232200Z,reduction,67108864,256,20,0.307264
run_20260922T232200Z,reduction,67108864,256,21,0.308
run_20260922T232200Z,reduction,67108864,256,22,0.307424
run_20260922T232200Z,reduction,67108864,256,23,0.30816
run_20260922T232200Z,reduction,67108864,256,24,0.30768
run_20260922T232200Z,reduction,67108864,256,25,0.307552
run_20260922T232200Z,reduction,67108864,256,26,0.307872
run_20260922T232200Z,reduction,67108864,256,27,0.30768
run_20260922T232200Z,reduction,67108864,256,28,0.307584
run_20260922T232200Z,reduction,67108864,256,29,0.307744
run_20260922T232200Z,reduction,67108864,256,30,0.30768
run_20260922T232200Z,reduction,67108864,256,31,0.30816
run_20260922T232200Z,reduction,67108864,256,32,0.307776
run_20260922T232200Z,reduction,67108864,256,33,0.307904
run_20260922T232200Z,reduction,67108864,256,34,0.307328
run_20260922T232200Z,reduction,67108864,256,35,0.308224
run_20260922T232200Z,reduction,67108864,256,36,0.307776
run_20260922T232200Z,reduction,67108864,256,37,0.307776
run_20260922T232200Z,reduction,67108864,256,38,0.307424
run_20260922T232200Z,reduction,67108864,256,39,0.308224
run_20260922T232200Z,reduction,67108864,256,40,0.307808
run_20260922T232200Z,reduction,67108864,256,41,0.308128
run_20260922T232200Z,reduction,67108864,256,42,0.307744
run_20260922T232200Z,reduction,67108864,256,43,0.307776
run_20260922T232200Z,reduction,67108864,256,44,0.30752
run_20260922T232200Z,reduction,67108864,256,45,0.307904
run_20260922T232200Z,reduction,67108864,256,46,0.307424
run_20260922T232200Z,reduction,67108864,256,47,0.307616
run_20260922T232200Z,reduction,67108864,256,48,0.308064
run_20260922T232200Z,reduction,67108864,256,49,0.307712
run_20260922T232200Z,reduction,67108864,512,0,0.350592
run_20260922T232200Z,reduction,67108864,512,1,0.349824
run_20260922T232200Z,reduction,67108864,512,2,0.350048
run_20260922T232200Z,reduction,67108864,512,3,0.349728
run_20260922T232200Z,reduction,67108864,512,4,0.349664
run_20260922T232200Z,reduction,67108864,512,5,0.35024
run_20260922T232200Z,reduction,67108864,512,6,0.350112
run_20260922T232200Z,reduction,67108864,512,7,0.349728
run_20260922T232200Z,reduction,67108864,512,8,0.350016
run_20260922T232200Z,reduction,67108864,512,9,0.350016
run_20260922T232200Z,reduction,67108864,512,10,0.35056
run_20260922T232200Z,reduction,67108864,512,11,0.350528
run_20260922T232200Z,reduction,67108864,512,12,0.350144
run_20260922T232200Z,reduction,67108864,512,13,0.350144
run_20260922T232200Z,reduction,67108864,512,14,0.350336
run_20260922T232200Z,reduction,67108864,512,15,0.350336
run_20260922T232200Z,reduction,67108864,512,16,0.350112
run_20260922T232200Z,reduction,67108864,512,17,0.350336
run_20260922T232200Z,reduction,67108864,512,18,0.34976
run_20260922T232200Z,reduction,67108864,512,19,0.349952
run_20260922T232200Z,reduction,67108864,512,20,0.349856
run_20260922T232200Z,reduction,67108864,512,21,0.350464
run_20260922T232200Z,reduction,67108864,512,22,0.350208
run_20260922T232200Z,reduction,67108864,512,23,0.349792
run_20260922T232200Z,reduction,67108864,512,24,0.350464
run_20260922T232200Z,reduction,67108864,512,25,0.349856
run_20260922T232200Z,reduction,67108864,512,26,0.349856
run_20260922T232200Z,reduction,67108864,512,27,0.34992
run_20260922T232200Z,reduction,67108864,512,28,0.35056
run_20260922T232200Z,reduction,67108864,512,29,0.34992
run_20260922T232200Z,reduction,67108864,512,30,0.350144
run_20260922T232200Z,reduction,67108864,512,31,0.350464
run_20260922T232200Z,reduction,67108864,512,32,0.350208
run_20260922T232200Z,reduction,67108864,512,33,0.350336
run_20260922T232200Z,reduction,67108864,512,34,0.34992
run_20260922T232200Z,reduction,67108864,512,35,0.350368
run_20260922T232200Z,reduction,67108864,512,36,0.350112
run_20260922T232200Z,reduction,67108864,512,37,0.350272
run_20260922T232200Z,reduction,67108864,512,38,0.3504
run_20260922T232200Z,reduction,67108864,512,39,0.35008
run_20260922T232200Z,reduction,67108864,512,40,0.350048
run_20260922T232200Z,reduction,67108864,512,41,0.349984
run_20260922T232200Z,reduction,67108864,512,42,0.350592
run_20260922T232200Z,reduction,67108864,512,43,0.349728
run_20260922T232200Z,reduction,67108864,512,44,0.350304
run_20260922T232200Z,reduction,67108864,512,45,0.350208
run_20260922T232200Z,reduction,67108864,512,46,0.34976
run_20260922T232200Z,reduction,67108864,512,47,0.350016
run_20260922T232200Z,reduction,67108864,512,48,0.350464
run_20260922T232200Z,reduction,67108864,512,49,0.350592
run_20260922T232200Z,gemm_naive,128,16,0,0.009824
run_20260922T232200Z,gemm_naive,128,16,1,0.009056
run_20260922T232200Z,gemm_naive,128,16,2,0.008512
run_20260922T232200Z,gemm_naive,128,16,3,0.009216
run_20260922T232200Z,gemm_naive,128,16,4,0.008512
run_20260922T232200Z,gemm_naive,128,16,5,0.008832
run_20260922T232200Z,gemm_naive,128,16,6,0.009376
run_20260922T232200Z,gemm_naive,128,16,7,0.008704
run_20260922T232200Z,gemm_naive,128,16,8,0.008512
run_20260922T232200Z,gemm_naive,128,16,9,0.009504
run_20260922T232200Z,gemm_naive,128,16,10,0.008416
run_20260922T232200Z,gemm_naive,128,16,11,0.008672
run_20260922T232200Z,gemm_naive,128,16,12,0.008704
run_20260922T232200Z,gemm_naive,128,16,13,0.008864
run_20260922T232200Z,gemm_naive,128,16,14,0.008704
run_20260922T232200Z,gemm_naive,128,16,15,0.008576
run_20260922T232200Z,gemm_naive,128,16,16,0.008928
run_20260922T232200Z,gemm_naive,128,16,17,0.008704
run_20260922T232200Z,gemm_naive,128,16,18,0.008736
run_20260922T232200Z,gemm_naive,128,16,19,0.008992
run_20260922T232200Z,gemm_naive,128,16,20,0.008448
run_20260922T232200Z,gemm_naive,128,16,21,0.008512
run_20260922T232200Z,gemm_naive,128,16,22,0.009152
run_20260922T232200Z,gemm_naive,128,16,23,0.008736
run_20260922T232200Z,gemm_naive,128,16,24,0.00848
run_20260922T232200Z,gemm_naive,128,16,25,0.008768
run_20260922T232200Z,gemm_naive,128,16,26,0.008896
run_20260922T232200Z,gemm_naive,128,16,27,0.00848
run_20260922T232200Z,gemm_naive,128,16,28,0.008736
run_20260922T232200Z,gemm_naive,128,16,29,0.008864
run_20260922T232200Z,gemm_naive,128,16,30,0.008768
run_20260922T232200Z,gemm_naive,128,16,31,0.008608
run_20260922T232200Z,gemm_naive,128,16,32,0.00896
run_20260922T232200Z,gemm_naive,128,16,33,0.0088
run_20260922T232200Z,gemm_naive,128,16,34,0.00848
run_20260922T232200Z,gemm_naive,128,16,35,0.008544
run_20260922T232200Z,gemm_naive,128,16,36,0.008992
run_20260922T232200Z,gemm_naive,128,16,37,0.008576
run_20260922T232200Z,gemm_naive,128,16,38,0.0088
run_20260922T232200Z,gemm_naive,128,16,39,0.00896
run_20260922T232200Z,gemm_naive,128,16,40,0.008512
run_20260922T232200Z,gemm_naive,128,16,41,0.008832
run_20260922T232200Z,gemm_naive,128,16,42,0.009024
run_20260922T232200Z,gemm_naive,128,16,43,0.00848
run_20260922T232200Z,gemm_naive,128,16,44,0.008512
run_20260922T232200Z,gemm_naive,128,16,45,0.008896
run_20260922T232200Z,gemm_naive,128,16,46,0.008704
run_20260922T232200Z,gemm_naive,128,16,47,0.008736
run_20260922T232200Z,gemm_naive,128,16,48,0.00848
run_20260922T232200Z,gemm_naive,128,16,49,0.009152
run_20260922T232200Z,gemm_naive,256,16,0,0.014432
run_20260922T232200Z,gemm_naive,256,16,1,0.013568
run_20260922T232200Z,gemm_naive,256,16,2,0.013504
run_20260922T232200Z,gemm_naive,256,16,3,0.014304
run_20260922T232200Z,gemm_naive,256,16,4,0.013696
run_20260922T232200Z,gemm_naive,256,16,5,0.013696
run_20260922T232200Z,gemm_naive,256,16,6,0.013824
run_20260922T232200Z,gemm_naive,256,16,7,0.013696
run_20260922T232200Z,gemm_naive,256,16,8,0.013536
run_20260922T232200Z,gemm_naive,256,16,9,0.014016
run_20260922T232200Z,gemm_naive,256,16,10,0.013472
run_20260922T232200Z,gemm_naive,256,16,11,0.013664
run_20260922T232200Z,gemm_naive,256,16,12,0.0136
run_20260922T232200Z,gemm_naive,256,16,13,0.013792
run_20260922T232200Z,gemm_naive,256,16,14,0.0136
run_20260922T232200Z,gemm_naive,256,16,15,0.013664
run_20260922T232200Z,gemm_naive,256,16,16,0.013792
run_20260922T232200Z,gemm_naive,256,16,17,0.013504
run_20260922T232200Z,gemm_naive,256,16,18,0.013312
run_20260922T232200Z,gemm_naive,256,16,19,0.014272
run_20260922T232200Z,gemm_naive,256,16,20,0.013152
run_20260922T232200Z,gemm_naive,256,16,21,0.013376
run_20260922T232200Z,gemm_naive,256,16,22,0.013504
run_20260922T232200Z,gemm_naive,256,16,23,0.013632
run_20260922T232200Z,gemm_naive,256,16,24,0.01328
run_20260922T232200Z,gemm_naive,256,16,25,0.013408
run_20260922T232200Z,gemm_naive,256,16,26,0.01392
run_20260922T232200Z,gemm_naive,256,16,27,0.013568
run_20260922T232200Z,gemm_naive,256,16,28,0.013536
run_20260922T232200Z,gemm_naive,256,16,29,0.013472
run_20260922T232200Z,gemm_naive,256,16,30,0.01328
run_20260922T232200Z,gemm_naive,256,16,31,0.013472
run_20260922T232200Z,gemm_naive,256,16,32,0.013696
run_20260922T232200Z,gemm_naive,256,16,33,0.013312
run_20260922T232200Z,gemm_naive,256,16,34,0.013344
run_20260922T232200Z,gemm_naive,256,16,35,0.013472
run_20260922T232200Z,gemm_naive,256,16,36,0.013664
run_20260922T232200Z,gemm_naive,256,16,37,0.013504
run_20260922T232200Z,gemm_naive,256,16,38,0.013472
run_20260922T232200Z,gemm_naive,256,16,39,0.014016
run_20260922T232200Z,gemm_naive,256,16,40,0.013664
run_20260922T232200Z,gemm_naive,256,16,41,0.01344
run_20260922T232200Z,gemm_naive,256,16,42,0.013536
run_20260922T232200Z,gemm_naive,256,16,43,0.013344
run_20260922T232200Z,gemm_naive,256,16,44,0.013344
run_20260922T232200Z,gemm_naive,256,16,45,0.013376
run_20260922T232200Z,gemm_naive,256,16,46,0.013504
run_20260922T232200Z,gemm_naive,256,16,47,0.013664
run_20260922T232200Z,gemm_naive,256,16,48,0.013504
run_20260922T232200Z,gemm_naive,256,16,49,0.01376
run_20260922T232200Z,gemm_naive,512,16,0,0.061312
run_20260922T232200Z,gemm_naive,512,16,1,0.06048
run_20260922T232200Z,gemm_naive,512,16,2,0.060288
run_20260922T232200Z,gemm_naive,512,16,3,0.06112
run_20260922T232200Z,gemm_naive,512,16,4,0.060288
run_20260922T232200Z,gemm_naive,512,16,5,0.060224
run_20260922T232200Z,gemm_naive,512,16,6,0.060384
run_20260922T232200Z,gemm_naive,512,16,7,0.060192
run_20260922T232200Z,gemm_naive,512,16,8,0.060384
run_20260922T232200Z,gemm_naive,512,16,9,0.060576
run_20260922T232200Z,gemm_naive,512,16,10,0.060192
run_20260922T232200Z,gemm_naive,512,16,11,0.059968
run_20260922T232200Z,gemm_naive,512,16,12,0.059872
run_20260922T232200Z,gemm_naive,512,16,13,0.060576
run_20260922T232200Z,gemm_naive,512,16,14,0.060224
run_20260922T232200Z,gemm_naive,512,16,15,0.06064
run_20260922T232200Z,gemm_naive,512,16,16,0.060992
run_20260922T232200Z,gemm_naive,512,16,17,0.060896
run_20260922T232200Z,gemm_naive,512,16,18,0.060224
run_20260922T232200Z,gemm_naive,512,16,19,0.060832
run_20260922T232200Z,gemm_naive,512,16,20,0.060256
run_20260922T232200Z,gemm_naive,512,16,21,0.060096
run_20260922T232200Z,gemm_naive,512,16,22,0.060512
run_20260922T232200Z,gemm_naive,512,16,23,0.059776
run_20260922T232200Z,gemm_naive,512,16,24,0.059904
run_20260922T232200Z,gemm_naive,512,16,25,0.06016
run_20260922T232200Z,gemm_naive,512,16,26,0.06032
run_20260922T232200Z,gemm_naive,512,16,27,0.060096
run_20260922T232200Z,gemm_naive,512,16,28,0.060064
run_20260922T232200Z,gemm_naive,512,16,29,0.060288
run_20260922T232200Z,gemm_naive,512,16,30,0.06016
run_20260922T232200Z,gemm_naive,512,16,31,0.060288
run_20260922T232200Z,gemm_naive,512,16,32,0.060384
run_20260922T232200Z,gemm_naive,512,16,33,0.059968
run_20260922T232200Z,gemm_naive,512,16,34,0.060256
run_20260922T232200Z,gemm_naive,512,16,35,0.060096
run_20260922T232200Z,gemm_naive,512,16,36,0.060544
run_20260922T232200Z,gemm_naive,512,16,37,0.060224
run_20260922T232200Z,gemm_naive,512,16,38,0.060352
run_20260922T232200Z,gemm_naive,512,16,39,0.060832
run_20260922T232200Z,gemm_naive,512,16,40,0.059808
run_20260922T232200Z,gemm_naive,512,16,41,0.06032
run_20260922T232200Z,gemm_naive,512,16,42,0.06048
run_20260922T232200Z,gemm_naive,512,16,43,0.06
run_20260922T232200Z,gemm_naive,512,16,44,0.060416
run_20260922T232200Z,gemm_naive,512,16,45,0.060064
run_20260922T232200Z,gemm_naive,512,16,46,0.060192
run_20260922T232200Z,gemm_naive,512,16,47,0.060384
run_20260922T232200Z,gemm_naive,512,16,48,0.059872
run_20260922T232200Z,gemm_naive,512,16,49,0.060416
run_20260922T232200Z,gemm_naive,1024,16,0,0.420224
run_20260922T232200Z,gemm_naive,1024,16,1,0.41792
run_20260922T232200Z,gemm_naive,1024,16,2,0.418144
run_20260922T232200Z,gemm_naive,1024,16,3,0.419232
run_20260922T232200Z,gemm_naive,1024,16,4,0.41776
run_20260922T232200Z,gemm_naive,1024,16,5,0.417728
run_20260922T232200Z,gemm_naive,1024,16,6,0.420288
run_20260922T232200Z,gemm_naive,1024,16,7,0.419392
run_20260922T232200Z,gemm_naive,1024,16,8,0.41632
run_20260922T232200Z,gemm_naive,1024,16,9,0.41952
run_20260922T232200Z,gemm_naive,1024,16,10,0.41728
run_20260922T232200Z,gemm_naive,1024,16,11,0.41888
run_20260922T232200Z,gemm_naive,1024,16,12,0.415904
run_20260922T232200Z,gemm_naive,1024,16,13,0.41776
run_20260922T232200Z,gemm_naive,1024,16,14,0.417024
run_20260922T232200Z,gemm_naive,1024,16,15,0.417824
run_20260922T232200Z,gemm_naive,1024,16,16,0.419872
run_20260922T232200Z,gemm_naive,1024,16,17,0.419552
run_20260922T232200Z,gemm_naive,1024,16,18,0.417664
run_20260922T232200Z,gemm_naive,1024,16,19,0.417344
run_20260922T232200Z,gemm_naive,1024,16,20,0.415648
run_20260922T232200Z,gemm_naive,1024,16,21,0.417344
run_20260922T232200Z,gemm_naive,1024,16,22,0.419136
run_20260922T232200Z,gemm_naive,1024,16,23,0.41568
run_20260922T232200Z,gemm_naive,1024,16,24,0.41744
run_20260922T232200Z,gemm_naive,1024,16,25,0.416096
run_20260922T232200Z,gemm_naive,1024,16,26,0.416512
run_20260922T232200Z,gemm_naive,1024,16,27,0.41664
run_20260922T232200Z,gemm_naive,1024,16,28,0.417408
run_20260922T232200Z,gemm_naive,1024,16,29,0.416672
run_20260922T232200Z,gemm_naive,1024,16,30,0.415712
run_20260922T232200Z,gemm_naive,1024,16,31,0.418272
run_20260922T232200Z,gemm_naive,1024,16,32,0.417536
run_20260922T232200Z,gemm_naive,1024,16,33,0.417824
run_20260922T232200Z,gemm_naive,1024,16,34,0.422016
run_20260922T232200Z,gemm_naive,1024,16,35,0.417024
run_20260922T232200Z,gemm_naive,1024,16,36,0.41856
run_20260922T232200Z,gemm_naive,1024,16,37,0.419872
run_20260922T232200Z,gemm_naive,1024,16,38,0.417024
run_20260922T232200Z,gemm_naive,1024,16,39,0.418944
run_20260922T232200Z,gemm_naive,1024,16,40,0.418944
run_20260922T232200Z,gemm_naive,1024,16,41,0.417056
run_20260922T232200Z,gemm_naive,1024,16,42,0.420608
run_20260922T232200Z,gemm_naive,1024,16,43,0.417504
run_20260922T232200Z,gemm_naive,1024,16,44,0.41776
run_20260922T232200Z,gemm_naive,1024,16,45,0.416896
run_20260922T232200Z,gemm_naive,1024,16,46,0.41744
run_20260922T232200Z,gemm_naive,1024,16,47,0.416768
run_20260922T232200Z,gemm_naive,1024,16,48,0.417024
run_20260922T232200Z,gemm_naive,1024,16,49,0.418208
run_20260922T232200Z,gemm_naive,2048,16,0,3.181312
run_20260922T232200Z,gemm_naive,2048,16,1,3.1744
run_20260922T232200Z,gemm_naive,2048,16,2,3.17712
run_20260922T232200Z,gemm_naive,2048,16,3,3.176096
run_20260922T232200Z,gemm_naive,2048,16,4,3.175008
run_20260922T232200Z,gemm_naive,2048,16,5,3.176704
run_20260922T232200Z,gemm_naive,2048,16,6,3.178336
run_20260922T232200Z,gemm_naive,2048,16,7,3.17552
run_20260922T232200Z,gemm_naive,2048,16,8,3.176096
run_20260922T232200Z,gemm_naive,2048,16,9,3.177088
run_20260922T232200Z,gemm_naive,2048,16,10,3.175136
run_20260922T232200Z,gemm_naive,2048,16,11,3.175424
run_20260922T232200Z,gemm_naive,2048,16,12,3.177568
run_20260922T232200Z,gemm_naive,2048,16,13,3.17456
run_20260922T232200Z,gemm_naive,2048,16,14,3.176608
run_20260922T232200Z,gemm_naive,2048,16,15,3.174656
run_20260922T232200Z,gemm_naive,2048,16,16,3.175232
run_20260922T232200Z,gemm_naive,2048,16,17,3.176896
run_20260922T232200Z,gemm_naive,2048,16,18,3.176576
run_20260922T232200Z,gemm_naive,2048,16,19,3.176032
run_20260922T232200Z,gemm_naive,2048,16,20,3.175456
run_20260922T232200Z,gemm_naive,2048,16,21,3.175072
run_20260922T232200Z,gemm_naive,2048,16,22,3.17728
run_20260922T232200Z,gemm_naive,2048,16,23,3.177312
run_20260922T232200Z,gemm_naive,2048,16,24,3.176416
run_20260922T232200Z,gemm_naive,2048,16,25,3.17456
run_20260922T232200Z,gemm_naive,2048,16,26,3.178144
run_20260922T232200Z,gemm_naive,2048,16,27,3.1768
run_20260922T232200Z,gemm_naive,2048,16,28,3.175776
run_20260922T232200Z,gemm_naive,2048,16,29,3.17648
run_20260922T232200Z,gemm_naive,2048,16,30,3.18192
run_20260922T232200Z,gemm_naive,2048,16,31,3.174208
run_20260922T232200Z,gemm_naive,2048,16,32,3.1752
run_20260922T232200Z,gemm_naive,2048,16,33,3.176992
run_20260922T232200Z,gemm_naive,2048,16,34,3.176064
run_20260922T232200Z,gemm_naive,2048,16,35,3.176576
run_20260922T232200Z,gemm_naive,2048,16,36,3.177952
run_20260922T232200Z,gemm_naive,2048,16,37,3.174464
run_20260922T232200Z,gemm_naive,2048,16,38,3.178144
run_20260922T232200Z,gemm_naive,2048,16,39,3.178752
run_20260922T232200Z,gemm_naive,2048,16,40,3.17728
run_20260922T232200Z,gemm_naive,2048,16,41,3.177792
run_20260922T232200Z,gemm_naive,2048,16,42,3.174848
run_20260922T232200Z,gemm_naive,2048,16,43,3.177376
run_20260922T232200Z,gemm_naive,2048,16,44,3.177312
run_20260922T232200Z,gemm_naive,2048,16,45,3.175616
run_20260922T232200Z,gemm_naive,2048,16,46,3.17744
run_20260922T232200Z,gemm_naive,2048,16,47,3.17712
run_20260922T232200Z,gemm_naive,2048,16,48,3.176064
run_20260922T232200Z,gemm_naive,2048,16,49,3.17632
run_20260922T232200Z,gemm_tiled,128,16,0,0.008256
run_20260922T232200Z,gemm_tiled,128,16,1,0.008416
run_20260922T232200Z,gemm_tiled,128,16,2,0.00768
run_20260922T232200Z,gemm_tiled,128,16,3,0.00768
run_20260922T232200Z,gemm_tiled,128,16,4,0.007968
run_20260922T232200Z,gemm_tiled,128,16,5,0.007808
run_20260922T232200Z,gemm_tiled,128,16,6,0.007552
run_20260922T232200Z,gemm_tiled,128,16,7,0.007968
run_20260922T232200Z,gemm_tiled,128,16,8,0.00752
run_20260922T232200Z,gemm_tiled,128,16,9,0.00768
run_20260922T232200Z,gemm_tiled,128,16,10,0.007488
run_20260922T232200Z,gemm_tiled,128,16,11,0.00736
run_20260922T232200Z,gemm_tiled,128,16,12,0.007232
run_20260922T232200Z,gemm_tiled,128,16,13,0.007712
run_20260922T232200Z,gemm_tiled,128,16,14,0.007904
run_20260922T232200Z,gemm_tiled,128,16,15,0.007616
run_20260922T232200Z,gemm_tiled,128,16,16,0.007296
run_20260922T232200Z,gemm_tiled,128,16,17,0.008224
run_20260922T232200Z,gemm_tiled,128,16,18,0.007584
run_20260922T232200Z,gemm_tiled,128,16,19,0.007424
run_20260922T232200Z,gemm_tiled,128,16,20,0.008032
run_20260922T232200Z,gemm_tiled,128,16,21,0.007712
run_20260922T232200Z,gemm_tiled,128,16,22,0.007392
run_20260922T232200Z,gemm_tiled,128,16,23,0.00784
run_20260922T232200Z,gemm_tiled,128,16,24,0.007584
run_20260922T232200Z,gemm_tiled,128,16,25,0.007648
run_20260922T232200Z,gemm_tiled,128,16,26,0.00784
run_20260922T232200Z,gemm_tiled,128,16,27,0.007584
run_20260922T232200Z,gemm_tiled,128,16,28,0.007648
run_20260922T232200Z,gemm_tiled,128,16,29,0.007488
run_20260922T232200Z,gemm_tiled,128,16,30,0.00784
run_20260922T232200Z,gemm_tiled,128,16,31,0.007744
run_20260922T232200Z,gemm_tiled,128,16,32,0.007744
run_20260922T232200Z,gemm_tiled,128,16,33,0.011584
run_20260922T232200Z,gemm_tiled,128,16,34,0.007392
run_20260922T232200Z,gemm_tiled,128,16,35,0.00736
run_20260922T232200Z,gemm_tiled,128,16,36,0.007488
run_20260922T232200Z,gemm_tiled,128,16,37,0.008032
run_20260922T232200Z,gemm_tiled,128,16,38,0.00752
run_20260922T232200Z,gemm_tiled,128,16,39,0.007264
run_20260922T232200Z,gemm_tiled,128,16,40,0.00784
run_20260922T232200Z,gemm_tiled,128,16,41,0.007712
run_20260922T232200Z,gemm_tiled,128,16,42,0.007392
run_20260922T232200Z,gemm_tiled,128,16,43,0.008096
run_20260922T232200Z,gemm_tiled,128,16,44,0.007552
run_20260922T232200Z,gemm_tiled,128,16,45,0.007616
run_20260922T232200Z,gemm_tiled,128,16,46,0.00736
run_20260922T232200Z,gemm_tiled,128,16,47,0.00784
run_20260922T232200Z,gemm_tiled,128,16,48,0.007552
run_20260922T232200Z,gemm_tiled,128,16,49,0.00768
run_20260922T232200Z,gemm_tiled,256,16,0,0.012448
run_20260922T232200Z,gemm_tiled,256,16,1,0.012096
run_20260922T232200Z,gemm_tiled,256,16,2,0.011328
run_20260922T232200Z,gemm_tiled,256,16,3,0.01152
run_20260922T232200Z,gemm_tiled,256,16,4,0.011808
run_20260922T232200Z,gemm_tiled,256,16,5,0.011456
run_20260922T232200Z,gemm_tiled,256,16,6,0.011456
run_20260922T232200Z,gemm_tiled,256,16,7,0.012224
run_20260922T232200Z,gemm_tiled,256,16,8,0.011488
run_20260922T232200Z,gemm_tiled,256,16,9,0.011488
run_20260922T232200Z,gemm_tiled,256,16,10,0.011392
run_20260922T232200Z,gemm_tiled,256,16,11,0.011872
run_20260922T232200Z,gemm_tiled,256,16,12,0.01168
run_20260922T232200Z,gemm_tiled,256,16,13,0.011424
run_20260922T232200Z,gemm_tiled,256,16,14,0.011712
run_20260922T232200Z,gemm_tiled,256,16,15,0.011808
run_20260922T232200Z,gemm_tiled,256,16,16,0.011424
run_20260922T232200Z,gemm_tiled,256,16,17,0.011616
run_20260922T232200Z,gemm_tiled,256,16,18,0.011072
run_20260922T232200Z,gemm_tiled,256,16,19,0.011712
run_20260922T232200Z,gemm_tiled,256,16,20,0.011872
run_20260922T232200Z,gemm_tiled,256,16,21,0.011456
run_20260922T232200Z,gemm_tiled,256,16,22,0.011456
run_20260922T232200Z,gemm_tiled,256,16,23,0.011456
run_20260922T232200Z,gemm_tiled,256,16,24,0.012096
run_20260922T232200Z,gemm_tiled,256,16,25,0.011264
run_20260922T232200Z,gemm_tiled,256,16,26,0.011232
run_20260922T232200Z,gemm_tiled,256,16,27,0.011936
run_20260922T232200Z,gemm_tiled,256,16,28,0.01136
run_20260922T232200Z,gemm_tiled,256,16,29,0.01168
run_20260922T232200Z,gemm_tiled,256,16,30,0.011648
run_20260922T232200Z,gemm_tiled,256,16,31,0.01184
run_20260922T232200Z,gemm_tiled,256,16,32,0.01136
run_20260922T232200Z,gemm_tiled,256,16,33,0.01152
run_20260922T232200Z,gemm_tiled,256,16,34,0.011776
run_20260922T232200Z,gemm_tiled,256,16,35,0.01168
run_20260922T232200Z,gemm_tiled,256,16,36,0.011424
run_20260922T232200Z,gemm_tiled,256,16,37,0.011712
run_20260922T232200Z,gemm_tiled,256,16,38,0.011264
run_20260922T232200Z,gemm_tiled,256,16,39,0.011808
run_20260922T232200Z,gemm_tiled,256,16,40,0.011744
run_20260922T232200Z,gemm_tiled,256,16,41,0.01152
run_20260922T232200Z,gemm_tiled,256,16,42,0.011488
run_20260922T232200Z,gemm_tiled,256,16,43,0.011648
run_20260922T232200Z,gemm_tiled,256,16,44,0.011488
run_20260922T232200Z,gemm_tiled,256,16,45,0.011424
run_20260922T232200Z,gemm_tiled,256,16,46,0.011232
run_20260922T232200Z,gemm_tiled,256,16,47,0.01216
run_20260922T232200Z,gemm_tiled,256,16,48,0.011648
run_20260922T232200Z,gemm_tiled,256,16,49,0.011456
run_20260922T232200Z,gemm_tiled,512,16,0,0.043328
run_20260922T232200Z,gemm_tiled,512,16,1,0.042688
run_20260922T232200Z,gemm_tiled,512,16,2,0.041728
run_20260922T232200Z,gemm_tiled,512,16,3,0.042048
run_20260922T232200Z,gemm_tiled,512,16,4,0.042464
run_20260922T232200Z,gemm_tiled,512,16,5,0.042272
run_20260922T232200Z,gemm_tiled,512,16,6,0.041984
run_20260922T232200Z,gemm_tiled,512,16,7,0.04256
run_20260922T232200Z,gemm_tiled,512,16,8,0.042048
run_20260922T232200Z,gemm_tiled,512,16,9,0.042016
run_20260922T232200Z,gemm_tiled,512,16,10,0.041824
run_20260922T232200Z,gemm_tiled,512,16,11,0.042144
run_20260922T232200Z,gemm_tiled,512,16,12,0.042112
run_20260922T232200Z,gemm_tiled,512,16,13,0.041888
run_20260922T232200Z,gemm_tiled,512,16,14,0.042144
run_20260922T232200Z,gemm_tiled,512,16,15,0.04192
run_20260922T232200Z,gemm_tiled,512,16,16,0.042112
run_20260922T232200Z,gemm_tiled,512,16,17,0.042464
run_20260922T232200Z,gemm_tiled,512,16,18,0.041856
run_20260922T232200Z,gemm_tiled,512,16,19,0.0424
run_20260922T232200Z,gemm_tiled,512,16,20,0.042208
run_20260922T232200Z,gemm_tiled,512,16,21,0.041888
run_20260922T232200Z,gemm_tiled,512,16,22,0.042016
run_20260922T232200Z,gemm_tiled,512,16,23,0.04176
run_20260922T232200Z,gemm_tiled,512,16,24,0.0424
run_20260922T232200Z,gemm_tiled,512,16,25,0.04192
run_20260922T232200Z,gemm_tiled,512,16,26,0.041824
run_20260922T232200Z,gemm_tiled,512,16,27,0.042432
run_20260922T232200Z,gemm_tiled,512,16,28,0.041856
run_20260922T232200Z,gemm_tiled,512,16,29,0.04192
run_20260922T232200Z,gemm_tiled,512,16,30,0.042016
run_20260922T232200Z,gemm_tiled,512,16,31,0.042112
run_20260922T232200Z,gemm_tiled,512,16,32,0.041792
run_20260922T232200Z,gemm_tiled,512,16,33,0.041856
run_20260922T232200Z,gemm_tiled,512,16,34,0.042208
run_20260922T232200Z,gemm_tiled,512,16,35,0.0416
run_20260922T232200Z,gemm_tiled,512,16,36,0.042048
run_20260922T232200Z,gemm_tiled,512,16,37,0.042464
run_20260922T232200Z,gemm_tiled,512,16,38,0.042016
run_20260922T232200Z,gemm_tiled,512,16,39,0.042272
run_20260922T232200Z,gemm_tiled,512,16,40,0.042656
run_20260922T232200Z,gemm_tiled,512,16,41,0.042016
run_20260922T232200Z,gemm_tiled,512,16,42,0.041728
run_20260922T232200Z,gemm_tiled,512,16,43,0.042624
run_20260922T232200Z,gemm_tiled,512,16,44,0.042304
run_20260922T232200Z,gemm_tiled,512,16,45,0.041952
run_20260922T232200Z,gemm_tiled,512,16,46,0.041888
run_20260922T232200Z,gemm_tiled,512,16,47,0.042496
run_20260922T232200Z,gemm_tiled,512,16,48,0.04208
run_20260922T232200Z,gemm_tiled,512,16,49,0.041824
run_20260922T232200Z,gemm_tiled,1024,16,0,0.279904
run_20260922T232200Z,gemm_tiled,1024,16,1,0.280256
run_20260922T232200Z,gemm_tiled,1024,16,2,0.279136
run_20260922T232200Z,gemm_tiled,1024,16,3,0.27888
run_20260922T232200Z,gemm_tiled,1024,16,4,0.279072
run_20260922T232200Z,gemm_tiled,1024,16,5,0.279296
run_20260922T232200Z,gemm_tiled,1024,16,6,0.278432
run_20260922T232200Z,gemm_tiled,1024,16,7,0.279616
run_20260922T232200Z,gemm_tiled,1024,16,8,0.278848
run_20260922T232200Z,gemm_tiled,1024,16,9,0.27888
run_20260922T232200Z,gemm_tiled,1024,16,10,0.2784
run_20260922T232200Z,gemm_tiled,1024,16,11,0.279104
run_20260922T232200Z,gemm_tiled,1024,16,12,0.278816
run_20260922T232200Z,gemm_tiled,1024,16,13,0.278688
run_20260922T232200Z,gemm_tiled,1024,16,14,0.279136
run_20260922T232200Z,gemm_tiled,1024,16,15,0.278816
run_20260922T232200Z,gemm_tiled,1024,16,16,0.27904
run_20260922T232200Z,gemm_tiled,1024,16,17,0.279552
run_20260922T232200Z,gemm_tiled,1024,16,18,0.278816
run_20260922T232200Z,gemm_tiled,1024,16,19,0.278656
run_20260922T232200Z,gemm_tiled,1024,16,20,0.279648
run_20260922T232200Z,gemm_tiled,1024,16,21,0.278912
run_20260922T232200Z,gemm_tiled,1024,16,22,0.279232
run_20260922T232200Z,gemm_tiled,1024,16,23,0.278752
run_20260922T232200Z,gemm_tiled,1024,16,24,0.2792
run_20260922T232200Z,gemm_tiled,1024,16,25,0.278848
run_20260922T232200Z,gemm_tiled,1024,16,26,0.278816
run_20260922T232200Z,gemm_tiled,1024,16,27,0.279072
run_20260922T232200Z,gemm_tiled,1024,16,28,0.278464
run_20260922T232200Z,gemm_tiled,1024,16,29,0.278976
run_20260922T232200Z,gemm_tiled,1024,16,30,0.279392
run_20260922T232200Z,gemm_tiled,1024,16,31,0.278688
run_20260922T232200Z,gemm_tiled,1024,16,32,0.278752
run_20260922T232200Z,gemm_tiled,1024,16,33,0.278848
run_20260922T232200Z,gemm_tiled,1024,16,34,0.278912
run_20260922T232200Z,gemm_tiled,1024,16,35,0.278848
run_20260922T232200Z,gemm_tiled,1024,16,36,0.278464
run_20260922T232200Z,gemm_tiled,1024,16,37,0.279232
run_20260922T232200Z,gemm_tiled,1024,16,38,0.278944
run_20260922T232200Z,gemm_tiled,1024,16,39,0.278848
run_20260922T232200Z,gemm_tiled,1024,16,40,0.279392
run_20260922T232200Z,gemm_tiled,1024,16,41,0.278976
run_20260922T232200Z,gemm_tiled,1024,16,42,0.27872
run_20260922T232200Z,gemm_tiled,1024,16,43,0.279552
run_20260922T232200Z,gemm_tiled,1024,16,44,0.278848
run_20260922T232200Z,gemm_tiled,1024,16,45,0.278464
run_20260922T232200Z,gemm_tiled,1024,16,46,0.279136
run_20260922T232200Z,gemm_tiled,1024,16,47,0.279328
run_20260922T232200Z,gemm_tiled,1024,16,48,0.27872
run_20260922T232200Z,gemm_tiled,1024,16,49,0.278784
run_20260922T232200Z,gemm_tiled,2048,16,0,2.106496
run_20260922T232200Z,gemm_tiled,2048,16,1,2.105952
run_20260922T232200Z,gemm_tiled,2048,16,2,2.104832
run_20260922T232200Z,gemm_tiled,2048,16,3,2.105728
run_20260922T232200Z,gemm_tiled,2048,16,4,2.10592
run_20260922T232200Z,gemm_tiled,2048,16,5,2.105632
run_20260922T232200Z,gemm_tiled,2048,16,6,2.106144
run_20260922T232200Z,gemm_tiled,2048,16,7,2.106304
run_20260922T232200Z,gemm_tiled,2048,16,8,2.105088
run_20260922T232200Z,gemm_tiled,2048,16,9,2.105312
run_20260922T232200Z,gemm_tiled,2048,16,10,2.105696
run_20260922T232200Z,gemm_tiled,2048,16,11,2.104832
run_20260922T232200Z,gemm_tiled,2048,16,12,2.105344
run_20260922T232200Z,gemm_tiled,2048,16,13,2.104384
run_20260922T232200Z,gemm_tiled,2048,16,14,2.105216
run_20260922T232200Z,gemm_tiled,2048,16,15,2.106048
run_20260922T232200Z,gemm_tiled,2048,16,16,2.107488
run_20260922T232200Z,gemm_tiled,2048,16,17,2.105504
run_20260922T232200Z,gemm_tiled,2048,16,18,2.107072
run_20260922T232200Z,gemm_tiled,2048,16,19,2.10624
run_20260922T232200Z,gemm_tiled,2048,16,20,2.106912
run_20260922T232200Z,gemm_tiled,2048,16,21,2.105568
run_20260922T232200Z,gemm_tiled,2048,16,22,2.105824
run_20260922T232200Z,gemm_tiled,2048,16,23,2.105664
run_20260922T232200Z,gemm_tiled,2048,16,24,2.10544
run_20260922T232200Z,gemm_tiled,2048,16,25,2.106176
run_20260922T232200Z,gemm_tiled,2048,16,26,2.105184
run_20260922T232200Z,gemm_tiled,2048,16,27,2.107328
run_20260922T232200Z,gemm_tiled,2048,16,28,2.105312
run_20260922T232200Z,gemm_tiled,2048,16,29,2.105632
run_20260922T232200Z,gemm_tiled,2048,16,30,2.108704
run_20260922T232200Z,gemm_tiled,2048,16,31,2.106336
run_20260922T232200Z,gemm_tiled,2048,16,32,2.105472
run_20260922T232200Z,gemm_tiled,2048,16,33,2.106048
run_20260922T232200Z,gemm_tiled,2048,16,34,2.107392
run_20260922T232200Z,gemm_tiled,2048,16,35,2.106144
run_20260922T232200Z,gemm_tiled,2048,16,36,2.105184
run_20260922T232200Z,gemm_tiled,2048,16,37,2.106752
run_20260922T232200Z,gemm_tiled,2048,16,38,2.106752
run_20260922T232200Z,gemm_tiled,2048,16,39,2.105824
run_20260922T232200Z,gemm_tiled,2048,16,40,2.106112
run_20260922T232200Z,gemm_tiled,2048,16,41,2.105984
run_20260922T232200Z,gemm_tiled,2048,16,42,2.106208
run_20260922T232200Z,gemm_tiled,2048,16,43,2.106144
run_20260922T232200Z,gemm_tiled,2048,16,44,2.106304
run_20260922T232200Z,gemm_tiled,2048,16,45,2.105056
run_20260922T232200Z,gemm_tiled,2048,16,46,2.106048
run_20260922T232200Z,gemm_tiled,2048,16,47,2.105504
run_20260922T232200Z,gemm_tiled,2048,16,48,2.106112
run_20260922T232200Z,gemm_tiled,2048,16,49,2.106176
