timestamp,epoch_s,monotonic_s,query_duration_s,gpu_uuid,gpu_name,power_watts,gpu_utilization_pct,memory_utilization_pct,graphics_clock_mhz,memory_clock_mhz,temperature_c,run_id,session_id,scenario_id,trial,workload_type,phase,backend,power_scope
2026-09-23T02:40:53.813881+00:00,1790131253.813881,3582524.560761793,0.03383231163024902,GPU-91e942dc-edbb-7f2a-9cea-167356bbd86a,NVIDIA H100 80GB HBM3,96.68,0.0,0.0,345.0,2619.0,32.0,power_20260923T024053Z_7c7f5f05,power_20260923T024053Z_7c7f5f05_trial_1,memcpy_bandwidth-67108864-256,1,memcpy_bandwidth,idle,cuda,gpu_board
2026-09-23T02:40:54.049770+00:00,1790131254.0497699,3582524.796653148,0.03762412071228027,GPU-91e942dc-edbb-7f2a-9cea-167356bbd86a,NVIDIA H100 80GB HBM3,96.64,0.0,0.0,345.0,2619.0,32.0,power_20260923T024053Z_7c7f5f05,power_20260923T024053Z_7c7f5f05_trial_1,memcpy_bandwidth-67108864-256,1,memcpy_bandwidth,idle,cuda,gpu_board
2026-09-23T02:40:54.286533+00:00,1790131254.2865334,3582525.033409188,0.035515546798706055,GPU-91e942dc-edbb-7f2a-9cea-167356bbd86a,NVIDIA H100 80GB HBM3,96.65,0.0,0.0,345.0,2619.0,32.0,power_20260923T024053Z_7c7f5f05,power_20260923T024053Z_7c7f5f05_trial_1,memcpy_bandwidth-67108864-256,1,memcpy_bandwidth,idle,cuda,gpu_board
2026-09-23T02:40:54.522796+00:00,1790131254.5227957,3582525.2696726806,0.03670167922973633,GPU-91e942dc-edbb-7f2a-9cea-167356bbd86a,NVIDIA H100 80GB HBM3,96.6,0.0,0.0,345.0,2619.0,32.0,power_20260923T024053Z_7c7f5f05,power_20260923T024053Z_7c7f5f05_trial_1,memcpy_bandwidth-67108864-256,1,memcpy_bandwidth,idle,cuda,gpu_board
2026-09-23T02:40:54.759325+00:00,1790131254.7593246,3582525.5061994307,0.035971879959106445,GPU-91e942dc-edbb-7f2a-9cea-167356bbd86a,NVIDIA H100 80GB HBM3,96.61,0.0,0.0,345.0,2619.0,32.0,power_20260923T024053Z_7c7f5f05,power_20260923T024053Z_7c7f5f05_trial_1,memcpy_bandwidth-67108864-256,1,memcpy_bandwidth,idle,cuda,gpu_board
2026-09-23T02:40:54.995609+00:00,1790131254.9956088,3582525.7424875,0.03630685806274414,GPU-91e942dc-edbb-7f2a-9cea-167356bbd86a,NVIDIA H100 80GB HBM3,96.6,0.0,0.0,345.0,2619.0,32.0,power_20260923T024053Z_7c7f5f05,power_20260923T024053Z_7c7f5f05_trial_1,memcpy_bandwidth-67108864-256,1,memcpy_bandwidth,idle,cuda,gpu_board
2026-09-23T02:40:55.231222+00:00,1790131255.2312222,3582525.978096894,0.03456711769104004,GPU-91e942dc-edbb-7f2a-9cea-167356bbd86a,NVIDIA H100 80GB HBM3,96.55,0.0,0.0,345.0,2619.0,32.0,power_20260923T024053Z_7c7f5f05,power_20260923T024053Z_7c7f5f05_trial_1,memcpy_bandwidth-67108864-256,1,memcpy_bandwidth,idle,cuda,gpu_board
2026-09-23T02:40:55.466582+00:00,1790131255.4665818,3582526.2134593744,0.03586697578430176,GPU-91e942dc-edbb-7f2a-9cea-167356bbd86a,NVIDIA H100 80GB HBM3,96.57,0.0,0.0,345.0,2619.0,32.0,power_20260923T024053Z_7c7f5f05,power_20260923T024053Z_7c7f5f05_trial_1,memcpy_bandwidth-67108864-256,1,memcpy_bandwidth,idle,cuda,gpu_board
2026-09-23T02:40:55.701792+00:00,1790131255.7017915,3582526.4486653674,0.034243106842041016,GPU-91e942dc-edbb-7f2a-9cea-167356bbd86a,NVIDIA H100 80GB HBM3,96.52,0.0,0.0,345.0,2619.0,32.0,power_20260923T024053Z_7c7f5f05,power_20260923T024053Z_7c7f5f05_trial_1,memcpy_bandwidth-67108864-256,1,memcpy_bandwidth,idle,cuda,gpu_board
2026-09-23T02:40:55.937304+00:00,1790131255.9373038,3582526.6841829084,0.03652477264404297,GPU-91e942dc-edbb-7f2a-9cea-167356bbd86a,NVIDIA H100 80GB HBM3,96.56,0.0,0.0,345.0,2619.0,32.0,power_20260923T024053Z_7c7f5f05,power_20260923T024053Z_7c7f5f05_trial_1,memcpy_bandwidth-67108864-256,1,memcpy_bandwidth,idle,cuda,gpu_board
2026-09-23T02:40:56.172951+00:00,1790131256.1729512,3582526.919829284,0.03444027900695801,GPU-91e942dc-edbb-7f2a-9cea-167356bbd86a,NVIDIA H100 80GB HBM3,96.57,0.0,0.0,345.0,2619.0,32.0,power_20260923T024053Z_7c7f5f05,power_20260923T024053Z_7c7f5f05_trial_1,memcpy_bandwidth-67108864-256,1,memcpy_bandwidth,idle,cuda,gpu_board
2026-09-23T02:40:56.406757+00:00,1790131256.4067574,3582527.1536306664,0.03284597396850586,GPU-91e942dc-edbb-7f2a-9cea-167356bbd86a,NVIDIA H100 80GB HBM3,96.55,0.0,0.0,345.0,2619.0,32.0,power_20260923T024053Z_7c7f5f05,power_20260923T024053Z_7c7f5f05_trial_1,memcpy_bandwidth-67108864-256,1,memcpy_bandwidth,idle,cuda,gpu_board
2026-09-23T02:40:56.639374+00:00,1790131256.6393738,3582527.3862459827,0.03212904930114746,GPU-91e942dc-edbb-7f2a-9cea-167356bbd86a,NVIDIA H100 80GB HBM3,96.59,0.0,0.0,345.0,2619.0,32.0,power_20260923T024053Z_7c7f5f05,power_20260923T024053Z_7c7f5f05_trial_1,memcpy_bandwidth-67108864-256,1,memcpy_bandwidth,idle,cuda,gpu_board
2026-09-23T02:40:56.870919+00:00,1790131256.8709188,3582527.61779004,0.030728816986083984,GPU-91e942dc-edbb-7f2a-9cea-167356bbd86a,NVIDIA H100 80GB HBM3,96.57,0.0,0.0,345.0,2619.0,32.0,power_20260923T024053Z_7c7f5f05,power_20260923T024053Z_7c7f5f05_trial_1,memcpy_bandwidth-67108864-256,1,memcpy_bandwidth,idle,cuda,gpu_board
2026-09-23T02:40:57.101628+00:00,1790131257.1016278,3582527.8484983863,0.030470848083496094,GPU-91e942dc-edbb-7f2a-9cea-167356bbd86a,NVIDIA H100 80GB HBM3,96.57,0.0,0.0,345.0,2619.0,32.0,power_20260923T024053Z_7c7f5f05,power_20260923T024053Z_7c7f5f05_trial_1,memcpy_bandwidth-67108864-256,1,memcpy_bandwidth,idle,cuda,gpu_board
2026-09-23T02:40:57.333798+00:00,1790131257.333798,3582528.0806694976,0.03365921974182129,GPU-91e942dc-edbb-7f2a-9cea-167356bbd86a,NVIDIA H100 80GB HBM3,96.59,0.0,0.0,345.0,2619.0,32.0,power_20260923T024053Z_7c7f5f05,power_20260923T024053Z_7c7f5f05_trial_1,memcpy_bandwidth-67108864-256,1,memcpy_bandwidth,idle,cuda,gpu_board
2026-09-23T02:40:57.569514+00:00,1790131257.5695143,3582528.316394806,0.03754544258117676,GPU-91e942dc-edbb-7f2a-9cea-167356bbd86a,NVIDIA H100 80GB HBM3,96.58,0.0,0.0,345.0,2619.0,32.0,power_20260923T024053Z_7c7f5f05,power_20260923T024053Z_7c7f5f05_trial_1,memcpy_bandwidth-67108864-256,1,memcpy_bandwidth,idle,cuda,gpu_board
2026-09-23T02:40:57.805578+00:00,1790131257.8055778,3582528.5524530057,0.03422856330871582,GPU-91e942dc-edbb-7f2a-9cea-167356bbd86a,NVIDIA H100 80GB HBM3,96.62,0.0,0.0,345.0,2619.0,32.0,power_20260923T024053Z_7c7f5f05,power_20260923T024053Z_7c7f5f05_trial_1,memcpy_bandwidth-67108864-256,1,memcpy_bandwidth,idle,cuda,gpu_board
2026-09-23T02:40:58.167388+00:00,1790131258.1673877,3582528.9142602812,0.2890958786010742,GPU-91e942dc-edbb-7f2a-9cea-167356bbd86a,NVIDIA H100 80GB HBM3,96.59,0.0,0.0,345.0,2619.0,32.0,power_20260923T024053Z_7c7f5f05,power_20260923T024053Z_7c7f5f05_trial_1,memcpy_bandwidth-67108864-256,1,memcpy_bandwidth,workload,cuda,gpu_board
2026-09-23T02:40:58.527858+00:00,1790131258.5278583,3582529.274730008,0.03160738945007324,GPU-91e942dc-edbb-7f2a-9cea-167356bbd86a,NVIDIA H100 80GB HBM3,102.99,0.0,0.0,1980.0,2619.0,33.0,power_20260923T024053Z_7c7f5f05,power_20260923T024053Z_7c7f5f05_trial_1,memcpy_bandwidth-67108864-256,1,memcpy_bandwidth,workload,cuda,gpu_board
2026-09-23T02:40:58.760638+00:00,1790131258.7606382,3582529.5075138793,0.033707618713378906,GPU-91e942dc-edbb-7f2a-9cea-167356bbd86a,NVIDIA H100 80GB HBM3,170.66,67.0,54.0,1980.0,2619.0,37.0,power_20260923T024053Z_7c7f5f05,power_20260923T024053Z_7c7f5f05_trial_1,memcpy_bandwidth-67108864-256,1,memcpy_bandwidth,workload,cuda,gpu_board
2026-09-23T02:40:58.994111+00:00,1790131258.9941108,3582529.740984589,0.03294563293457031,GPU-91e942dc-edbb-7f2a-9cea-167356bbd86a,NVIDIA H100 80GB HBM3,231.73,100.0,91.0,1980.0,2619.0,37.0,power_20260923T024053Z_7c7f5f05,power_20260923T024053Z_7c7f5f05_trial_1,memcpy_bandwidth-67108864-256,1,memcpy_bandwidth,workload,cuda,gpu_board
2026-09-23T02:40:59.226917+00:00,1790131259.2269166,3582529.9737880677,0.032407283782958984,GPU-91e942dc-edbb-7f2a-9cea-167356bbd86a,NVIDIA H100 80GB HBM3,298.92,100.0,91.0,1980.0,2619.0,38.0,power_20260923T024053Z_7c7f5f05,power_20260923T024053Z_7c7f5f05_trial_1,memcpy_bandwidth-67108864-256,1,memcpy_bandwidth,workload,cuda,gpu_board
2026-09-23T02:40:59.459339+00:00,1790131259.4593387,3582530.206209679,0.03220725059509277,GPU-91e942dc-edbb-7f2a-9cea-167356bbd86a,NVIDIA H100 80GB HBM3,384.26,100.0,91.0,1980.0,2619.0,38.0,power_20260923T024053Z_7c7f5f05,power_20260923T024053Z_7c7f5f05_trial_1,memcpy_bandwidth-67108864-256,1,memcpy_bandwidth,workload,cuda,gpu_board
2026-09-23T02:40:59.691994+00:00,1790131259.6919937,3582530.4388654595,0.03288459777832031,GPU-91e942dc-edbb-7f2a-9cea-167356bbd86a,NVIDIA H100 80GB HBM3,408.31,100.0,91.0,1980.0,2619.0,38.0,power_20260923T024053Z_7c7f5f05,power_20260923T024053Z_7c7f5f05_trial_1,memcpy_bandwidth-67108864-256,1,memcpy_bandwidth,workload,cuda,gpu_board
2026-09-23T02:40:59.924457+00:00,1790131259.9244566,3582530.6713283183,0.0317995548248291,GPU-91e942dc-edbb-7f2a-9cea-167356bbd86a,NVIDIA H100 80GB HBM3,408.59,100.0,91.0,1980.0,2619.0,38.0,power_20260923T024053Z_7c7f5f05,power_20260923T024053Z_7c7f5f05_trial_1,memcpy_bandwidth-67108864-256,1,memcpy_bandwidth,workload,cuda,gpu_board
2026-09-23T02:41:00.156695+00:00,1790131260.156695,3582530.903566595,0.032445669174194336,GPU-91e942dc-edbb-7f2a-9cea-167356bbd86a,NVIDIA H100 80GB HBM3,408.94,100.0,91.0,1980.0,2619.0,39.0,power_20260923T024053Z_7c7f5f05,power_20260923T024053Z_7c7f5f05_trial_1,memcpy_bandwidth-67108864-256,1,memcpy_bandwidth,workload,cuda,gpu_board
2026-09-23T02:41:00.388616+00:00,1790131260.3886158,3582531.135486815,0.031167030334472656,GPU-91e942dc-edbb-7f2a-9cea-167356bbd86a,NVIDIA H100 80GB HBM3,409.13,100.0,91.0,1980.0,2619.0,39.0,power_20260923T024053Z_7c7f5f05,power_20260923T024053Z_7c7f5f05_trial_1,memcpy_bandwidth-67108864-256,1,memcpy_bandwidth,workload,cuda,gpu_board
2026-09-23T02:41:00.620655+00:00,1790131260.620655,3582531.367525946,0.03269386291503906,GPU-91e942dc-edbb-7f2a-9cea-167356bbd86a,NVIDIA H100 80GB HBM3,409.32,100.0,91.0,1980.0,2619.0,39.0,power_20260923T024053Z_7c7f5f05,power_20260923T024053Z_7c7f5f05_trial_1,memcpy_bandwidth-67108864-256,1,memcpy_bandwidth,workload,cuda,gpu_board
2026-09-23T02:41:00.853228+00:00,1790131260.8532279,3582531.600098629,0.03223991394042969,GPU-91e942dc-edbb-7f2a-9cea-167356bbd86a,NVIDIA H100 80GB HBM3,409.54,100.0,91.0,1980.0,2619.0,39.0,power_20260923T024053Z_7c7f5f05,power_20260923T024053Z_7c7f5f05_trial_1,memcpy_bandwidth-67108864-256,1,memcpy_bandwidth,workload,cuda,gpu_board
2026-09-23T02:41:01.085240+00:00,1790131261.0852404,3582531.8321119826,0.031574249267578125,GPU-91e942dc-edbb-7f2a-9cea-167356bbd86a,NVIDIA H100 80GB HBM3,409.6,100.0,91.0,1980.0,2619.0,39.0,power_20260923T024053Z_7c7f5f05,power_20260923T024053Z_7c7f5f05_trial_1,memcpy_bandwidth-67108864-256,1,memcpy_bandwidth,workload,cuda,gpu_board
2026-09-23T02:41:01.328891+00:00,1790131261.3288913,3582532.075769623,0.05549931526184082,GPU-91e942dc-edbb-7f2a-9cea-167356bbd86a,NVIDIA H100 80GB HBM3,409.68,100.0,91.0,1980.0,2619.0,40.0,power_20260923T024053Z_7c7f5f05,power_20260923T024053Z_7c7f5f05_trial_1,memcpy_bandwidth-67108864-256,1,memcpy_bandwidth,workload,cuda,gpu_board
2026-09-23T02:41:01.573304+00:00,1790131261.5733037,3582532.320176938,0.03299403190612793,GPU-91e942dc-edbb-7f2a-9cea-167356bbd86a,NVIDIA H100 80GB HBM3,409.89,100.0,91.0,1980.0,2619.0,40.0,power_20260923T024053Z_7c7f5f05,power_20260923T024053Z_7c7f5f05_trial_1,memcpy_bandwidth-67108864-256,1,memcpy_bandwidth,workload,cuda,gpu_board
2026-09-23T02:41:01.805619+00:00,1790131261.8056188,3582532.552491051,0.03138566017150879,GPU-91e942dc-edbb-7f2a-9cea-167356bbd86a,NVIDIA H100 80GB HBM3,410.05,100.0,91.0,1980.0,2619.0,40.0,power_20260923T024053Z_7c7f5f05,power_20260923T024053Z_7c7f5f05_trial_1,memcpy_bandwidth-67108864-256,1,memcpy_bandwidth,workload,cuda,gpu_board
2026-09-23T02:41:02.036754+00:00,1790131262.0367537,3582532.783625218,0.030652761459350586,GPU-91e942dc-edbb-7f2a-9cea-167356bbd86a,NVIDIA H100 80GB HBM3,410.27,100.0,91.0,1980.0,2619.0,40.0,power_20260923T024053Z_7c7f5f05,power_20260923T024053Z_7c7f5f05_trial_1,memcpy_bandwidth-67108864-256,1,memcpy_bandwidth,workload,cuda,gpu_board
2026-09-23T02:41:02.267896+00:00,1790131262.2678957,3582533.014767038,0.03140616416931152,GPU-91e942dc-edbb-7f2a-9cea-167356bbd86a,NVIDIA H100 80GB HBM3,410.66,100.0,91.0,1980.0,2619.0,40.0,power_20260923T024053Z_7c7f5f05,power_20260923T024053Z_7c7f5f05_trial_1,memcpy_bandwidth-67108864-256,1,memcpy_bandwidth,workload,cuda,gpu_board
2026-09-23T02:41:02.499580+00:00,1790131262.4995804,3582533.246451883,0.03174304962158203,GPU-91e942dc-edbb-7f2a-9cea-167356bbd86a,NVIDIA H100 80GB HBM3,410.81,100.0,91.0,1980.0,2619.0,40.0,power_20260923T024053Z_7c7f5f05,power_20260923T024053Z_7c7f5f05_trial_1,memcpy_bandwidth-67108864-256,1,memcpy_bandwidth,workload,cuda,gpu_board
2026-09-23T02:41:02.731065+00:00,1790131262.7310653,3582533.477936569,0.031000852584838867,GPU-91e942dc-edbb-7f2a-9cea-167356bbd86a,NVIDIA H100 80GB HBM3,410.96,100.0,91.0,1980.0,2619.0,40.0,power_20260923T024053Z_7c7f5f05,power_20260923T024053Z_7c7f5f05_trial_1,memcpy_bandwidth-67108864-256,1,memcpy_bandwidth,workload,cuda,gpu_board
2026-09-23T02:41:02.962332+00:00,1790131262.9623322,3582533.709203587,0.031311988830566406,GPU-91e942dc-edbb-7f2a-9cea-167356bbd86a,NVIDIA H100 80GB HBM3,411.18,100.0,91.0,1980.0,2619.0,41.0,power_20260923T024053Z_7c7f5f05,power_20260923T024053Z_7c7f5f05_trial_1,memcpy_bandwidth-67108864-256,1,memcpy_bandwidth,workload,cuda,gpu_board
2026-09-23T02:41:03.193530+00:00,1790131263.1935296,3582533.940400474,0.030861854553222656,GPU-91e942dc-edbb-7f2a-9cea-167356bbd86a,NVIDIA H100 80GB HBM3,411.24,100.0,91.0,1980.0,2619.0,41.0,power_20260923T024053Z_7c7f5f05,power_20260923T024053Z_7c7f5f05_trial_1,memcpy_bandwidth-67108864-256,1,memcpy_bandwidth,workload,cuda,gpu_board
2026-09-23T02:41:03.424569+00:00,1790131263.4245691,3582534.1714398917,0.03100752830505371,GPU-91e942dc-edbb-7f2a-9cea-167356bbd86a,NVIDIA H100 80GB HBM3,411.33,100.0,91.0,1980.0,2619.0,41.0,power_20260923T024053Z_7c7f5f05,power_20260923T024053Z_7c7f5f05_trial_1,memcpy_bandwidth-67108864-256,1,memcpy_bandwidth,workload,cuda,gpu_board
2026-09-23T02:41:03.656237+00:00,1790131263.6562371,3582534.4031081735,0.03211855888366699,GPU-91e942dc-edbb-7f2a-9cea-167356bbd86a,NVIDIA H100 80GB HBM3,411.41,100.0,91.0,1980.0,2619.0,41.0,power_20260923T024053Z_7c7f5f05,power_20260923T024053Z_7c7f5f05_trial_1,memcpy_bandwidth-67108864-256,1,memcpy_bandwidth,workload,cuda,gpu_board
2026-09-23T02:41:03.887900+00:00,1790131263.8879004,3582534.634770834,0.030997753143310547,GPU-91e942dc-edbb-7f2a-9cea-167356bbd86a,NVIDIA H100 80GB HBM3,411.53,100.0,91.0,1980.0,2619.0,41.0,power_20260923T024053Z_7c7f5f05,power_20260923T024053Z_7c7f5f05_trial_1,memcpy_bandwidth-67108864-256,1,memcpy_bandwidth,workload,cuda,gpu_board
2026-09-23T02:41:04.119140+00:00,1790131264.1191401,3582534.8660106724,0.03127741813659668,GPU-91e942dc-edbb-7f2a-9cea-167356bbd86a,NVIDIA H100 80GB HBM3,411.62,100.0,91.0,1980.0,2619.0,41.0,power_20260923T024053Z_7c7f5f05,power_20260923T024053Z_7c7f5f05_trial_1,memcpy_bandwidth-67108864-256,1,memcpy_bandwidth,workload,cuda,gpu_board
2026-09-23T02:41:04.350428+00:00,1790131264.3504283,3582535.0972990906,0.031094074249267578,GPU-91e942dc-edbb-7f2a-9cea-167356bbd86a,NVIDIA H100 80GB HBM3,411.73,100.0,91.0,1980.0,2619.0,41.0,power_20260923T024053Z_7c7f5f05,power_20260923T024053Z_7c7f5f05_trial_1,memcpy_bandwidth-67108864-256,1,memcpy_bandwidth,workload,cuda,gpu_board
2026-09-23T02:41:04.581551+00:00,1790131264.5815506,3582535.328421262,0.03093719482421875,GPU-91e942dc-edbb-7f2a-9cea-167356bbd86a,NVIDIA H100 80GB HBM3,411.78,100.0,91.0,1980.0,2619.0,41.0,power_20260923T024053Z_7c7f5f05,power_20260923T024053Z_7c7f5f05_trial_1,memcpy_bandwidth-67108864-256,1,memcpy_bandwidth,workload,cuda,gpu_board
2026-09-23T02:41:04.814401+00:00,1790131264.8144011,3582535.5612731073,0.03454875946044922,GPU-91e942dc-edbb-7f2a-9cea-167356bbd86a,NVIDIA H100 80GB HBM3,411.78,100.0,91.0,1980.0,2619.0,41.0,power_20260923T024053Z_7c7f5f05,power_20260923T024053Z_7c7f5f05_trial_1,memcpy_bandwidth-67108864-256,1,memcpy_bandwidth,workload,cuda,gpu_board
2026-09-23T02:41:05.047878+00:00,1790131265.0478783,3582535.794748988,0.03217625617980957,GPU-91e942dc-edbb-7f2a-9cea-167356bbd86a,NVIDIA H100 80GB HBM3,411.72,100.0,91.0,1980.0,2619.0,41.0,power_20260923T024053Z_7c7f5f05,power_20260923T024053Z_7c7f5f05_trial_1,memcpy_bandwidth-67108864-256,1,memcpy_bandwidth,workload,cuda,gpu_board
2026-09-23T02:41:05.279939+00:00,1790131265.2799392,3582536.0268098433,0.031739234924316406,GPU-91e942dc-edbb-7f2a-9cea-167356bbd86a,NVIDIA H100 80GB HBM3,411.67,100.0,91.0,1980.0,2619.0,41.0,power_20260923T024053Z_7c7f5f05,power_20260923T024053Z_7c7f5f05_trial_1,memcpy_bandwidth-67108864-256,1,memcpy_bandwidth,workload,cuda,gpu_board
2026-09-23T02:41:05.511794+00:00,1790131265.5117936,3582536.2586644758,0.031755685806274414,GPU-91e942dc-edbb-7f2a-9cea-167356bbd86a,NVIDIA H100 80GB HBM3,411.69,100.0,91.0,1980.0,2619.0,41.0,power_20260923T024053Z_7c7f5f05,power_20260923T024053Z_7c7f5f05_trial_1,memcpy_bandwidth-67108864-256,1,memcpy_bandwidth,workload,cuda,gpu_board
2026-09-23T02:41:05.744110+00:00,1790131265.7441096,3582536.4909808952,0.03267693519592285,GPU-91e942dc-edbb-7f2a-9cea-167356bbd86a,NVIDIA H100 80GB HBM3,411.84,100.0,91.0,1980.0,2619.0,42.0,power_20260923T024053Z_7c7f5f05,power_20260923T024053Z_7c7f5f05_trial_1,memcpy_bandwidth-67108864-256,1,memcpy_bandwidth,workload,cuda,gpu_board
2026-09-23T02:41:05.976109+00:00,1790131265.9761088,3582536.722979528,0.031103134155273438,GPU-91e942dc-edbb-7f2a-9cea-167356bbd86a,NVIDIA H100 80GB HBM3,411.99,100.0,91.0,1980.0,2619.0,42.0,power_20260923T024053Z_7c7f5f05,power_20260923T024053Z_7c7f5f05_trial_1,memcpy_bandwidth-67108864-256,1,memcpy_bandwidth,workload,cuda,gpu_board
2026-09-23T02:41:06.207332+00:00,1790131266.2073321,3582536.954203091,0.031130552291870117,GPU-91e942dc-edbb-7f2a-9cea-167356bbd86a,NVIDIA H100 80GB HBM3,412.08,100.0,91.0,1980.0,2619.0,42.0,power_20260923T024053Z_7c7f5f05,power_20260923T024053Z_7c7f5f05_trial_1,memcpy_bandwidth-67108864-256,1,memcpy_bandwidth,workload,cuda,gpu_board
2026-09-23T02:41:06.438893+00:00,1790131266.438893,3582537.185763888,0.03178119659423828,GPU-91e942dc-edbb-7f2a-9cea-167356bbd86a,NVIDIA H100 80GB HBM3,412.22,100.0,91.0,1980.0,2619.0,42.0,power_20260923T024053Z_7c7f5f05,power_20260923T024053Z_7c7f5f05_trial_1,memcpy_bandwidth-67108864-256,1,memcpy_bandwidth,workload,cuda,gpu_board
2026-09-23T02:41:06.670440+00:00,1790131266.6704397,3582537.4173104684,0.03110194206237793,GPU-91e942dc-edbb-7f2a-9cea-167356bbd86a,NVIDIA H100 80GB HBM3,412.24,100.0,91.0,1980.0,2619.0,42.0,power_20260923T024053Z_7c7f5f05,power_20260923T024053Z_7c7f5f05_trial_1,memcpy_bandwidth-67108864-256,1,memcpy_bandwidth,workload,cuda,gpu_board
2026-09-23T02:41:06.901472+00:00,1790131266.9014716,3582537.648342497,0.03074955940246582,GPU-91e942dc-edbb-7f2a-9cea-167356bbd86a,NVIDIA H100 80GB HBM3,412.33,100.0,91.0,1980.0,2619.0,42.0,power_20260923T024053Z_7c7f5f05,power_20260923T024053Z_7c7f5f05_trial_1,memcpy_bandwidth-67108864-256,1,memcpy_bandwidth,workload,cuda,gpu_board
2026-09-23T02:41:07.132452+00:00,1790131267.1324525,3582537.8793231845,0.031005144119262695,GPU-91e942dc-edbb-7f2a-9cea-167356bbd86a,NVIDIA H100 80GB HBM3,412.43,100.0,91.0,1980.0,2619.0,42.0,power_20260923T024053Z_7c7f5f05,power_20260923T024053Z_7c7f5f05_trial_1,memcpy_bandwidth-67108864-256,1,memcpy_bandwidth,workload,cuda,gpu_board
2026-09-23T02:41:07.363496+00:00,1790131267.3634958,3582538.110366514,0.03087759017944336,GPU-91e942dc-edbb-7f2a-9cea-167356bbd86a,NVIDIA H100 80GB HBM3,412.48,100.0,91.0,1980.0,2619.0,42.0,power_20260923T024053Z_7c7f5f05,power_20260923T024053Z_7c7f5f05_trial_1,memcpy_bandwidth-67108864-256,1,memcpy_bandwidth,workload,cuda,gpu_board
2026-09-23T02:41:07.594467+00:00,1790131267.5944667,3582538.3413376356,0.030853986740112305,GPU-91e942dc-edbb-7f2a-9cea-167356bbd86a,NVIDIA H100 80GB HBM3,412.51,100.0,91.0,1980.0,2619.0,42.0,power_20260923T024053Z_7c7f5f05,power_20260923T024053Z_7c7f5f05_trial_1,memcpy_bandwidth-67108864-256,1,memcpy_bandwidth,workload,cuda,gpu_board
2026-09-23T02:41:07.825662+00:00,1790131267.8256617,3582538.572533275,0.03129887580871582,GPU-91e942dc-edbb-7f2a-9cea-167356bbd86a,NVIDIA H100 80GB HBM3,412.59,100.0,91.0,1980.0,2619.0,42.0,power_20260923T024053Z_7c7f5f05,power_20260923T024053Z_7c7f5f05_trial_1,memcpy_bandwidth-67108864-256,1,memcpy_bandwidth,workload,cuda,gpu_board
2026-09-23T02:41:08.056879+00:00,1790131268.0568788,3582538.803749993,0.030915260314941406,GPU-91e942dc-edbb-7f2a-9cea-167356bbd86a,NVIDIA H100 80GB HBM3,412.65,100.0,91.0,1980.0,2619.0,42.0,power_20260923T024053Z_7c7f5f05,power_20260923T024053Z_7c7f5f05_trial_1,memcpy_bandwidth-67108864-256,1,memcpy_bandwidth,workload,cuda,gpu_board
2026-09-23T02:41:08.288038+00:00,1790131268.2880383,3582539.034908938,0.031179189682006836,GPU-91e942dc-edbb-7f2a-9cea-167356bbd86a,NVIDIA H100 80GB HBM3,412.72,100.0,91.0,1980.0,2619.0,42.0,power_20260923T024053Z_7c7f5f05,power_20260923T024053Z_7c7f5f05_trial_1,memcpy_bandwidth-67108864-256,1,memcpy_bandwidth,workload,cuda,gpu_board
2026-09-23T02:41:08.519362+00:00,1790131268.5193624,3582539.2662330936,0.03126215934753418,GPU-91e942dc-edbb-7f2a-9cea-167356bbd86a,NVIDIA H100 80GB HBM3,412.79,100.0,91.0,1980.0,2619.0,42.0,power_20260923T024053Z_7c7f5f05,power_20260923T024053Z_7c7f5f05_trial_1,memcpy_bandwidth-67108864-256,1,memcpy_bandwidth,workload,cuda,gpu_board
2026-09-23T02:41:08.750620+00:00,1790131268.75062,3582539.4974904926,0.031044721603393555,GPU-91e942dc-edbb-7f2a-9cea-167356bbd86a,NVIDIA H100 80GB HBM3,412.8,100.0,91.0,1980.0,2619.0,42.0,power_20260923T024053Z_7c7f5f05,power_20260923T024053Z_7c7f5f05_trial_1,memcpy_bandwidth-67108864-256,1,memcpy_bandwidth,workload,cuda,gpu_board
2026-09-23T02:41:08.983223+00:00,1790131268.983223,3582539.730097146,0.03394317626953125,GPU-91e942dc-edbb-7f2a-9cea-167356bbd86a,NVIDIA H100 80GB HBM3,412.7,100.0,91.0,1980.0,2619.0,42.0,power_20260923T024053Z_7c7f5f05,power_20260923T024053Z_7c7f5f05_trial_1,memcpy_bandwidth-67108864-256,1,memcpy_bandwidth,workload,cuda,gpu_board
2026-09-23T02:41:09.216951+00:00,1790131269.2169514,3582539.9638235075,0.03324580192565918,GPU-91e942dc-edbb-7f2a-9cea-167356bbd86a,NVIDIA H100 80GB HBM3,412.65,100.0,91.0,1980.0,2619.0,42.0,power_20260923T024053Z_7c7f5f05,power_20260923T024053Z_7c7f5f05_trial_1,memcpy_bandwidth-67108864-256,1,memcpy_bandwidth,workload,cuda,gpu_board
2026-09-23T02:41:09.450980+00:00,1790131269.4509802,3582540.1978513086,0.03457999229431152,GPU-91e942dc-edbb-7f2a-9cea-167356bbd86a,NVIDIA H100 80GB HBM3,412.65,100.0,91.0,1980.0,2619.0,42.0,power_20260923T024053Z_7c7f5f05,power_20260923T024053Z_7c7f5f05_trial_1,memcpy_bandwidth-67108864-256,1,memcpy_bandwidth,workload,cuda,gpu_board
2026-09-23T02:41:09.686357+00:00,1790131269.6863573,3582540.4332303563,0.035956382751464844,GPU-91e942dc-edbb-7f2a-9cea-167356bbd86a,NVIDIA H100 80GB HBM3,412.7,100.0,91.0,1980.0,2619.0,42.0,power_20260923T024053Z_7c7f5f05,power_20260923T024053Z_7c7f5f05_trial_1,memcpy_bandwidth-67108864-256,1,memcpy_bandwidth,workload,cuda,gpu_board
2026-09-23T02:41:09.921406+00:00,1790131269.9214063,3582540.6682826104,0.03384804725646973,GPU-91e942dc-edbb-7f2a-9cea-167356bbd86a,NVIDIA H100 80GB HBM3,412.84,100.0,91.0,1980.0,2619.0,42.0,power_20260923T024053Z_7c7f5f05,power_20260923T024053Z_7c7f5f05_trial_1,memcpy_bandwidth-67108864-256,1,memcpy_bandwidth,workload,cuda,gpu_board
2026-09-23T02:41:10.155732+00:00,1790131270.155732,3582540.902605295,0.0344996452331543,GPU-91e942dc-edbb-7f2a-9cea-167356bbd86a,NVIDIA H100 80GB HBM3,413.04,100.0,91.0,1980.0,2619.0,43.0,power_20260923T024053Z_7c7f5f05,power_20260923T024053Z_7c7f5f05_trial_1,memcpy_bandwidth-67108864-256,1,memcpy_bandwidth,workload,cuda,gpu_board
2026-09-23T02:41:10.388849+00:00,1790131270.3888488,3582541.135720431,0.03148651123046875,GPU-91e942dc-edbb-7f2a-9cea-167356bbd86a,NVIDIA H100 80GB HBM3,413.11,100.0,91.0,1980.0,2619.0,43.0,power_20260923T024053Z_7c7f5f05,power_20260923T024053Z_7c7f5f05_trial_1,memcpy_bandwidth-67108864-256,1,memcpy_bandwidth,workload,cuda,gpu_board
2026-09-23T02:41:10.620461+00:00,1790131270.6204615,3582541.367332582,0.03151106834411621,GPU-91e942dc-edbb-7f2a-9cea-167356bbd86a,NVIDIA H100 80GB HBM3,413.2,100.0,91.0,1980.0,2619.0,43.0,power_20260923T024053Z_7c7f5f05,power_20260923T024053Z_7c7f5f05_trial_1,memcpy_bandwidth-67108864-256,1,memcpy_bandwidth,workload,cuda,gpu_board
2026-09-23T02:41:10.852237+00:00,1790131270.8522365,3582541.599107528,0.03181886672973633,GPU-91e942dc-edbb-7f2a-9cea-167356bbd86a,NVIDIA H100 80GB HBM3,413.29,100.0,91.0,1980.0,2619.0,43.0,power_20260923T024053Z_7c7f5f05,power_20260923T024053Z_7c7f5f05_trial_1,memcpy_bandwidth-67108864-256,1,memcpy_bandwidth,workload,cuda,gpu_board
2026-09-23T02:41:11.083893+00:00,1790131271.0838926,3582541.830763483,0.03126859664916992,GPU-91e942dc-edbb-7f2a-9cea-167356bbd86a,NVIDIA H100 80GB HBM3,413.31,100.0,91.0,1980.0,2619.0,43.0,power_20260923T024053Z_7c7f5f05,power_20260923T024053Z_7c7f5f05_trial_1,memcpy_bandwidth-67108864-256,1,memcpy_bandwidth,workload,cuda,gpu_board
2026-09-23T02:41:11.316231+00:00,1790131271.3162315,3582542.0631022463,0.03319978713989258,GPU-91e942dc-edbb-7f2a-9cea-167356bbd86a,NVIDIA H100 80GB HBM3,413.36,100.0,91.0,1980.0,2619.0,43.0,power_20260923T024053Z_7c7f5f05,power_20260923T024053Z_7c7f5f05_trial_1,memcpy_bandwidth-67108864-256,1,memcpy_bandwidth,workload,cuda,gpu_board
2026-09-23T02:41:11.548970+00:00,1790131271.5489702,3582542.2958409963,0.03207135200500488,GPU-91e942dc-edbb-7f2a-9cea-167356bbd86a,NVIDIA H100 80GB HBM3,413.44,100.0,91.0,1980.0,2619.0,43.0,power_20260923T024053Z_7c7f5f05,power_20260923T024053Z_7c7f5f05_trial_1,memcpy_bandwidth-67108864-256,1,memcpy_bandwidth,workload,cuda,gpu_board
2026-09-23T02:41:11.780607+00:00,1790131271.7806072,3582542.5274778386,0.03099989891052246,GPU-91e942dc-edbb-7f2a-9cea-167356bbd86a,NVIDIA H100 80GB HBM3,413.5,100.0,91.0,1980.0,2619.0,43.0,power_20260923T024053Z_7c7f5f05,power_20260923T024053Z_7c7f5f05_trial_1,memcpy_bandwidth-67108864-256,1,memcpy_bandwidth,workload,cuda,gpu_board
2026-09-23T02:41:12.012390+00:00,1790131272.0123901,3582542.7592607923,0.03235268592834473,GPU-91e942dc-edbb-7f2a-9cea-167356bbd86a,NVIDIA H100 80GB HBM3,413.53,100.0,91.0,1980.0,2619.0,43.0,power_20260923T024053Z_7c7f5f05,power_20260923T024053Z_7c7f5f05_trial_1,memcpy_bandwidth-67108864-256,1,memcpy_bandwidth,workload,cuda,gpu_board
2026-09-23T02:41:12.244882+00:00,1790131272.2448816,3582542.9917518445,0.03242135047912598,GPU-91e942dc-edbb-7f2a-9cea-167356bbd86a,NVIDIA H100 80GB HBM3,413.55,100.0,91.0,1980.0,2619.0,43.0,power_20260923T024053Z_7c7f5f05,power_20260923T024053Z_7c7f5f05_trial_1,memcpy_bandwidth-67108864-256,1,memcpy_bandwidth,workload,cuda,gpu_board
2026-09-23T02:41:12.476735+00:00,1790131272.4767346,3582543.223604981,0.03108358383178711,GPU-91e942dc-edbb-7f2a-9cea-167356bbd86a,NVIDIA H100 80GB HBM3,413.57,100.0,91.0,1980.0,2619.0,43.0,power_20260923T024053Z_7c7f5f05,power_20260923T024053Z_7c7f5f05_trial_1,memcpy_bandwidth-67108864-256,1,memcpy_bandwidth,workload,cuda,gpu_board
2026-09-23T02:41:12.708009+00:00,1790131272.7080088,3582543.454879202,0.03126692771911621,GPU-91e942dc-edbb-7f2a-9cea-167356bbd86a,NVIDIA H100 80GB HBM3,413.55,100.0,91.0,1980.0,2619.0,43.0,power_20260923T024053Z_7c7f5f05,power_20260923T024053Z_7c7f5f05_trial_1,memcpy_bandwidth-67108864-256,1,memcpy_bandwidth,workload,cuda,gpu_board
2026-09-23T02:41:12.941261+00:00,1790131272.9412613,3582543.688137427,0.03499150276184082,GPU-91e942dc-edbb-7f2a-9cea-167356bbd86a,NVIDIA H100 80GB HBM3,413.48,100.0,91.0,1980.0,2619.0,43.0,power_20260923T024053Z_7c7f5f05,power_20260923T024053Z_7c7f5f05_trial_1,memcpy_bandwidth-67108864-256,1,memcpy_bandwidth,workload,cuda,gpu_board
2026-09-23T02:41:13.175296+00:00,1790131273.1752963,3582543.9221681133,0.03278303146362305,GPU-91e942dc-edbb-7f2a-9cea-167356bbd86a,NVIDIA H100 80GB HBM3,413.37,100.0,91.0,1980.0,2619.0,43.0,power_20260923T024053Z_7c7f5f05,power_20260923T024053Z_7c7f5f05_trial_1,memcpy_bandwidth-67108864-256,1,memcpy_bandwidth,workload,cuda,gpu_board
2026-09-23T02:41:13.407845+00:00,1790131273.4078445,3582544.1547155743,0.03208804130554199,GPU-91e942dc-edbb-7f2a-9cea-167356bbd86a,NVIDIA H100 80GB HBM3,413.35,100.0,91.0,1980.0,2619.0,43.0,power_20260923T024053Z_7c7f5f05,power_20260923T024053Z_7c7f5f05_trial_1,memcpy_bandwidth-67108864-256,1,memcpy_bandwidth,workload,cuda,gpu_board
2026-09-23T02:41:13.647453+00:00,1790131273.6474528,3582544.394324618,0.046906471252441406,GPU-91e942dc-edbb-7f2a-9cea-167356bbd86a,NVIDIA H100 80GB HBM3,411.53,100.0,91.0,1980.0,2619.0,41.0,power_20260923T024053Z_7c7f5f05,power_20260923T024053Z_7c7f5f05_trial_1,memcpy_bandwidth-67108864-256,1,memcpy_bandwidth,workload,cuda,gpu_board
2026-09-23T02:41:13.885196+00:00,1790131273.8851962,3582544.6320706555,0.028322458267211914,GPU-91e942dc-edbb-7f2a-9cea-167356bbd86a,NVIDIA H100 80GB HBM3,338.38,1.0,0.0,1980.0,2619.0,40.0,power_20260923T024053Z_7c7f5f05,power_20260923T024053Z_7c7f5f05_trial_1,stencil_1d-67108864-256,1,stencil_1d,idle,cuda,gpu_board
2026-09-23T02:41:14.113479+00:00,1790131274.1134787,3582544.8603499327,0.02798604965209961,GPU-91e942dc-edbb-7f2a-9cea-167356bbd86a,NVIDIA H100 80GB HBM3,289.17,0.0,0.0,1980.0,2619.0,39.0,power_20260923T024053Z_7c7f5f05,power_20260923T024053Z_7c7f5f05_trial_1,stencil_1d-67108864-256,1,stencil_1d,idle,cuda,gpu_board
2026-09-23T02:41:14.341578+00:00,1790131274.3415775,3582545.088448749,0.027992963790893555,GPU-91e942dc-edbb-7f2a-9cea-167356bbd86a,NVIDIA H100 80GB HBM3,236.35,0.0,0.0,1980.0,2619.0,39.0,power_20260923T024053Z_7c7f5f05,power_20260923T024053Z_7c7f5f05_trial_1,stencil_1d-67108864-256,1,stencil_1d,idle,cuda,gpu_board
2026-09-23T02:41:14.569643+00:00,1790131274.569643,3582545.3165147635,0.0279233455657959,GPU-91e942dc-edbb-7f2a-9cea-167356bbd86a,NVIDIA H100 80GB HBM3,165.61,0.0,0.0,1980.0,2619.0,38.0,power_20260923T024053Z_7c7f5f05,power_20260923T024053Z_7c7f5f05_trial_1,stencil_1d-67108864-256,1,stencil_1d,idle,cuda,gpu_board
2026-09-23T02:41:14.799092+00:00,1790131274.7990923,3582545.545964266,0.030742883682250977,GPU-91e942dc-edbb-7f2a-9cea-167356bbd86a,NVIDIA H100 80GB HBM3,161.64,0.0,0.0,1980.0,2619.0,38.0,power_20260923T024053Z_7c7f5f05,power_20260923T024053Z_7c7f5f05_trial_1,stencil_1d-67108864-256,1,stencil_1d,idle,cuda,gpu_board
2026-09-23T02:41:15.028747+00:00,1790131275.028747,3582545.775618229,0.028332948684692383,GPU-91e942dc-edbb-7f2a-9cea-167356bbd86a,NVIDIA H100 80GB HBM3,161.42,0.0,0.0,1980.0,2619.0,38.0,power_20260923T024053Z_7c7f5f05,power_20260923T024053Z_7c7f5f05_trial_1,stencil_1d-67108864-256,1,stencil_1d,idle,cuda,gpu_board
2026-09-23T02:41:15.257949+00:00,1790131275.2579486,3582546.004819226,0.029859542846679688,GPU-91e942dc-edbb-7f2a-9cea-167356bbd86a,NVIDIA H100 80GB HBM3,161.19,0.0,0.0,1980.0,2619.0,38.0,power_20260923T024053Z_7c7f5f05,power_20260923T024053Z_7c7f5f05_trial_1,stencil_1d-67108864-256,1,stencil_1d,idle,cuda,gpu_board
2026-09-23T02:41:15.488127+00:00,1790131275.4881272,3582546.234998055,0.030291318893432617,GPU-91e942dc-edbb-7f2a-9cea-167356bbd86a,NVIDIA H100 80GB HBM3,157.66,0.0,0.0,405.0,2619.0,37.0,power_20260923T024053Z_7c7f5f05,power_20260923T024053Z_7c7f5f05_trial_1,stencil_1d-67108864-256,1,stencil_1d,idle,cuda,gpu_board
2026-09-23T02:41:15.718684+00:00,1790131275.718684,3582546.4655547254,0.030616283416748047,GPU-91e942dc-edbb-7f2a-9cea-167356bbd86a,NVIDIA H100 80GB HBM3,145.4,0.0,0.0,375.0,2619.0,36.0,power_20260923T024053Z_7c7f5f05,power_20260923T024053Z_7c7f5f05_trial_1,stencil_1d-67108864-256,1,stencil_1d,idle,cuda,gpu_board
2026-09-23T02:41:15.949388+00:00,1790131275.9493876,3582546.696259033,0.03058457374572754,GPU-91e942dc-edbb-7f2a-9cea-167356bbd86a,NVIDIA H100 80GB HBM3,132.46,0.0,0.0,345.0,2619.0,36.0,power_20260923T024053Z_7c7f5f05,power_20260923T024053Z_7c7f5f05_trial_1,stencil_1d-67108864-256,1,stencil_1d,idle,cuda,gpu_board
2026-09-23T02:41:16.180008+00:00,1790131276.1800084,3582546.9268792835,0.030440568923950195,GPU-91e942dc-edbb-7f2a-9cea-167356bbd86a,NVIDIA H100 80GB HBM3,114.44,0.0,0.0,345.0,2619.0,36.0,power_20260923T024053Z_7c7f5f05,power_20260923T024053Z_7c7f5f05_trial_1,stencil_1d-67108864-256,1,stencil_1d,idle,cuda,gpu_board
2026-09-23T02:41:16.410440+00:00,1790131276.4104404,3582547.1573111443,0.03021383285522461,GPU-91e942dc-edbb-7f2a-9cea-167356bbd86a,NVIDIA H100 80GB HBM3,102.05,0.0,0.0,345.0,2619.0,36.0,power_20260923T024053Z_7c7f5f05,power_20260923T024053Z_7c7f5f05_trial_1,stencil_1d-67108864-256,1,stencil_1d,idle,cuda,gpu_board
2026-09-23T02:41:16.640851+00:00,1790131276.6408505,3582547.387721334,0.030401229858398438,GPU-91e942dc-edbb-7f2a-9cea-167356bbd86a,NVIDIA H100 80GB HBM3,97.92,0.0,0.0,345.0,2619.0,36.0,power_20260923T024053Z_7c7f5f05,power_20260923T024053Z_7c7f5f05_trial_1,stencil_1d-67108864-256,1,stencil_1d,idle,cuda,gpu_board
2026-09-23T02:41:16.871300+00:00,1790131276.8713002,3582547.6181709375,0.030281782150268555,GPU-91e942dc-edbb-7f2a-9cea-167356bbd86a,NVIDIA H100 80GB HBM3,97.77,0.0,0.0,345.0,2619.0,35.0,power_20260923T024053Z_7c7f5f05,power_20260923T024053Z_7c7f5f05_trial_1,stencil_1d-67108864-256,1,stencil_1d,idle,cuda,gpu_board
2026-09-23T02:41:17.102636+00:00,1790131277.1026359,3582547.849506586,0.032178640365600586,GPU-91e942dc-edbb-7f2a-9cea-167356bbd86a,NVIDIA H100 80GB HBM3,97.72,0.0,0.0,345.0,2619.0,35.0,power_20260923T024053Z_7c7f5f05,power_20260923T024053Z_7c7f5f05_trial_1,stencil_1d-67108864-256,1,stencil_1d,idle,cuda,gpu_board
2026-09-23T02:41:17.334354+00:00,1790131277.334354,3582548.0812247144,0.031041860580444336,GPU-91e942dc-edbb-7f2a-9cea-167356bbd86a,NVIDIA H100 80GB HBM3,97.68,0.0,0.0,345.0,2619.0,35.0,power_20260923T024053Z_7c7f5f05,power_20260923T024053Z_7c7f5f05_trial_1,stencil_1d-67108864-256,1,stencil_1d,idle,cuda,gpu_board
2026-09-23T02:41:17.565452+00:00,1790131277.5654516,3582548.3123219563,0.030945777893066406,GPU-91e942dc-edbb-7f2a-9cea-167356bbd86a,NVIDIA H100 80GB HBM3,97.64,0.0,0.0,345.0,2619.0,35.0,power_20260923T024053Z_7c7f5f05,power_20260923T024053Z_7c7f5f05_trial_1,stencil_1d-67108864-256,1,stencil_1d,idle,cuda,gpu_board
2026-09-23T02:41:17.796371+00:00,1790131277.7963705,3582548.543243284,0.0306854248046875,GPU-91e942dc-edbb-7f2a-9cea-167356bbd86a,NVIDIA H100 80GB HBM3,97.63,0.0,0.0,345.0,2619.0,35.0,power_20260923T024053Z_7c7f5f05,power_20260923T024053Z_7c7f5f05_trial_1,stencil_1d-67108864-256,1,stencil_1d,idle,cuda,gpu_board
2026-09-23T02:41:18.168782+00:00,1790131278.1687822,3582548.9156660773,0.31389451026916504,GPU-91e942dc-edbb-7f2a-9cea-167356bbd86a,NVIDIA H100 80GB HBM3,97.6,0.0,0.0,345.0,2619.0,35.0,power_20260923T024053Z_7c7f5f05,power_20260923T024053Z_7c7f5f05_trial_1,stencil_1d-67108864-256,1,stencil_1d,workload,cuda,gpu_board
2026-09-23T02:41:18.542658+00:00,1790131278.5426583,3582549.289536371,0.033434152603149414,GPU-91e942dc-edbb-7f2a-9cea-167356bbd86a,NVIDIA H100 80GB HBM3,105.65,0.0,0.0,1980.0,2619.0,36.0,power_20260923T024053Z_7c7f5f05,power_20260923T024053Z_7c7f5f05_trial_1,stencil_1d-67108864-256,1,stencil_1d,workload,cuda,gpu_board
2026-09-23T02:41:18.777628+00:00,1790131278.7776284,3582549.5245091124,0.03618788719177246,GPU-91e942dc-edbb-7f2a-9cea-167356bbd86a,NVIDIA H100 80GB HBM3,203.48,76.0,58.0,1980.0,2619.0,41.0,power_20260923T024053Z_7c7f5f05,power_20260923T024053Z_7c7f5f05_trial_1,stencil_1d-67108864-256,1,stencil_1d,workload,cuda,gpu_board
2026-09-23T02:41:19.012424+00:00,1790131279.0124235,3582549.7593045095,0.03302168846130371,GPU-91e942dc-edbb-7f2a-9cea-167356bbd86a,NVIDIA H100 80GB HBM3,275.16,100.0,84.0,1980.0,2619.0,42.0,power_20260923T024053Z_7c7f5f05,power_20260923T024053Z_7c7f5f05_trial_1,stencil_1d-67108864-256,1,stencil_1d,workload,cuda,gpu_board
2026-09-23T02:41:19.248311+00:00,1790131279.2483113,3582549.9951911764,0.03834342956542969,GPU-91e942dc-edbb-7f2a-9cea-167356bbd86a,NVIDIA H100 80GB HBM3,354.44,100.0,84.0,1980.0,2619.0,43.0,power_20260923T024053Z_7c7f5f05,power_20260923T024053Z_7c7f5f05_trial_1,stencil_1d-67108864-256,1,stencil_1d,workload,cuda,gpu_board
2026-09-23T02:41:19.483857+00:00,1790131279.4838572,3582550.2307341117,0.03241705894470215,GPU-91e942dc-edbb-7f2a-9cea-167356bbd86a,NVIDIA H100 80GB HBM3,454.15,100.0,84.0,1980.0,2619.0,43.0,power_20260923T024053Z_7c7f5f05,power_20260923T024053Z_7c7f5f05_trial_1,stencil_1d-67108864-256,1,stencil_1d,workload,cuda,gpu_board
2026-09-23T02:41:19.717453+00:00,1790131279.7174525,3582550.4643255924,0.03445553779602051,GPU-91e942dc-edbb-7f2a-9cea-167356bbd86a,NVIDIA H100 80GB HBM3,476.43,100.0,84.0,1980.0,2619.0,44.0,power_20260923T024053Z_7c7f5f05,power_20260923T024053Z_7c7f5f05_trial_1,stencil_1d-67108864-256,1,stencil_1d,workload,cuda,gpu_board
2026-09-23T02:41:19.950966+00:00,1790131279.950966,3582550.697840584,0.03231453895568848,GPU-91e942dc-edbb-7f2a-9cea-167356bbd86a,NVIDIA H100 80GB HBM3,476.99,100.0,84.0,1980.0,2619.0,44.0,power_20260923T024053Z_7c7f5f05,power_20260923T024053Z_7c7f5f05_trial_1,stencil_1d-67108864-256,1,stencil_1d,workload,cuda,gpu_board
2026-09-23T02:41:20.185736+00:00,1790131280.1857357,3582550.932616051,0.036974191665649414,GPU-91e942dc-edbb-7f2a-9cea-167356bbd86a,NVIDIA H100 80GB HBM3,477.64,100.0,84.0,1980.0,2619.0,44.0,power_20260923T024053Z_7c7f5f05,power_20260923T024053Z_7c7f5f05_trial_1,stencil_1d-67108864-256,1,stencil_1d,workload,cuda,gpu_board
2026-09-23T02:41:20.420594+00:00,1790131280.4205945,3582551.1674693674,0.032396793365478516,GPU-91e942dc-edbb-7f2a-9cea-167356bbd86a,NVIDIA H100 80GB HBM3,478.04,100.0,84.0,1980.0,2619.0,44.0,power_20260923T024053Z_7c7f5f05,power_20260923T024053Z_7c7f5f05_trial_1,stencil_1d-67108864-256,1,stencil_1d,workload,cuda,gpu_board
2026-09-23T02:41:20.654873+00:00,1790131280.6548734,3582551.401751278,0.0358884334564209,GPU-91e942dc-edbb-7f2a-9cea-167356bbd86a,NVIDIA H100 80GB HBM3,478.33,100.0,84.0,1980.0,2619.0,45.0,power_20260923T024053Z_7c7f5f05,power_20260923T024053Z_7c7f5f05_trial_1,stencil_1d-67108864-256,1,stencil_1d,workload,cuda,gpu_board
2026-09-23T02:41:20.889555+00:00,1790131280.8895555,3582551.6364338472,0.03316807746887207,GPU-91e942dc-edbb-7f2a-9cea-167356bbd86a,NVIDIA H100 80GB HBM3,478.71,100.0,84.0,1980.0,2619.0,45.0,power_20260923T024053Z_7c7f5f05,power_20260923T024053Z_7c7f5f05_trial_1,stencil_1d-67108864-256,1,stencil_1d,workload,cuda,gpu_board
2026-09-23T02:41:21.124372+00:00,1790131281.1243725,3582551.871249924,0.03613734245300293,GPU-91e942dc-edbb-7f2a-9cea-167356bbd86a,NVIDIA H100 80GB HBM3,478.93,100.0,84.0,1980.0,2619.0,45.0,power_20260923T024053Z_7c7f5f05,power_20260923T024053Z_7c7f5f05_trial_1,stencil_1d-67108864-256,1,stencil_1d,workload,cuda,gpu_board
2026-09-23T02:41:21.359141+00:00,1790131281.3591406,3582552.106015521,0.03309774398803711,GPU-91e942dc-edbb-7f2a-9cea-167356bbd86a,NVIDIA H100 80GB HBM3,479.11,100.0,84.0,1980.0,2619.0,45.0,power_20260923T024053Z_7c7f5f05,power_20260923T024053Z_7c7f5f05_trial_1,stencil_1d-67108864-256,1,stencil_1d,workload,cuda,gpu_board
2026-09-23T02:41:21.594469+00:00,1790131281.594469,3582552.341350061,0.037285566329956055,GPU-91e942dc-edbb-7f2a-9cea-167356bbd86a,NVIDIA H100 80GB HBM3,479.38,100.0,84.0,1980.0,2619.0,45.0,power_20260923T024053Z_7c7f5f05,power_20260923T024053Z_7c7f5f05_trial_1,stencil_1d-67108864-256,1,stencil_1d,workload,cuda,gpu_board
2026-09-23T02:41:21.829575+00:00,1790131281.829575,3582552.5764500443,0.032598018646240234,GPU-91e942dc-edbb-7f2a-9cea-167356bbd86a,NVIDIA H100 80GB HBM3,479.55,100.0,84.0,1980.0,2619.0,45.0,power_20260923T024053Z_7c7f5f05,power_20260923T024053Z_7c7f5f05_trial_1,stencil_1d-67108864-256,1,stencil_1d,workload,cuda,gpu_board
2026-09-23T02:41:22.064175+00:00,1790131282.0641754,3582552.811052718,0.036327362060546875,GPU-91e942dc-edbb-7f2a-9cea-167356bbd86a,NVIDIA H100 80GB HBM3,479.66,100.0,84.0,1980.0,2619.0,46.0,power_20260923T024053Z_7c7f5f05,power_20260923T024053Z_7c7f5f05_trial_1,stencil_1d-67108864-256,1,stencil_1d,workload,cuda,gpu_board
2026-09-23T02:41:22.298991+00:00,1790131282.2989907,3582553.045865402,0.03299140930175781,GPU-91e942dc-edbb-7f2a-9cea-167356bbd86a,NVIDIA H100 80GB HBM3,479.89,100.0,84.0,1980.0,2619.0,46.0,power_20260923T024053Z_7c7f5f05,power_20260923T024053Z_7c7f5f05_trial_1,stencil_1d-67108864-256,1,stencil_1d,workload,cuda,gpu_board
2026-09-23T02:41:22.533682+00:00,1790131282.5336823,3582553.280557148,0.03612256050109863,GPU-91e942dc-edbb-7f2a-9cea-167356bbd86a,NVIDIA H100 80GB HBM3,479.98,100.0,84.0,1980.0,2619.0,46.0,power_20260923T024053Z_7c7f5f05,power_20260923T024053Z_7c7f5f05_trial_1,stencil_1d-67108864-256,1,stencil_1d,workload,cuda,gpu_board
2026-09-23T02:41:22.768661+00:00,1790131282.7686605,3582553.5155339246,0.03356814384460449,GPU-91e942dc-edbb-7f2a-9cea-167356bbd86a,NVIDIA H100 80GB HBM3,480.13,100.0,84.0,1980.0,2619.0,46.0,power_20260923T024053Z_7c7f5f05,power_20260923T024053Z_7c7f5f05_trial_1,stencil_1d-67108864-256,1,stencil_1d,workload,cuda,gpu_board
2026-09-23T02:41:23.001808+00:00,1790131283.0018082,3582553.74867954,0.032485246658325195,GPU-91e942dc-edbb-7f2a-9cea-167356bbd86a,NVIDIA H100 80GB HBM3,480.23,100.0,84.0,1980.0,2619.0,46.0,power_20260923T024053Z_7c7f5f05,power_20260923T024053Z_7c7f5f05_trial_1,stencil_1d-67108864-256,1,stencil_1d,workload,cuda,gpu_board
2026-09-23T02:41:23.235136+00:00,1790131283.2351356,3582553.982006303,0.03394007682800293,GPU-91e942dc-edbb-7f2a-9cea-167356bbd86a,NVIDIA H100 80GB HBM3,480.37,100.0,84.0,1980.0,2619.0,46.0,power_20260923T024053Z_7c7f5f05,power_20260923T024053Z_7c7f5f05_trial_1,stencil_1d-67108864-256,1,stencil_1d,workload,cuda,gpu_board
2026-09-23T02:41:23.472619+00:00,1790131283.4726186,3582554.2194975037,0.04080796241760254,GPU-91e942dc-edbb-7f2a-9cea-167356bbd86a,NVIDIA H100 80GB HBM3,480.54,100.0,84.0,1980.0,2619.0,46.0,power_20260923T024053Z_7c7f5f05,power_20260923T024053Z_7c7f5f05_trial_1,stencil_1d-67108864-256,1,stencil_1d,workload,cuda,gpu_board
2026-09-23T02:41:23.711110+00:00,1790131283.71111,3582554.4579830756,0.03585958480834961,GPU-91e942dc-edbb-7f2a-9cea-167356bbd86a,NVIDIA H100 80GB HBM3,480.62,100.0,84.0,1980.0,2619.0,46.0,power_20260923T024053Z_7c7f5f05,power_20260923T024053Z_7c7f5f05_trial_1,stencil_1d-67108864-256,1,stencil_1d,workload,cuda,gpu_board
2026-09-23T02:41:23.947441+00:00,1790131283.9474409,3582554.6943147993,0.036542415618896484,GPU-91e942dc-edbb-7f2a-9cea-167356bbd86a,NVIDIA H100 80GB HBM3,480.71,100.0,84.0,1980.0,2619.0,46.0,power_20260923T024053Z_7c7f5f05,power_20260923T024053Z_7c7f5f05_trial_1,stencil_1d-67108864-256,1,stencil_1d,workload,cuda,gpu_board
2026-09-23T02:41:24.182584+00:00,1790131284.1825838,3582554.929457684,0.03348040580749512,GPU-91e942dc-edbb-7f2a-9cea-167356bbd86a,NVIDIA H100 80GB HBM3,480.87,100.0,84.0,1980.0,2619.0,46.0,power_20260923T024053Z_7c7f5f05,power_20260923T024053Z_7c7f5f05_trial_1,stencil_1d-67108864-256,1,stencil_1d,workload,cuda,gpu_board
2026-09-23T02:41:24.417560+00:00,1790131284.41756,3582555.164433862,0.03621506690979004,GPU-91e942dc-edbb-7f2a-9cea-167356bbd86a,NVIDIA H100 80GB HBM3,481.14,100.0,84.0,1980.0,2619.0,46.0,power_20260923T024053Z_7c7f5f05,power_20260923T024053Z_7c7f5f05_trial_1,stencil_1d-67108864-256,1,stencil_1d,workload,cuda,gpu_board
2026-09-23T02:41:24.652243+00:00,1790131284.6522427,3582555.3991230587,0.03282046318054199,GPU-91e942dc-edbb-7f2a-9cea-167356bbd86a,NVIDIA H100 80GB HBM3,481.49,100.0,84.0,1980.0,2619.0,46.0,power_20260923T024053Z_7c7f5f05,power_20260923T024053Z_7c7f5f05_trial_1,stencil_1d-67108864-256,1,stencil_1d,workload,cuda,gpu_board
2026-09-23T02:41:24.887589+00:00,1790131284.887589,3582555.634469798,0.03747725486755371,GPU-91e942dc-edbb-7f2a-9cea-167356bbd86a,NVIDIA H100 80GB HBM3,481.94,100.0,84.0,1980.0,2619.0,47.0,power_20260923T024053Z_7c7f5f05,power_20260923T024053Z_7c7f5f05_trial_1,stencil_1d-67108864-256,1,stencil_1d,workload,cuda,gpu_board
2026-09-23T02:41:25.123503+00:00,1790131285.1235027,3582555.870380597,0.03399157524108887,GPU-91e942dc-edbb-7f2a-9cea-167356bbd86a,NVIDIA H100 80GB HBM3,482.24,100.0,84.0,1980.0,2619.0,47.0,power_20260923T024053Z_7c7f5f05,power_20260923T024053Z_7c7f5f05_trial_1,stencil_1d-67108864-256,1,stencil_1d,workload,cuda,gpu_board
2026-09-23T02:41:25.358525+00:00,1790131285.358525,3582556.1054062815,0.03573179244995117,GPU-91e942dc-edbb-7f2a-9cea-167356bbd86a,NVIDIA H100 80GB HBM3,482.37,100.0,84.0,1980.0,2619.0,47.0,power_20260923T024053Z_7c7f5f05,power_20260923T024053Z_7c7f5f05_trial_1,stencil_1d-67108864-256,1,stencil_1d,workload,cuda,gpu_board
2026-09-23T02:41:25.622378+00:00,1790131285.6223783,3582556.3692559805,0.09160208702087402,GPU-91e942dc-edbb-7f2a-9cea-167356bbd86a,NVIDIA H100 80GB HBM3,482.45,100.0,84.0,1980.0,2619.0,47.0,power_20260923T024053Z_7c7f5f05,power_20260923T024053Z_7c7f5f05_trial_1,stencil_1d-67108864-256,1,stencil_1d,workload,cuda,gpu_board
2026-09-23T02:41:25.885013+00:00,1790131285.8850126,3582556.6318883635,0.03332018852233887,GPU-91e942dc-edbb-7f2a-9cea-167356bbd86a,NVIDIA H100 80GB HBM3,482.53,100.0,84.0,1980.0,2619.0,47.0,power_20260923T024053Z_7c7f5f05,power_20260923T024053Z_7c7f5f05_trial_1,stencil_1d-67108864-256,1,stencil_1d,workload,cuda,gpu_board
2026-09-23T02:41:26.120471+00:00,1790131286.1204712,3582556.8673518486,0.03729820251464844,GPU-91e942dc-edbb-7f2a-9cea-167356bbd86a,NVIDIA H100 80GB HBM3,482.62,100.0,84.0,1980.0,2619.0,47.0,power_20260923T024053Z_7c7f5f05,power_20260923T024053Z_7c7f5f05_trial_1,stencil_1d-67108864-256,1,stencil_1d,workload,cuda,gpu_board
2026-09-23T02:41:26.356241+00:00,1790131286.3562412,3582557.1031162217,0.03389906883239746,GPU-91e942dc-edbb-7f2a-9cea-167356bbd86a,NVIDIA H100 80GB HBM3,482.7,100.0,84.0,1980.0,2619.0,47.0,power_20260923T024053Z_7c7f5f05,power_20260923T024053Z_7c7f5f05_trial_1,stencil_1d-67108864-256,1,stencil_1d,workload,cuda,gpu_board
2026-09-23T02:41:26.591480+00:00,1790131286.5914803,3582557.338358422,0.03629159927368164,GPU-91e942dc-edbb-7f2a-9cea-167356bbd86a,NVIDIA H100 80GB HBM3,482.75,100.0,84.0,1980.0,2619.0,47.0,power_20260923T024053Z_7c7f5f05,power_20260923T024053Z_7c7f5f05_trial_1,stencil_1d-67108864-256,1,stencil_1d,workload,cuda,gpu_board
2026-09-23T02:41:26.826226+00:00,1790131286.8262258,3582557.573099415,0.03287625312805176,GPU-91e942dc-edbb-7f2a-9cea-167356bbd86a,NVIDIA H100 80GB HBM3,482.82,100.0,84.0,1980.0,2619.0,47.0,power_20260923T024053Z_7c7f5f05,power_20260923T024053Z_7c7f5f05_trial_1,stencil_1d-67108864-256,1,stencil_1d,workload,cuda,gpu_board
2026-09-23T02:41:27.060820+00:00,1790131287.0608196,3582557.8076966875,0.03604245185852051,GPU-91e942dc-edbb-7f2a-9cea-167356bbd86a,NVIDIA H100 80GB HBM3,482.85,100.0,84.0,1980.0,2619.0,47.0,power_20260923T024053Z_7c7f5f05,power_20260923T024053Z_7c7f5f05_trial_1,stencil_1d-67108864-256,1,stencil_1d,workload,cuda,gpu_board
2026-09-23T02:41:27.295085+00:00,1790131287.2950854,3582558.0419586664,0.03217792510986328,GPU-91e942dc-edbb-7f2a-9cea-167356bbd86a,NVIDIA H100 80GB HBM3,482.89,100.0,84.0,1980.0,2619.0,47.0,power_20260923T024053Z_7c7f5f05,power_20260923T024053Z_7c7f5f05_trial_1,stencil_1d-67108864-256,1,stencil_1d,workload,cuda,gpu_board
2026-09-23T02:41:27.529805+00:00,1790131287.5298047,3582558.276684209,0.03701019287109375,GPU-91e942dc-edbb-7f2a-9cea-167356bbd86a,NVIDIA H100 80GB HBM3,482.95,100.0,84.0,1980.0,2619.0,47.0,power_20260923T024053Z_7c7f5f05,power_20260923T024053Z_7c7f5f05_trial_1,stencil_1d-67108864-256,1,stencil_1d,workload,cuda,gpu_board
2026-09-23T02:41:27.764558+00:00,1790131287.7645583,3582558.5114324936,0.03214216232299805,GPU-91e942dc-edbb-7f2a-9cea-167356bbd86a,NVIDIA H100 80GB HBM3,482.95,100.0,84.0,1980.0,2619.0,47.0,power_20260923T024053Z_7c7f5f05,power_20260923T024053Z_7c7f5f05_trial_1,stencil_1d-67108864-256,1,stencil_1d,workload,cuda,gpu_board
2026-09-23T02:41:27.999188+00:00,1790131287.9991877,3582558.7460677307,0.036862850189208984,GPU-91e942dc-edbb-7f2a-9cea-167356bbd86a,NVIDIA H100 80GB HBM3,483.09,100.0,84.0,1980.0,2619.0,47.0,power_20260923T024053Z_7c7f5f05,power_20260923T024053Z_7c7f5f05_trial_1,stencil_1d-67108864-256,1,stencil_1d,workload,cuda,gpu_board
2026-09-23T02:41:28.233701+00:00,1790131288.2337008,3582558.9805746507,0.03179740905761719,GPU-91e942dc-edbb-7f2a-9cea-167356bbd86a,NVIDIA H100 80GB HBM3,483.16,100.0,84.0,1980.0,2619.0,47.0,power_20260923T024053Z_7c7f5f05,power_20260923T024053Z_7c7f5f05_trial_1,stencil_1d-67108864-256,1,stencil_1d,workload,cuda,gpu_board
2026-09-23T02:41:28.474933+00:00,1790131288.4749331,3582559.221812363,0.05041646957397461,GPU-91e942dc-edbb-7f2a-9cea-167356bbd86a,NVIDIA H100 80GB HBM3,483.23,100.0,84.0,1980.0,2619.0,47.0,power_20260923T024053Z_7c7f5f05,power_20260923T024053Z_7c7f5f05_trial_1,stencil_1d-67108864-256,1,stencil_1d,workload,cuda,gpu_board
2026-09-23T02:41:28.717062+00:00,1790131288.7170618,3582559.4639345594,0.03349494934082031,GPU-91e942dc-edbb-7f2a-9cea-167356bbd86a,NVIDIA H100 80GB HBM3,483.29,100.0,84.0,1980.0,2619.0,47.0,power_20260923T024053Z_7c7f5f05,power_20260923T024053Z_7c7f5f05_trial_1,stencil_1d-67108864-256,1,stencil_1d,workload,cuda,gpu_board
2026-09-23T02:41:28.952226+00:00,1790131288.9522262,3582559.699104526,0.03658246994018555,GPU-91e942dc-edbb-7f2a-9cea-167356bbd86a,NVIDIA H100 80GB HBM3,483.27,100.0,84.0,1980.0,2619.0,48.0,power_20260923T024053Z_7c7f5f05,power_20260923T024053Z_7c7f5f05_trial_1,stencil_1d-67108864-256,1,stencil_1d,workload,cuda,gpu_board
2026-09-23T02:41:29.187104+00:00,1790131289.187104,3582559.933980313,0.03280353546142578,GPU-91e942dc-edbb-7f2a-9cea-167356bbd86a,NVIDIA H100 80GB HBM3,483.31,100.0,84.0,1980.0,2619.0,48.0,power_20260923T024053Z_7c7f5f05,power_20260923T024053Z_7c7f5f05_trial_1,stencil_1d-67108864-256,1,stencil_1d,workload,cuda,gpu_board
2026-09-23T02:41:29.421864+00:00,1790131289.4218636,3582560.168742925,0.036443233489990234,GPU-91e942dc-edbb-7f2a-9cea-167356bbd86a,NVIDIA H100 80GB HBM3,483.32,100.0,84.0,1980.0,2619.0,48.0,power_20260923T024053Z_7c7f5f05,power_20260923T024053Z_7c7f5f05_trial_1,stencil_1d-67108864-256,1,stencil_1d,workload,cuda,gpu_board
2026-09-23T02:41:29.656858+00:00,1790131289.6568582,3582560.4037316423,0.033167362213134766,GPU-91e942dc-edbb-7f2a-9cea-167356bbd86a,NVIDIA H100 80GB HBM3,483.35,100.0,84.0,1980.0,2619.0,48.0,power_20260923T024053Z_7c7f5f05,power_20260923T024053Z_7c7f5f05_trial_1,stencil_1d-67108864-256,1,stencil_1d,workload,cuda,gpu_board
2026-09-23T02:41:29.892009+00:00,1790131289.8920085,3582560.6388874687,0.036873817443847656,GPU-91e942dc-edbb-7f2a-9cea-167356bbd86a,NVIDIA H100 80GB HBM3,483.5,100.0,84.0,1980.0,2619.0,48.0,power_20260923T024053Z_7c7f5f05,power_20260923T024053Z_7c7f5f05_trial_1,stencil_1d-67108864-256,1,stencil_1d,workload,cuda,gpu_board
2026-09-23T02:41:30.127158+00:00,1790131290.1271584,3582560.8740320415,0.0330510139465332,GPU-91e942dc-edbb-7f2a-9cea-167356bbd86a,NVIDIA H100 80GB HBM3,483.54,100.0,84.0,1980.0,2619.0,48.0,power_20260923T024053Z_7c7f5f05,power_20260923T024053Z_7c7f5f05_trial_1,stencil_1d-67108864-256,1,stencil_1d,workload,cuda,gpu_board
2026-09-23T02:41:30.361775+00:00,1790131290.361775,3582561.1086534774,0.03592944145202637,GPU-91e942dc-edbb-7f2a-9cea-167356bbd86a,NVIDIA H100 80GB HBM3,483.56,100.0,84.0,1980.0,2619.0,48.0,power_20260923T024053Z_7c7f5f05,power_20260923T024053Z_7c7f5f05_trial_1,stencil_1d-67108864-256,1,stencil_1d,workload,cuda,gpu_board
2026-09-23T02:41:30.596141+00:00,1790131290.5961413,3582561.3430140363,0.03245902061462402,GPU-91e942dc-edbb-7f2a-9cea-167356bbd86a,NVIDIA H100 80GB HBM3,483.63,100.0,84.0,1980.0,2619.0,48.0,power_20260923T024053Z_7c7f5f05,power_20260923T024053Z_7c7f5f05_trial_1,stencil_1d-67108864-256,1,stencil_1d,workload,cuda,gpu_board
2026-09-23T02:41:30.830686+00:00,1790131290.830686,3582561.577564358,0.03638124465942383,GPU-91e942dc-edbb-7f2a-9cea-167356bbd86a,NVIDIA H100 80GB HBM3,483.68,100.0,84.0,1980.0,2619.0,48.0,power_20260923T024053Z_7c7f5f05,power_20260923T024053Z_7c7f5f05_trial_1,stencil_1d-67108864-256,1,stencil_1d,workload,cuda,gpu_board
2026-09-23T02:41:31.065459+00:00,1790131291.065459,3582561.8123319144,0.03282785415649414,GPU-91e942dc-edbb-7f2a-9cea-167356bbd86a,NVIDIA H100 80GB HBM3,483.77,100.0,84.0,1980.0,2619.0,48.0,power_20260923T024053Z_7c7f5f05,power_20260923T024053Z_7c7f5f05_trial_1,stencil_1d-67108864-256,1,stencil_1d,workload,cuda,gpu_board
2026-09-23T02:41:31.322987+00:00,1790131291.3229866,3582562.069865723,0.08197808265686035,GPU-91e942dc-edbb-7f2a-9cea-167356bbd86a,NVIDIA H100 80GB HBM3,483.86,100.0,84.0,1980.0,2619.0,48.0,power_20260923T024053Z_7c7f5f05,power_20260923T024053Z_7c7f5f05_trial_1,stencil_1d-67108864-256,1,stencil_1d,workload,cuda,gpu_board
2026-09-23T02:41:31.580759+00:00,1790131291.5807586,3582562.3276317734,0.03321480751037598,GPU-91e942dc-edbb-7f2a-9cea-167356bbd86a,NVIDIA H100 80GB HBM3,483.92,100.0,84.0,1980.0,2619.0,48.0,power_20260923T024053Z_7c7f5f05,power_20260923T024053Z_7c7f5f05_trial_1,stencil_1d-67108864-256,1,stencil_1d,workload,cuda,gpu_board
2026-09-23T02:41:31.814687+00:00,1790131291.8146868,3582562.561562471,0.03438925743103027,GPU-91e942dc-edbb-7f2a-9cea-167356bbd86a,NVIDIA H100 80GB HBM3,483.94,100.0,84.0,1980.0,2619.0,48.0,power_20260923T024053Z_7c7f5f05,power_20260923T024053Z_7c7f5f05_trial_1,stencil_1d-67108864-256,1,stencil_1d,workload,cuda,gpu_board
2026-09-23T02:41:32.051063+00:00,1790131292.0510628,3582562.7979408866,0.03804969787597656,GPU-91e942dc-edbb-7f2a-9cea-167356bbd86a,NVIDIA H100 80GB HBM3,483.98,100.0,84.0,1980.0,2619.0,48.0,power_20260923T024053Z_7c7f5f05,power_20260923T024053Z_7c7f5f05_trial_1,stencil_1d-67108864-256,1,stencil_1d,workload,cuda,gpu_board
2026-09-23T02:41:32.287952+00:00,1790131292.2879524,3582563.034833975,0.035346269607543945,GPU-91e942dc-edbb-7f2a-9cea-167356bbd86a,NVIDIA H100 80GB HBM3,484.04,100.0,84.0,1980.0,2619.0,48.0,power_20260923T024053Z_7c7f5f05,power_20260923T024053Z_7c7f5f05_trial_1,stencil_1d-67108864-256,1,stencil_1d,workload,cuda,gpu_board
2026-09-23T02:41:32.524503+00:00,1790131292.524503,3582563.271383457,0.037410736083984375,GPU-91e942dc-edbb-7f2a-9cea-167356bbd86a,NVIDIA H100 80GB HBM3,484.07,100.0,84.0,1980.0,2619.0,48.0,power_20260923T024053Z_7c7f5f05,power_20260923T024053Z_7c7f5f05_trial_1,stencil_1d-67108864-256,1,stencil_1d,workload,cuda,gpu_board
2026-09-23T02:41:32.759861+00:00,1790131292.7598615,3582563.5067399805,0.03292250633239746,GPU-91e942dc-edbb-7f2a-9cea-167356bbd86a,NVIDIA H100 80GB HBM3,484.15,100.0,84.0,1980.0,2619.0,48.0,power_20260923T024053Z_7c7f5f05,power_20260923T024053Z_7c7f5f05_trial_1,stencil_1d-67108864-256,1,stencil_1d,workload,cuda,gpu_board
2026-09-23T02:41:32.994691+00:00,1790131292.994691,3582563.7415694976,0.03639793395996094,GPU-91e942dc-edbb-7f2a-9cea-167356bbd86a,NVIDIA H100 80GB HBM3,484.23,100.0,84.0,1980.0,2619.0,48.0,power_20260923T024053Z_7c7f5f05,power_20260923T024053Z_7c7f5f05_trial_1,stencil_1d-67108864-256,1,stencil_1d,workload,cuda,gpu_board
2026-09-23T02:41:33.229558+00:00,1790131293.2295585,3582563.9764373545,0.03299307823181152,GPU-91e942dc-edbb-7f2a-9cea-167356bbd86a,NVIDIA H100 80GB HBM3,484.3,100.0,84.0,1980.0,2619.0,48.0,power_20260923T024053Z_7c7f5f05,power_20260923T024053Z_7c7f5f05_trial_1,stencil_1d-67108864-256,1,stencil_1d,workload,cuda,gpu_board
2026-09-23T02:41:33.464382+00:00,1790131293.464382,3582564.211259854,0.03631925582885742,GPU-91e942dc-edbb-7f2a-9cea-167356bbd86a,NVIDIA H100 80GB HBM3,484.41,100.0,84.0,1980.0,2619.0,48.0,power_20260923T024053Z_7c7f5f05,power_20260923T024053Z_7c7f5f05_trial_1,stencil_1d-67108864-256,1,stencil_1d,workload,cuda,gpu_board
2026-09-23T02:41:33.725923+00:00,1790131293.725923,3582564.472802468,0.08643603324890137,GPU-91e942dc-edbb-7f2a-9cea-167356bbd86a,NVIDIA H100 80GB HBM3,446.29,74.0,51.0,1980.0,2619.0,45.0,power_20260923T024053Z_7c7f5f05,power_20260923T024053Z_7c7f5f05_trial_1,stencil_1d-67108864-256,1,stencil_1d,workload,cuda,gpu_board
2026-09-23T02:41:33.984459+00:00,1790131293.9844594,3582564.7313357536,0.030295610427856445,GPU-91e942dc-edbb-7f2a-9cea-167356bbd86a,NVIDIA H100 80GB HBM3,350.01,1.0,0.0,1980.0,2619.0,42.0,power_20260923T024053Z_7c7f5f05,power_20260923T024053Z_7c7f5f05_trial_1,gemm_naive-2048-16,1,gemm_naive,idle,cuda,gpu_board
2026-09-23T02:41:34.214136+00:00,1790131294.2141356,3582564.9610098572,0.028768539428710938,GPU-91e942dc-edbb-7f2a-9cea-167356bbd86a,NVIDIA H100 80GB HBM3,289.98,0.0,0.0,1980.0,2619.0,42.0,power_20260923T024053Z_7c7f5f05,power_20260923T024053Z_7c7f5f05_trial_1,gemm_naive-2048-16,1,gemm_naive,idle,cuda,gpu_board
2026-09-23T02:41:34.442915+00:00,1790131294.442915,3582565.1897900095,0.02852320671081543,GPU-91e942dc-edbb-7f2a-9cea-167356bbd86a,NVIDIA H100 80GB HBM3,227.13,0.0,0.0,1980.0,2619.0,41.0,power_20260923T024053Z_7c7f5f05,power_20260923T024053Z_7c7f5f05_trial_1,gemm_naive-2048-16,1,gemm_naive,idle,cuda,gpu_board
2026-09-23T02:41:34.672176+00:00,1790131294.6721764,3582565.419051634,0.029724597930908203,GPU-91e942dc-edbb-7f2a-9cea-167356bbd86a,NVIDIA H100 80GB HBM3,165.03,0.0,0.0,1980.0,2619.0,41.0,power_20260923T024053Z_7c7f5f05,power_20260923T024053Z_7c7f5f05_trial_1,gemm_naive-2048-16,1,gemm_naive,idle,cuda,gpu_board
2026-09-23T02:41:34.902691+00:00,1790131294.9026911,3582565.649565853,0.031018733978271484,GPU-91e942dc-edbb-7f2a-9cea-167356bbd86a,NVIDIA H100 80GB HBM3,163.96,0.0,0.0,1980.0,2619.0,41.0,power_20260923T024053Z_7c7f5f05,power_20260923T024053Z_7c7f5f05_trial_1,gemm_naive-2048-16,1,gemm_naive,idle,cuda,gpu_board
2026-09-23T02:41:35.133022+00:00,1790131295.1330223,3582565.879896375,0.029350757598876953,GPU-91e942dc-edbb-7f2a-9cea-167356bbd86a,NVIDIA H100 80GB HBM3,163.51,0.0,0.0,1980.0,2619.0,40.0,power_20260923T024053Z_7c7f5f05,power_20260923T024053Z_7c7f5f05_trial_1,gemm_naive-2048-16,1,gemm_naive,idle,cuda,gpu_board
2026-09-23T02:41:35.362145+00:00,1790131295.3621452,3582566.109018623,0.028632164001464844,GPU-91e942dc-edbb-7f2a-9cea-167356bbd86a,NVIDIA H100 80GB HBM3,163.14,0.0,0.0,1980.0,2619.0,40.0,power_20260923T024053Z_7c7f5f05,power_20260923T024053Z_7c7f5f05_trial_1,gemm_naive-2048-16,1,gemm_naive,idle,cuda,gpu_board
2026-09-23T02:41:35.591886+00:00,1790131295.5918856,3582566.338759114,0.0305941104888916,GPU-91e942dc-edbb-7f2a-9cea-167356bbd86a,NVIDIA H100 80GB HBM3,152.09,0.0,0.0,405.0,2619.0,39.0,power_20260923T024053Z_7c7f5f05,power_20260923T024053Z_7c7f5f05_trial_1,gemm_naive-2048-16,1,gemm_naive,idle,cuda,gpu_board
2026-09-23T02:41:35.824173+00:00,1790131295.824173,3582566.571046626,0.03371787071228027,GPU-91e942dc-edbb-7f2a-9cea-167356bbd86a,NVIDIA H100 80GB HBM3,139.1,0.0,0.0,375.0,2619.0,38.0,power_20260923T024053Z_7c7f5f05,power_20260923T024053Z_7c7f5f05_trial_1,gemm_naive-2048-16,1,gemm_naive,idle,cuda,gpu_board
2026-09-23T02:41:36.056962+00:00,1790131296.056962,3582566.8038355345,0.03159165382385254,GPU-91e942dc-edbb-7f2a-9cea-167356bbd86a,NVIDIA H100 80GB HBM3,126.22,0.0,0.0,345.0,2619.0,38.0,power_20260923T024053Z_7c7f5f05,power_20260923T024053Z_7c7f5f05_trial_1,gemm_naive-2048-16,1,gemm_naive,idle,cuda,gpu_board
2026-09-23T02:41:36.288017+00:00,1790131296.2880173,3582567.0348906815,0.030263423919677734,GPU-91e942dc-edbb-7f2a-9cea-167356bbd86a,NVIDIA H100 80GB HBM3,106.99,0.0,0.0,345.0,2619.0,38.0,power_20260923T024053Z_7c7f5f05,power_20260923T024053Z_7c7f5f05_trial_1,gemm_naive-2048-16,1,gemm_naive,idle,cuda,gpu_board
2026-09-23T02:41:36.518683+00:00,1790131296.518683,3582567.2655567843,0.03081536293029785,GPU-91e942dc-edbb-7f2a-9cea-167356bbd86a,NVIDIA H100 80GB HBM3,98.91,0.0,0.0,345.0,2619.0,38.0,power_20260923T024053Z_7c7f5f05,power_20260923T024053Z_7c7f5f05_trial_1,gemm_naive-2048-16,1,gemm_naive,idle,cuda,gpu_board
2026-09-23T02:41:36.749583+00:00,1790131296.7495832,3582567.4964570636,0.03071737289428711,GPU-91e942dc-edbb-7f2a-9cea-167356bbd86a,NVIDIA H100 80GB HBM3,98.72,0.0,0.0,345.0,2619.0,38.0,power_20260923T024053Z_7c7f5f05,power_20260923T024053Z_7c7f5f05_trial_1,gemm_naive-2048-16,1,gemm_naive,idle,cuda,gpu_board
2026-09-23T02:41:36.980412+00:00,1790131296.980412,3582567.7272860506,0.03068375587463379,GPU-91e942dc-edbb-7f2a-9cea-167356bbd86a,NVIDIA H100 80GB HBM3,98.66,0.0,0.0,345.0,2619.0,37.0,power_20260923T024053Z_7c7f5f05,power_20260923T024053Z_7c7f5f05_trial_1,gemm_naive-2048-16,1,gemm_naive,idle,cuda,gpu_board
2026-09-23T02:41:37.211479+00:00,1790131297.2114787,3582567.958352704,0.03119063377380371,GPU-91e942dc-edbb-7f2a-9cea-167356bbd86a,NVIDIA H100 80GB HBM3,98.61,0.0,0.0,345.0,2619.0,37.0,power_20260923T024053Z_7c7f5f05,power_20260923T024053Z_7c7f5f05_trial_1,gemm_naive-2048-16,1,gemm_naive,idle,cuda,gpu_board
2026-09-23T02:41:37.442495+00:00,1790131297.4424946,3582568.1893679667,0.030560970306396484,GPU-91e942dc-edbb-7f2a-9cea-167356bbd86a,NVIDIA H100 80GB HBM3,98.55,0.0,0.0,345.0,2619.0,37.0,power_20260923T024053Z_7c7f5f05,power_20260923T024053Z_7c7f5f05_trial_1,gemm_naive-2048-16,1,gemm_naive,idle,cuda,gpu_board
2026-09-23T02:41:37.673240+00:00,1790131297.6732397,3582568.4201136287,0.03064250946044922,GPU-91e942dc-edbb-7f2a-9cea-167356bbd86a,NVIDIA H100 80GB HBM3,98.51,0.0,0.0,345.0,2619.0,37.0,power_20260923T024053Z_7c7f5f05,power_20260923T024053Z_7c7f5f05_trial_1,gemm_naive-2048-16,1,gemm_naive,idle,cuda,gpu_board
2026-09-23T02:41:38.002207+00:00,1790131298.0022073,3582568.74908842,0.22701597213745117,GPU-91e942dc-edbb-7f2a-9cea-167356bbd86a,NVIDIA H100 80GB HBM3,98.4,0.0,0.0,345.0,2619.0,37.0,power_20260923T024053Z_7c7f5f05,power_20260923T024053Z_7c7f5f05_trial_1,gemm_naive-2048-16,1,gemm_naive,workload,cuda,gpu_board
2026-09-23T02:41:38.331941+00:00,1790131298.3319407,3582569.078820967,0.032083749771118164,GPU-91e942dc-edbb-7f2a-9cea-167356bbd86a,NVIDIA H100 80GB HBM3,104.94,0.0,0.0,1980.0,2619.0,42.0,power_20260923T024053Z_7c7f5f05,power_20260923T024053Z_7c7f5f05_trial_1,gemm_naive-2048-16,1,gemm_naive,workload,cuda,gpu_board
2026-09-23T02:41:38.566207+00:00,1790131298.5662074,3582569.3130841595,0.036086320877075195,GPU-91e942dc-edbb-7f2a-9cea-167356bbd86a,NVIDIA H100 80GB HBM3,196.09,100.0,0.0,1980.0,2619.0,46.0,power_20260923T024053Z_7c7f5f05,power_20260923T024053Z_7c7f5f05_trial_1,gemm_naive-2048-16,1,gemm_naive,workload,cuda,gpu_board
2026-09-23T02:41:38.800922+00:00,1790131298.800922,3582569.5477966648,0.033042192459106445,GPU-91e942dc-edbb-7f2a-9cea-167356bbd86a,NVIDIA H100 80GB HBM3,270.65,100.0,0.0,1980.0,2619.0,47.0,power_20260923T024053Z_7c7f5f05,power_20260923T024053Z_7c7f5f05_trial_1,gemm_naive-2048-16,1,gemm_naive,workload,cuda,gpu_board
2026-09-23T02:41:39.035020+00:00,1790131299.0350199,3582569.781898561,0.03487801551818848,GPU-91e942dc-edbb-7f2a-9cea-167356bbd86a,NVIDIA H100 80GB HBM3,338.39,100.0,0.0,1980.0,2619.0,48.0,power_20260923T024053Z_7c7f5f05,power_20260923T024053Z_7c7f5f05_trial_1,gemm_naive-2048-16,1,gemm_naive,workload,cuda,gpu_board
2026-09-23T02:41:39.268172+00:00,1790131299.2681723,3582570.0150463106,0.031073331832885742,GPU-91e942dc-edbb-7f2a-9cea-167356bbd86a,NVIDIA H100 80GB HBM3,445.87,100.0,0.0,1980.0,2619.0,48.0,power_20260923T024053Z_7c7f5f05,power_20260923T024053Z_7c7f5f05_trial_1,gemm_naive-2048-16,1,gemm_naive,workload,cuda,gpu_board
2026-09-23T02:41:39.501191+00:00,1790131299.5011907,3582570.248070485,0.0346982479095459,GPU-91e942dc-edbb-7f2a-9cea-167356bbd86a,NVIDIA H100 80GB HBM3,461.7,100.0,0.0,1980.0,2619.0,49.0,power_20260923T024053Z_7c7f5f05,power_20260923T024053Z_7c7f5f05_trial_1,gemm_naive-2048-16,1,gemm_naive,workload,cuda,gpu_board
2026-09-23T02:41:39.736497+00:00,1790131299.736497,3582570.4833736476,0.03554725646972656,GPU-91e942dc-edbb-7f2a-9cea-167356bbd86a,NVIDIA H100 80GB HBM3,462.95,100.0,0.0,1980.0,2619.0,49.0,power_20260923T024053Z_7c7f5f05,power_20260923T024053Z_7c7f5f05_trial_1,gemm_naive-2048-16,1,gemm_naive,workload,cuda,gpu_board
2026-09-23T02:41:39.970958+00:00,1790131299.970958,3582570.7178337276,0.03305339813232422,GPU-91e942dc-edbb-7f2a-9cea-167356bbd86a,NVIDIA H100 80GB HBM3,463.87,100.0,0.0,1980.0,2619.0,49.0,power_20260923T024053Z_7c7f5f05,power_20260923T024053Z_7c7f5f05_trial_1,gemm_naive-2048-16,1,gemm_naive,workload,cuda,gpu_board
2026-09-23T02:41:40.204628+00:00,1790131300.2046285,3582570.9515086683,0.03399944305419922,GPU-91e942dc-edbb-7f2a-9cea-167356bbd86a,NVIDIA H100 80GB HBM3,464.63,100.0,0.0,1980.0,2619.0,50.0,power_20260923T024053Z_7c7f5f05,power_20260923T024053Z_7c7f5f05_trial_1,gemm_naive-2048-16,1,gemm_naive,workload,cuda,gpu_board
2026-09-23T02:41:40.437250+00:00,1790131300.4372501,3582571.184123786,0.03089165687561035,GPU-91e942dc-edbb-7f2a-9cea-167356bbd86a,NVIDIA H100 80GB HBM3,465.4,100.0,0.0,1980.0,2619.0,50.0,power_20260923T024053Z_7c7f5f05,power_20260923T024053Z_7c7f5f05_trial_1,gemm_naive-2048-16,1,gemm_naive,workload,cuda,gpu_board
2026-09-23T02:41:40.670813+00:00,1790131300.670813,3582571.4176912243,0.03596758842468262,GPU-91e942dc-edbb-7f2a-9cea-167356bbd86a,NVIDIA H100 80GB HBM3,465.39,100.0,0.0,1980.0,2619.0,50.0,power_20260923T024053Z_7c7f5f05,power_20260923T024053Z_7c7f5f05_trial_1,gemm_naive-2048-16,1,gemm_naive,workload,cuda,gpu_board
2026-09-23T02:41:40.904536+00:00,1790131300.904536,3582571.651410565,0.03113698959350586,GPU-91e942dc-edbb-7f2a-9cea-167356bbd86a,NVIDIA H100 80GB HBM3,465.79,100.0,0.0,1980.0,2619.0,50.0,power_20260923T024053Z_7c7f5f05,power_20260923T024053Z_7c7f5f05_trial_1,gemm_naive-2048-16,1,gemm_naive,workload,cuda,gpu_board
2026-09-23T02:41:41.136055+00:00,1790131301.1360545,3582571.8829328753,0.03161787986755371,GPU-91e942dc-edbb-7f2a-9cea-167356bbd86a,NVIDIA H100 80GB HBM3,465.72,100.0,0.0,1980.0,2619.0,50.0,power_20260923T024053Z_7c7f5f05,power_20260923T024053Z_7c7f5f05_trial_1,gemm_naive-2048-16,1,gemm_naive,workload,cuda,gpu_board
2026-09-23T02:41:41.369345+00:00,1790131301.3693454,3582572.116224996,0.03464508056640625,GPU-91e942dc-edbb-7f2a-9cea-167356bbd86a,NVIDIA H100 80GB HBM3,466.31,100.0,0.0,1980.0,2619.0,50.0,power_20260923T024053Z_7c7f5f05,power_20260923T024053Z_7c7f5f05_trial_1,gemm_naive-2048-16,1,gemm_naive,workload,cuda,gpu_board
2026-09-23T02:41:41.604150+00:00,1790131301.6041498,3582572.3510247227,0.03461790084838867,GPU-91e942dc-edbb-7f2a-9cea-167356bbd86a,NVIDIA H100 80GB HBM3,466.25,100.0,0.0,1980.0,2619.0,51.0,power_20260923T024053Z_7c7f5f05,power_20260923T024053Z_7c7f5f05_trial_1,gemm_naive-2048-16,1,gemm_naive,workload,cuda,gpu_board
2026-09-23T02:41:41.837387+00:00,1790131301.8373866,3582572.584262462,0.031589508056640625,GPU-91e942dc-edbb-7f2a-9cea-167356bbd86a,NVIDIA H100 80GB HBM3,466.49,100.0,0.0,1980.0,2619.0,51.0,power_20260923T024053Z_7c7f5f05,power_20260923T024053Z_7c7f5f05_trial_1,gemm_naive-2048-16,1,gemm_naive,workload,cuda,gpu_board
2026-09-23T02:41:42.070823+00:00,1790131302.0708234,3582572.817700126,0.034995079040527344,GPU-91e942dc-edbb-7f2a-9cea-167356bbd86a,NVIDIA H100 80GB HBM3,466.68,100.0,0.0,1980.0,2619.0,51.0,power_20260923T024053Z_7c7f5f05,power_20260923T024053Z_7c7f5f05_trial_1,gemm_naive-2048-16,1,gemm_naive,workload,cuda,gpu_board
2026-09-23T02:41:42.306947+00:00,1790131302.3069468,3582573.0538235134,0.03694319725036621,GPU-91e942dc-edbb-7f2a-9cea-167356bbd86a,NVIDIA H100 80GB HBM3,466.53,100.0,0.0,1980.0,2619.0,51.0,power_20260923T024053Z_7c7f5f05,power_20260923T024053Z_7c7f5f05_trial_1,gemm_naive-2048-16,1,gemm_naive,workload,cuda,gpu_board
2026-09-23T02:41:42.543444+00:00,1790131302.5434442,3582573.2903228076,0.03575015068054199,GPU-91e942dc-edbb-7f2a-9cea-167356bbd86a,NVIDIA H100 80GB HBM3,466.76,100.0,0.0,1980.0,2619.0,51.0,power_20260923T024053Z_7c7f5f05,power_20260923T024053Z_7c7f5f05_trial_1,gemm_naive-2048-16,1,gemm_naive,workload,cuda,gpu_board
2026-09-23T02:41:42.776962+00:00,1790131302.7769623,3582573.5238364376,0.030967235565185547,GPU-91e942dc-edbb-7f2a-9cea-167356bbd86a,NVIDIA H100 80GB HBM3,466.43,100.0,0.0,1980.0,2619.0,51.0,power_20260923T024053Z_7c7f5f05,power_20260923T024053Z_7c7f5f05_trial_1,gemm_naive-2048-16,1,gemm_naive,workload,cuda,gpu_board
2026-09-23T02:41:43.010221+00:00,1790131303.0102215,3582573.757097543,0.035283803939819336,GPU-91e942dc-edbb-7f2a-9cea-167356bbd86a,NVIDIA H100 80GB HBM3,467.04,100.0,0.0,1980.0,2619.0,51.0,power_20260923T024053Z_7c7f5f05,power_20260923T024053Z_7c7f5f05_trial_1,gemm_naive-2048-16,1,gemm_naive,workload,cuda,gpu_board
2026-09-23T02:41:43.243320+00:00,1790131303.24332,3582573.990192662,0.0306241512298584,GPU-91e942dc-edbb-7f2a-9cea-167356bbd86a,NVIDIA H100 80GB HBM3,467.21,100.0,0.0,1980.0,2619.0,51.0,power_20260923T024053Z_7c7f5f05,power_20260923T024053Z_7c7f5f05_trial_1,gemm_naive-2048-16,1,gemm_naive,workload,cuda,gpu_board
2026-09-23T02:41:43.475951+00:00,1790131303.4759512,3582574.222832584,0.03439021110534668,GPU-91e942dc-edbb-7f2a-9cea-167356bbd86a,NVIDIA H100 80GB HBM3,467.26,100.0,0.0,1980.0,2619.0,51.0,power_20260923T024053Z_7c7f5f05,power_20260923T024053Z_7c7f5f05_trial_1,gemm_naive-2048-16,1,gemm_naive,workload,cuda,gpu_board
2026-09-23T02:41:43.708947+00:00,1790131303.7089472,3582574.4558208818,0.03123784065246582,GPU-91e942dc-edbb-7f2a-9cea-167356bbd86a,NVIDIA H100 80GB HBM3,467.42,100.0,0.0,1980.0,2619.0,51.0,power_20260923T024053Z_7c7f5f05,power_20260923T024053Z_7c7f5f05_trial_1,gemm_naive-2048-16,1,gemm_naive,workload,cuda,gpu_board
2026-09-23T02:41:43.942928+00:00,1790131303.9429278,3582574.6898046453,0.036457061767578125,GPU-91e942dc-edbb-7f2a-9cea-167356bbd86a,NVIDIA H100 80GB HBM3,467.48,100.0,0.0,1980.0,2619.0,51.0,power_20260923T024053Z_7c7f5f05,power_20260923T024053Z_7c7f5f05_trial_1,gemm_naive-2048-16,1,gemm_naive,workload,cuda,gpu_board
2026-09-23T02:41:44.176820+00:00,1790131304.1768198,3582574.9236931847,0.031029939651489258,GPU-91e942dc-edbb-7f2a-9cea-167356bbd86a,NVIDIA H100 80GB HBM3,467.86,100.0,0.0,1980.0,2619.0,51.0,power_20260923T024053Z_7c7f5f05,power_20260923T024053Z_7c7f5f05_trial_1,gemm_naive-2048-16,1,gemm_naive,workload,cuda,gpu_board
2026-09-23T02:41:44.410181+00:00,1790131304.410181,3582575.1570571503,0.035425424575805664,GPU-91e942dc-edbb-7f2a-9cea-167356bbd86a,NVIDIA H100 80GB HBM3,467.77,100.0,0.0,1980.0,2619.0,51.0,power_20260923T024053Z_7c7f5f05,power_20260923T024053Z_7c7f5f05_trial_1,gemm_naive-2048-16,1,gemm_naive,workload,cuda,gpu_board
2026-09-23T02:41:44.643741+00:00,1790131304.6437414,3582575.390614808,0.031395912170410156,GPU-91e942dc-edbb-7f2a-9cea-167356bbd86a,NVIDIA H100 80GB HBM3,468.24,100.0,0.0,1980.0,2619.0,51.0,power_20260923T024053Z_7c7f5f05,power_20260923T024053Z_7c7f5f05_trial_1,gemm_naive-2048-16,1,gemm_naive,workload,cuda,gpu_board
2026-09-23T02:41:44.876790+00:00,1790131304.8767896,3582575.62366571,0.03438830375671387,GPU-91e942dc-edbb-7f2a-9cea-167356bbd86a,NVIDIA H100 80GB HBM3,467.91,100.0,0.0,1980.0,2619.0,51.0,power_20260923T024053Z_7c7f5f05,power_20260923T024053Z_7c7f5f05_trial_1,gemm_naive-2048-16,1,gemm_naive,workload,cuda,gpu_board
2026-09-23T02:41:45.109720+00:00,1790131305.10972,3582575.856597432,0.031185626983642578,GPU-91e942dc-edbb-7f2a-9cea-167356bbd86a,NVIDIA H100 80GB HBM3,468.09,100.0,0.0,1980.0,2619.0,51.0,power_20260923T024053Z_7c7f5f05,power_20260923T024053Z_7c7f5f05_trial_1,gemm_naive-2048-16,1,gemm_naive,workload,cuda,gpu_board
2026-09-23T02:41:45.346218+00:00,1790131305.3462176,3582576.093090734,0.04149127006530762,GPU-91e942dc-edbb-7f2a-9cea-167356bbd86a,NVIDIA H100 80GB HBM3,468.13,100.0,0.0,1980.0,2619.0,52.0,power_20260923T024053Z_7c7f5f05,power_20260923T024053Z_7c7f5f05_trial_1,gemm_naive-2048-16,1,gemm_naive,workload,cuda,gpu_board
2026-09-23T02:41:45.582406+00:00,1790131305.5824056,3582576.3292799355,0.030633211135864258,GPU-91e942dc-edbb-7f2a-9cea-167356bbd86a,NVIDIA H100 80GB HBM3,467.93,100.0,0.0,1980.0,2619.0,52.0,power_20260923T024053Z_7c7f5f05,power_20260923T024053Z_7c7f5f05_trial_1,gemm_naive-2048-16,1,gemm_naive,workload,cuda,gpu_board
2026-09-23T02:41:45.814570+00:00,1790131305.8145702,3582576.561446497,0.03342771530151367,GPU-91e942dc-edbb-7f2a-9cea-167356bbd86a,NVIDIA H100 80GB HBM3,468.16,100.0,0.0,1980.0,2619.0,52.0,power_20260923T024053Z_7c7f5f05,power_20260923T024053Z_7c7f5f05_trial_1,gemm_naive-2048-16,1,gemm_naive,workload,cuda,gpu_board
2026-09-23T02:41:46.046695+00:00,1790131306.0466945,3582576.7935683373,0.030527591705322266,GPU-91e942dc-edbb-7f2a-9cea-167356bbd86a,NVIDIA H100 80GB HBM3,467.8,100.0,0.0,1980.0,2619.0,52.0,power_20260923T024053Z_7c7f5f05,power_20260923T024053Z_7c7f5f05_trial_1,gemm_naive-2048-16,1,gemm_naive,workload,cuda,gpu_board
2026-09-23T02:41:46.278680+00:00,1790131306.2786803,3582577.02555366,0.0331728458404541,GPU-91e942dc-edbb-7f2a-9cea-167356bbd86a,NVIDIA H100 80GB HBM3,468.82,100.0,0.0,1980.0,2619.0,52.0,power_20260923T024053Z_7c7f5f05,power_20260923T024053Z_7c7f5f05_trial_1,gemm_naive-2048-16,1,gemm_naive,workload,cuda,gpu_board
2026-09-23T02:41:46.510685+00:00,1790131306.5106854,3582577.2575583737,0.03059101104736328,GPU-91e942dc-edbb-7f2a-9cea-167356bbd86a,NVIDIA H100 80GB HBM3,469.19,100.0,0.0,1980.0,2619.0,52.0,power_20260923T024053Z_7c7f5f05,power_20260923T024053Z_7c7f5f05_trial_1,gemm_naive-2048-16,1,gemm_naive,workload,cuda,gpu_board
2026-09-23T02:41:46.742918+00:00,1790131306.7429178,3582577.4897904247,0.03362464904785156,GPU-91e942dc-edbb-7f2a-9cea-167356bbd86a,NVIDIA H100 80GB HBM3,470.69,100.0,0.0,1980.0,2619.0,52.0,power_20260923T024053Z_7c7f5f05,power_20260923T024053Z_7c7f5f05_trial_1,gemm_naive-2048-16,1,gemm_naive,workload,cuda,gpu_board
2026-09-23T02:41:46.975260+00:00,1790131306.97526,3582577.7221324085,0.030809402465820312,GPU-91e942dc-edbb-7f2a-9cea-167356bbd86a,NVIDIA H100 80GB HBM3,471.59,100.0,0.0,1980.0,2619.0,52.0,power_20260923T024053Z_7c7f5f05,power_20260923T024053Z_7c7f5f05_trial_1,gemm_naive-2048-16,1,gemm_naive,workload,cuda,gpu_board
2026-09-23T02:41:47.207710+00:00,1790131307.2077103,3582577.954584338,0.033846378326416016,GPU-91e942dc-edbb-7f2a-9cea-167356bbd86a,NVIDIA H100 80GB HBM3,472.32,100.0,0.0,1980.0,2619.0,52.0,power_20260923T024053Z_7c7f5f05,power_20260923T024053Z_7c7f5f05_trial_1,gemm_naive-2048-16,1,gemm_naive,workload,cuda,gpu_board
2026-09-23T02:41:47.439776+00:00,1790131307.4397764,3582578.1866489383,0.030015230178833008,GPU-91e942dc-edbb-7f2a-9cea-167356bbd86a,NVIDIA H100 80GB HBM3,472.49,100.0,0.0,1980.0,2619.0,52.0,power_20260923T024053Z_7c7f5f05,power_20260923T024053Z_7c7f5f05_trial_1,gemm_naive-2048-16,1,gemm_naive,workload,cuda,gpu_board
2026-09-23T02:41:47.671560+00:00,1790131307.6715598,3582578.4184345063,0.03331494331359863,GPU-91e942dc-edbb-7f2a-9cea-167356bbd86a,NVIDIA H100 80GB HBM3,472.21,100.0,0.0,1980.0,2619.0,52.0,power_20260923T024053Z_7c7f5f05,power_20260923T024053Z_7c7f5f05_trial_1,gemm_naive-2048-16,1,gemm_naive,workload,cuda,gpu_board
2026-09-23T02:41:47.903351+00:00,1790131307.9033508,3582578.6502229804,0.0299990177154541,GPU-91e942dc-edbb-7f2a-9cea-167356bbd86a,NVIDIA H100 80GB HBM3,472.61,100.0,0.0,1980.0,2619.0,52.0,power_20260923T024053Z_7c7f5f05,power_20260923T024053Z_7c7f5f05_trial_1,gemm_naive-2048-16,1,gemm_naive,workload,cuda,gpu_board
2026-09-23T02:41:48.135433+00:00,1790131308.1354327,3582578.8823062293,0.03392624855041504,GPU-91e942dc-edbb-7f2a-9cea-167356bbd86a,NVIDIA H100 80GB HBM3,472.51,100.0,0.0,1980.0,2619.0,52.0,power_20260923T024053Z_7c7f5f05,power_20260923T024053Z_7c7f5f05_trial_1,gemm_naive-2048-16,1,gemm_naive,workload,cuda,gpu_board
2026-09-23T02:41:48.368049+00:00,1790131308.368049,3582579.1149218674,0.031055450439453125,GPU-91e942dc-edbb-7f2a-9cea-167356bbd86a,NVIDIA H100 80GB HBM3,472.92,100.0,0.0,1980.0,2619.0,52.0,power_20260923T024053Z_7c7f5f05,power_20260923T024053Z_7c7f5f05_trial_1,gemm_naive-2048-16,1,gemm_naive,workload,cuda,gpu_board
2026-09-23T02:41:48.600905+00:00,1790131308.6009054,3582579.3477793355,0.03439831733703613,GPU-91e942dc-edbb-7f2a-9cea-167356bbd86a,NVIDIA H100 80GB HBM3,472.88,100.0,0.0,1980.0,2619.0,52.0,power_20260923T024053Z_7c7f5f05,power_20260923T024053Z_7c7f5f05_trial_1,gemm_naive-2048-16,1,gemm_naive,workload,cuda,gpu_board
2026-09-23T02:41:48.833844+00:00,1790131308.8338442,3582579.5807166314,0.031177759170532227,GPU-91e942dc-edbb-7f2a-9cea-167356bbd86a,NVIDIA H100 80GB HBM3,473.04,100.0,0.0,1980.0,2619.0,52.0,power_20260923T024053Z_7c7f5f05,power_20260923T024053Z_7c7f5f05_trial_1,gemm_naive-2048-16,1,gemm_naive,workload,cuda,gpu_board
2026-09-23T02:41:49.066741+00:00,1790131309.0667408,3582579.813613585,0.03437042236328125,GPU-91e942dc-edbb-7f2a-9cea-167356bbd86a,NVIDIA H100 80GB HBM3,472.94,100.0,0.0,1980.0,2619.0,52.0,power_20260923T024053Z_7c7f5f05,power_20260923T024053Z_7c7f5f05_trial_1,gemm_naive-2048-16,1,gemm_naive,workload,cuda,gpu_board
2026-09-23T02:41:49.300643+00:00,1790131309.3006434,3582580.0475148177,0.03318214416503906,GPU-91e942dc-edbb-7f2a-9cea-167356bbd86a,NVIDIA H100 80GB HBM3,472.78,100.0,0.0,1980.0,2619.0,52.0,power_20260923T024053Z_7c7f5f05,power_20260923T024053Z_7c7f5f05_trial_1,gemm_naive-2048-16,1,gemm_naive,workload,cuda,gpu_board
2026-09-23T02:41:49.532910+00:00,1790131309.53291,3582580.279782232,0.031128406524658203,GPU-91e942dc-edbb-7f2a-9cea-167356bbd86a,NVIDIA H100 80GB HBM3,472.99,100.0,0.0,1980.0,2619.0,52.0,power_20260923T024053Z_7c7f5f05,power_20260923T024053Z_7c7f5f05_trial_1,gemm_naive-2048-16,1,gemm_naive,workload,cuda,gpu_board
2026-09-23T02:41:49.766061+00:00,1790131309.7660608,3582580.512935579,0.03490185737609863,GPU-91e942dc-edbb-7f2a-9cea-167356bbd86a,NVIDIA H100 80GB HBM3,473.06,100.0,0.0,1980.0,2619.0,52.0,power_20260923T024053Z_7c7f5f05,power_20260923T024053Z_7c7f5f05_trial_1,gemm_naive-2048-16,1,gemm_naive,workload,cuda,gpu_board
2026-09-23T02:41:49.999750+00:00,1790131309.99975,3582580.746627207,0.03220939636230469,GPU-91e942dc-edbb-7f2a-9cea-167356bbd86a,NVIDIA H100 80GB HBM3,473.49,100.0,0.0,1980.0,2619.0,52.0,power_20260923T024053Z_7c7f5f05,power_20260923T024053Z_7c7f5f05_trial_1,gemm_naive-2048-16,1,gemm_naive,workload,cuda,gpu_board
2026-09-23T02:41:50.232988+00:00,1790131310.2329884,3582580.9798614145,0.03394126892089844,GPU-91e942dc-edbb-7f2a-9cea-167356bbd86a,NVIDIA H100 80GB HBM3,473.08,100.0,0.0,1980.0,2619.0,52.0,power_20260923T024053Z_7c7f5f05,power_20260923T024053Z_7c7f5f05_trial_1,gemm_naive-2048-16,1,gemm_naive,workload,cuda,gpu_board
2026-09-23T02:41:50.465483+00:00,1790131310.4654827,3582581.212358418,0.030765056610107422,GPU-91e942dc-edbb-7f2a-9cea-167356bbd86a,NVIDIA H100 80GB HBM3,473.12,100.0,0.0,1980.0,2619.0,52.0,power_20260923T024053Z_7c7f5f05,power_20260923T024053Z_7c7f5f05_trial_1,gemm_naive-2048-16,1,gemm_naive,workload,cuda,gpu_board
2026-09-23T02:41:50.697417+00:00,1790131310.6974168,3582581.444290026,0.03280997276306152,GPU-91e942dc-edbb-7f2a-9cea-167356bbd86a,NVIDIA H100 80GB HBM3,473.04,100.0,0.0,1980.0,2619.0,52.0,power_20260923T024053Z_7c7f5f05,power_20260923T024053Z_7c7f5f05_trial_1,gemm_naive-2048-16,1,gemm_naive,workload,cuda,gpu_board
2026-09-23T02:41:50.929474+00:00,1790131310.9294739,3582581.676352277,0.03099846839904785,GPU-91e942dc-edbb-7f2a-9cea-167356bbd86a,NVIDIA H100 80GB HBM3,473.07,100.0,0.0,1980.0,2619.0,52.0,power_20260923T024053Z_7c7f5f05,power_20260923T024053Z_7c7f5f05_trial_1,gemm_naive-2048-16,1,gemm_naive,workload,cuda,gpu_board
2026-09-23T02:41:51.161683+00:00,1790131311.161683,3582581.908560542,0.033106327056884766,GPU-91e942dc-edbb-7f2a-9cea-167356bbd86a,NVIDIA H100 80GB HBM3,473.43,100.0,0.0,1980.0,2619.0,52.0,power_20260923T024053Z_7c7f5f05,power_20260923T024053Z_7c7f5f05_trial_1,gemm_naive-2048-16,1,gemm_naive,workload,cuda,gpu_board
2026-09-23T02:41:51.393831+00:00,1790131311.3938313,3582582.140706099,0.030881166458129883,GPU-91e942dc-edbb-7f2a-9cea-167356bbd86a,NVIDIA H100 80GB HBM3,473.09,100.0,0.0,1980.0,2619.0,52.0,power_20260923T024053Z_7c7f5f05,power_20260923T024053Z_7c7f5f05_trial_1,gemm_naive-2048-16,1,gemm_naive,workload,cuda,gpu_board
2026-09-23T02:41:51.625901+00:00,1790131311.625901,3582582.372775304,0.032970428466796875,GPU-91e942dc-edbb-7f2a-9cea-167356bbd86a,NVIDIA H100 80GB HBM3,473.53,100.0,0.0,1980.0,2619.0,52.0,power_20260923T024053Z_7c7f5f05,power_20260923T024053Z_7c7f5f05_trial_1,gemm_naive-2048-16,1,gemm_naive,workload,cuda,gpu_board
2026-09-23T02:41:51.857856+00:00,1790131311.8578563,3582582.604730623,0.030675172805786133,GPU-91e942dc-edbb-7f2a-9cea-167356bbd86a,NVIDIA H100 80GB HBM3,473.14,100.0,0.0,1980.0,2619.0,52.0,power_20260923T024053Z_7c7f5f05,power_20260923T024053Z_7c7f5f05_trial_1,gemm_naive-2048-16,1,gemm_naive,workload,cuda,gpu_board
2026-09-23T02:41:52.089671+00:00,1790131312.0896707,3582582.8365439787,0.032685279846191406,GPU-91e942dc-edbb-7f2a-9cea-167356bbd86a,NVIDIA H100 80GB HBM3,473.21,100.0,0.0,1980.0,2619.0,52.0,power_20260923T024053Z_7c7f5f05,power_20260923T024053Z_7c7f5f05_trial_1,gemm_naive-2048-16,1,gemm_naive,workload,cuda,gpu_board
2026-09-23T02:41:52.321299+00:00,1790131312.3212986,3582583.0681721815,0.03030705451965332,GPU-91e942dc-edbb-7f2a-9cea-167356bbd86a,NVIDIA H100 80GB HBM3,473.24,100.0,0.0,1980.0,2619.0,53.0,power_20260923T024053Z_7c7f5f05,power_20260923T024053Z_7c7f5f05_trial_1,gemm_naive-2048-16,1,gemm_naive,workload,cuda,gpu_board
2026-09-23T02:41:52.553251+00:00,1790131312.5532508,3582583.300125188,0.03334212303161621,GPU-91e942dc-edbb-7f2a-9cea-167356bbd86a,NVIDIA H100 80GB HBM3,473.16,100.0,0.0,1980.0,2619.0,53.0,power_20260923T024053Z_7c7f5f05,power_20260923T024053Z_7c7f5f05_trial_1,gemm_naive-2048-16,1,gemm_naive,workload,cuda,gpu_board
2026-09-23T02:41:52.785172+00:00,1790131312.7851715,3582583.5320447413,0.030235767364501953,GPU-91e942dc-edbb-7f2a-9cea-167356bbd86a,NVIDIA H100 80GB HBM3,473.61,100.0,0.0,1980.0,2619.0,53.0,power_20260923T024053Z_7c7f5f05,power_20260923T024053Z_7c7f5f05_trial_1,gemm_naive-2048-16,1,gemm_naive,workload,cuda,gpu_board
2026-09-23T02:41:53.018041+00:00,1790131313.0180407,3582583.7649142826,0.03524613380432129,GPU-91e942dc-edbb-7f2a-9cea-167356bbd86a,NVIDIA H100 80GB HBM3,473.12,100.0,0.0,1980.0,2619.0,53.0,power_20260923T024053Z_7c7f5f05,power_20260923T024053Z_7c7f5f05_trial_1,gemm_naive-2048-16,1,gemm_naive,workload,cuda,gpu_board
2026-09-23T02:41:53.251032+00:00,1790131313.2510319,3582583.9979048083,0.03048396110534668,GPU-91e942dc-edbb-7f2a-9cea-167356bbd86a,NVIDIA H100 80GB HBM3,473.4,100.0,0.0,1980.0,2619.0,53.0,power_20260923T024053Z_7c7f5f05,power_20260923T024053Z_7c7f5f05_trial_1,gemm_naive-2048-16,1,gemm_naive,workload,cuda,gpu_board
2026-09-23T02:41:53.483338+00:00,1790131313.4833384,3582584.2302122037,0.033873796463012695,GPU-91e942dc-edbb-7f2a-9cea-167356bbd86a,NVIDIA H100 80GB HBM3,473.44,100.0,0.0,1980.0,2619.0,53.0,power_20260923T024053Z_7c7f5f05,power_20260923T024053Z_7c7f5f05_trial_1,gemm_naive-2048-16,1,gemm_naive,workload,cuda,gpu_board
2026-09-23T02:41:53.725943+00:00,1790131313.7259433,3582584.4728167877,0.051074981689453125,GPU-91e942dc-edbb-7f2a-9cea-167356bbd86a,NVIDIA H100 80GB HBM3,473.72,100.0,0.0,1980.0,2619.0,53.0,power_20260923T024053Z_7c7f5f05,power_20260923T024053Z_7c7f5f05_trial_1,gemm_naive-2048-16,1,gemm_naive,workload,cuda,gpu_board
2026-09-23T02:41:53.966824+00:00,1790131313.9668238,3582584.713697486,0.030414104461669922,GPU-91e942dc-edbb-7f2a-9cea-167356bbd86a,NVIDIA H100 80GB HBM3,407.94,2.0,0.0,1980.0,2619.0,44.0,power_20260923T024053Z_7c7f5f05,power_20260923T024053Z_7c7f5f05_trial_1,gemm_tiled-2048-16,1,gemm_tiled,idle,cuda,gpu_board
2026-09-23T02:41:54.197042+00:00,1790131314.1970425,3582584.943914753,0.029771089553833008,GPU-91e942dc-edbb-7f2a-9cea-167356bbd86a,NVIDIA H100 80GB HBM3,347.61,0.0,0.0,1980.0,2619.0,43.0,power_20260923T024053Z_7c7f5f05,power_20260923T024053Z_7c7f5f05_trial_1,gemm_tiled-2048-16,1,gemm_tiled,idle,cuda,gpu_board
2026-09-23T02:41:54.426840+00:00,1790131314.42684,3582585.17371088,0.029590129852294922,GPU-91e942dc-edbb-7f2a-9cea-167356bbd86a,NVIDIA H100 80GB HBM3,283.52,0.0,0.0,1980.0,2619.0,42.0,power_20260923T024053Z_7c7f5f05,power_20260923T024053Z_7c7f5f05_trial_1,gemm_tiled-2048-16,1,gemm_tiled,idle,cuda,gpu_board
2026-09-23T02:41:54.657508+00:00,1790131314.6575077,3582585.4043858284,0.03153371810913086,GPU-91e942dc-edbb-7f2a-9cea-167356bbd86a,NVIDIA H100 80GB HBM3,196.18,0.0,0.0,1980.0,2619.0,41.0,power_20260923T024053Z_7c7f5f05,power_20260923T024053Z_7c7f5f05_trial_1,gemm_tiled-2048-16,1,gemm_tiled,idle,cuda,gpu_board
2026-09-23T02:41:54.889031+00:00,1790131314.889031,3582585.635907457,0.031148672103881836,GPU-91e942dc-edbb-7f2a-9cea-167356bbd86a,NVIDIA H100 80GB HBM3,165.7,0.0,0.0,1980.0,2619.0,41.0,power_20260923T024053Z_7c7f5f05,power_20260923T024053Z_7c7f5f05_trial_1,gemm_tiled-2048-16,1,gemm_tiled,idle,cuda,gpu_board
2026-09-23T02:41:55.119754+00:00,1790131315.1197543,3582585.8666264974,0.03000020980834961,GPU-91e942dc-edbb-7f2a-9cea-167356bbd86a,NVIDIA H100 80GB HBM3,164.95,0.0,0.0,1980.0,2619.0,41.0,power_20260923T024053Z_7c7f5f05,power_20260923T024053Z_7c7f5f05_trial_1,gemm_tiled-2048-16,1,gemm_tiled,idle,cuda,gpu_board
2026-09-23T02:41:55.349578+00:00,1790131315.349578,3582586.0964507656,0.029412508010864258,GPU-91e942dc-edbb-7f2a-9cea-167356bbd86a,NVIDIA H100 80GB HBM3,164.34,0.0,0.0,1980.0,2619.0,41.0,power_20260923T024053Z_7c7f5f05,power_20260923T024053Z_7c7f5f05_trial_1,gemm_tiled-2048-16,1,gemm_tiled,idle,cuda,gpu_board
2026-09-23T02:41:55.593174+00:00,1790131315.5931735,3582586.3400449455,0.05754446983337402,GPU-91e942dc-edbb-7f2a-9cea-167356bbd86a,NVIDIA H100 80GB HBM3,164.02,0.0,0.0,1980.0,2619.0,40.0,power_20260923T024053Z_7c7f5f05,power_20260923T024053Z_7c7f5f05_trial_1,gemm_tiled-2048-16,1,gemm_tiled,idle,cuda,gpu_board
2026-09-23T02:41:55.837484+00:00,1790131315.8374836,3582586.5843548346,0.030851364135742188,GPU-91e942dc-edbb-7f2a-9cea-167356bbd86a,NVIDIA H100 80GB HBM3,153.69,0.0,0.0,405.0,2619.0,39.0,power_20260923T024053Z_7c7f5f05,power_20260923T024053Z_7c7f5f05_trial_1,gemm_tiled-2048-16,1,gemm_tiled,idle,cuda,gpu_board
2026-09-23T02:41:56.069521+00:00,1790131316.0695214,3582586.81639208,0.033005475997924805,GPU-91e942dc-edbb-7f2a-9cea-167356bbd86a,NVIDIA H100 80GB HBM3,134.7,0.0,0.0,345.0,2619.0,38.0,power_20260923T024053Z_7c7f5f05,power_20260923T024053Z_7c7f5f05_trial_1,gemm_tiled-2048-16,1,gemm_tiled,idle,cuda,gpu_board
2026-09-23T02:41:56.302429+00:00,1790131316.3024292,3582587.0492999963,0.03259921073913574,GPU-91e942dc-edbb-7f2a-9cea-167356bbd86a,NVIDIA H100 80GB HBM3,122.0,0.0,0.0,345.0,2619.0,38.0,power_20260923T024053Z_7c7f5f05,power_20260923T024053Z_7c7f5f05_trial_1,gemm_tiled-2048-16,1,gemm_tiled,idle,cuda,gpu_board
2026-09-23T02:41:56.534832+00:00,1790131316.534832,3582587.281702784,0.03197789192199707,GPU-91e942dc-edbb-7f2a-9cea-167356bbd86a,NVIDIA H100 80GB HBM3,108.2,0.0,0.0,345.0,2619.0,38.0,power_20260923T024053Z_7c7f5f05,power_20260923T024053Z_7c7f5f05_trial_1,gemm_tiled-2048-16,1,gemm_tiled,idle,cuda,gpu_board
2026-09-23T02:41:56.766278+00:00,1790131316.7662778,3582587.5131486114,0.030705690383911133,GPU-91e942dc-edbb-7f2a-9cea-167356bbd86a,NVIDIA H100 80GB HBM3,98.81,0.0,0.0,345.0,2619.0,38.0,power_20260923T024053Z_7c7f5f05,power_20260923T024053Z_7c7f5f05_trial_1,gemm_tiled-2048-16,1,gemm_tiled,idle,cuda,gpu_board
2026-09-23T02:41:56.997299+00:00,1790131316.9972992,3582587.7441696594,0.031125783920288086,GPU-91e942dc-edbb-7f2a-9cea-167356bbd86a,NVIDIA H100 80GB HBM3,98.68,0.0,0.0,345.0,2619.0,38.0,power_20260923T024053Z_7c7f5f05,power_20260923T024053Z_7c7f5f05_trial_1,gemm_tiled-2048-16,1,gemm_tiled,idle,cuda,gpu_board
2026-09-23T02:41:57.228517+00:00,1790131317.228517,3582587.9753877223,0.031100988388061523,GPU-91e942dc-edbb-7f2a-9cea-167356bbd86a,NVIDIA H100 80GB HBM3,98.61,0.0,0.0,345.0,2619.0,38.0,power_20260923T024053Z_7c7f5f05,power_20260923T024053Z_7c7f5f05_trial_1,gemm_tiled-2048-16,1,gemm_tiled,idle,cuda,gpu_board
2026-09-23T02:41:57.459797+00:00,1790131317.4597974,3582588.2066679047,0.031248092651367188,GPU-91e942dc-edbb-7f2a-9cea-167356bbd86a,NVIDIA H100 80GB HBM3,98.55,0.0,0.0,345.0,2619.0,37.0,power_20260923T024053Z_7c7f5f05,power_20260923T024053Z_7c7f5f05_trial_1,gemm_tiled-2048-16,1,gemm_tiled,idle,cuda,gpu_board
2026-09-23T02:41:57.690855+00:00,1790131317.690855,3582588.437725783,0.03066086769104004,GPU-91e942dc-edbb-7f2a-9cea-167356bbd86a,NVIDIA H100 80GB HBM3,98.52,0.0,0.0,345.0,2619.0,37.0,power_20260923T024053Z_7c7f5f05,power_20260923T024053Z_7c7f5f05_trial_1,gemm_tiled-2048-16,1,gemm_tiled,idle,cuda,gpu_board
2026-09-23T02:41:58.058997+00:00,1790131318.0589967,3582588.8058773126,0.3054063320159912,GPU-91e942dc-edbb-7f2a-9cea-167356bbd86a,NVIDIA H100 80GB HBM3,98.46,0.0,0.0,345.0,2619.0,37.0,power_20260923T024053Z_7c7f5f05,power_20260923T024053Z_7c7f5f05_trial_1,gemm_tiled-2048-16,1,gemm_tiled,workload,cuda,gpu_board
2026-09-23T02:41:58.427796+00:00,1790131318.4277956,3582589.174671173,0.0318293571472168,GPU-91e942dc-edbb-7f2a-9cea-167356bbd86a,NVIDIA H100 80GB HBM3,106.35,0.0,0.0,1980.0,2619.0,38.0,power_20260923T024053Z_7c7f5f05,power_20260923T024053Z_7c7f5f05_trial_1,gemm_tiled-2048-16,1,gemm_tiled,workload,cuda,gpu_board
2026-09-23T02:41:58.660815+00:00,1790131318.6608148,3582589.407692093,0.033921003341674805,GPU-91e942dc-edbb-7f2a-9cea-167356bbd86a,NVIDIA H100 80GB HBM3,188.2,100.0,1.0,1980.0,2619.0,44.0,power_20260923T024053Z_7c7f5f05,power_20260923T024053Z_7c7f5f05_trial_1,gemm_tiled-2048-16,1,gemm_tiled,workload,cuda,gpu_board
2026-09-23T02:41:58.893358+00:00,1790131318.8933575,3582589.64023069,0.030864715576171875,GPU-91e942dc-edbb-7f2a-9cea-167356bbd86a,NVIDIA H100 80GB HBM3,247.48,100.0,1.0,1980.0,2619.0,45.0,power_20260923T024053Z_7c7f5f05,power_20260923T024053Z_7c7f5f05_trial_1,gemm_tiled-2048-16,1,gemm_tiled,workload,cuda,gpu_board
2026-09-23T02:41:59.126128+00:00,1790131319.1261282,3582589.8730021752,0.03442072868347168,GPU-91e942dc-edbb-7f2a-9cea-167356bbd86a,NVIDIA H100 80GB HBM3,311.1,100.0,1.0,1980.0,2619.0,45.0,power_20260923T024053Z_7c7f5f05,power_20260923T024053Z_7c7f5f05_trial_1,gemm_tiled-2048-16,1,gemm_tiled,workload,cuda,gpu_board
2026-09-23T02:41:59.359051+00:00,1790131319.3590515,3582590.105924151,0.031153202056884766,GPU-91e942dc-edbb-7f2a-9cea-167356bbd86a,NVIDIA H100 80GB HBM3,394.38,100.0,1.0,1980.0,2619.0,46.0,power_20260923T024053Z_7c7f5f05,power_20260923T024053Z_7c7f5f05_trial_1,gemm_tiled-2048-16,1,gemm_tiled,workload,cuda,gpu_board
2026-09-23T02:41:59.592074+00:00,1790131319.592074,3582590.3389478805,0.03464961051940918,GPU-91e942dc-edbb-7f2a-9cea-167356bbd86a,NVIDIA H100 80GB HBM3,401.93,100.0,1.0,1980.0,2619.0,46.0,power_20260923T024053Z_7c7f5f05,power_20260923T024053Z_7c7f5f05_trial_1,gemm_tiled-2048-16,1,gemm_tiled,workload,cuda,gpu_board
2026-09-23T02:41:59.825477+00:00,1790131319.8254766,3582590.5723539405,0.03185153007507324,GPU-91e942dc-edbb-7f2a-9cea-167356bbd86a,NVIDIA H100 80GB HBM3,402.92,100.0,1.0,1980.0,2619.0,47.0,power_20260923T024053Z_7c7f5f05,power_20260923T024053Z_7c7f5f05_trial_1,gemm_tiled-2048-16,1,gemm_tiled,workload,cuda,gpu_board
2026-09-23T02:42:00.058949+00:00,1790131320.058949,3582590.8058232134,0.03477597236633301,GPU-91e942dc-edbb-7f2a-9cea-167356bbd86a,NVIDIA H100 80GB HBM3,404.1,100.0,1.0,1980.0,2619.0,47.0,power_20260923T024053Z_7c7f5f05,power_20260923T024053Z_7c7f5f05_trial_1,gemm_tiled-2048-16,1,gemm_tiled,workload,cuda,gpu_board
2026-09-23T02:42:00.292209+00:00,1790131320.2922091,3582591.0390851106,0.03148007392883301,GPU-91e942dc-edbb-7f2a-9cea-167356bbd86a,NVIDIA H100 80GB HBM3,404.84,100.0,1.0,1980.0,2619.0,47.0,power_20260923T024053Z_7c7f5f05,power_20260923T024053Z_7c7f5f05_trial_1,gemm_tiled-2048-16,1,gemm_tiled,workload,cuda,gpu_board
2026-09-23T02:42:00.524961+00:00,1790131320.524961,3582591.2718334845,0.033728837966918945,GPU-91e942dc-edbb-7f2a-9cea-167356bbd86a,NVIDIA H100 80GB HBM3,405.39,100.0,1.0,1980.0,2619.0,47.0,power_20260923T024053Z_7c7f5f05,power_20260923T024053Z_7c7f5f05_trial_1,gemm_tiled-2048-16,1,gemm_tiled,workload,cuda,gpu_board
2026-09-23T02:42:00.758480+00:00,1790131320.7584796,3582591.505351137,0.03305506706237793,GPU-91e942dc-edbb-7f2a-9cea-167356bbd86a,NVIDIA H100 80GB HBM3,405.65,100.0,1.0,1980.0,2619.0,47.0,power_20260923T024053Z_7c7f5f05,power_20260923T024053Z_7c7f5f05_trial_1,gemm_tiled-2048-16,1,gemm_tiled,workload,cuda,gpu_board
2026-09-23T02:42:00.991205+00:00,1790131320.9912047,3582591.7380838403,0.032175302505493164,GPU-91e942dc-edbb-7f2a-9cea-167356bbd86a,NVIDIA H100 80GB HBM3,405.83,100.0,1.0,1980.0,2619.0,47.0,power_20260923T024053Z_7c7f5f05,power_20260923T024053Z_7c7f5f05_trial_1,gemm_tiled-2048-16,1,gemm_tiled,workload,cuda,gpu_board
2026-09-23T02:42:01.224362+00:00,1790131321.2243621,3582591.9712351337,0.03380584716796875,GPU-91e942dc-edbb-7f2a-9cea-167356bbd86a,NVIDIA H100 80GB HBM3,405.93,100.0,1.0,1980.0,2619.0,48.0,power_20260923T024053Z_7c7f5f05,power_20260923T024053Z_7c7f5f05_trial_1,gemm_tiled-2048-16,1,gemm_tiled,workload,cuda,gpu_board
2026-09-23T02:42:01.457335+00:00,1790131321.4573355,3582592.204209633,0.03190016746520996,GPU-91e942dc-edbb-7f2a-9cea-167356bbd86a,NVIDIA H100 80GB HBM3,406.11,100.0,1.0,1980.0,2619.0,48.0,power_20260923T024053Z_7c7f5f05,power_20260923T024053Z_7c7f5f05_trial_1,gemm_tiled-2048-16,1,gemm_tiled,workload,cuda,gpu_board
2026-09-23T02:42:01.691197+00:00,1790131321.691197,3582592.4380693743,0.03551936149597168,GPU-91e942dc-edbb-7f2a-9cea-167356bbd86a,NVIDIA H100 80GB HBM3,406.27,100.0,1.0,1980.0,2619.0,48.0,power_20260923T024053Z_7c7f5f05,power_20260923T024053Z_7c7f5f05_trial_1,gemm_tiled-2048-16,1,gemm_tiled,workload,cuda,gpu_board
2026-09-23T02:42:01.924530+00:00,1790131321.92453,3582592.6714066463,0.03090834617614746,GPU-91e942dc-edbb-7f2a-9cea-167356bbd86a,NVIDIA H100 80GB HBM3,406.33,100.0,1.0,1980.0,2619.0,48.0,power_20260923T024053Z_7c7f5f05,power_20260923T024053Z_7c7f5f05_trial_1,gemm_tiled-2048-16,1,gemm_tiled,workload,cuda,gpu_board
2026-09-23T02:42:02.157786+00:00,1790131322.157786,3582592.904659339,0.03529047966003418,GPU-91e942dc-edbb-7f2a-9cea-167356bbd86a,NVIDIA H100 80GB HBM3,406.5,100.0,1.0,1980.0,2619.0,48.0,power_20260923T024053Z_7c7f5f05,power_20260923T024053Z_7c7f5f05_trial_1,gemm_tiled-2048-16,1,gemm_tiled,workload,cuda,gpu_board
2026-09-23T02:42:02.390999+00:00,1790131322.3909993,3582593.1378733525,0.030878067016601562,GPU-91e942dc-edbb-7f2a-9cea-167356bbd86a,NVIDIA H100 80GB HBM3,406.5,100.0,1.0,1980.0,2619.0,48.0,power_20260923T024053Z_7c7f5f05,power_20260923T024053Z_7c7f5f05_trial_1,gemm_tiled-2048-16,1,gemm_tiled,workload,cuda,gpu_board
2026-09-23T02:42:02.623369+00:00,1790131322.6233685,3582593.3702418357,0.03358936309814453,GPU-91e942dc-edbb-7f2a-9cea-167356bbd86a,NVIDIA H100 80GB HBM3,406.5,100.0,1.0,1980.0,2619.0,48.0,power_20260923T024053Z_7c7f5f05,power_20260923T024053Z_7c7f5f05_trial_1,gemm_tiled-2048-16,1,gemm_tiled,workload,cuda,gpu_board
2026-09-23T02:42:02.855831+00:00,1790131322.8558311,3582593.602707104,0.03107929229736328,GPU-91e942dc-edbb-7f2a-9cea-167356bbd86a,NVIDIA H100 80GB HBM3,406.58,100.0,1.0,1980.0,2619.0,48.0,power_20260923T024053Z_7c7f5f05,power_20260923T024053Z_7c7f5f05_trial_1,gemm_tiled-2048-16,1,gemm_tiled,workload,cuda,gpu_board
2026-09-23T02:42:03.088684+00:00,1790131323.088684,3582593.835556589,0.034337759017944336,GPU-91e942dc-edbb-7f2a-9cea-167356bbd86a,NVIDIA H100 80GB HBM3,406.61,100.0,1.0,1980.0,2619.0,48.0,power_20260923T024053Z_7c7f5f05,power_20260923T024053Z_7c7f5f05_trial_1,gemm_tiled-2048-16,1,gemm_tiled,workload,cuda,gpu_board
2026-09-23T02:42:03.321630+00:00,1790131323.32163,3582594.0685057146,0.03132224082946777,GPU-91e942dc-edbb-7f2a-9cea-167356bbd86a,NVIDIA H100 80GB HBM3,406.59,100.0,1.0,1980.0,2619.0,48.0,power_20260923T024053Z_7c7f5f05,power_20260923T024053Z_7c7f5f05_trial_1,gemm_tiled-2048-16,1,gemm_tiled,workload,cuda,gpu_board
2026-09-23T02:42:03.554625+00:00,1790131323.554625,3582594.301504909,0.03438067436218262,GPU-91e942dc-edbb-7f2a-9cea-167356bbd86a,NVIDIA H100 80GB HBM3,406.64,100.0,1.0,1980.0,2619.0,48.0,power_20260923T024053Z_7c7f5f05,power_20260923T024053Z_7c7f5f05_trial_1,gemm_tiled-2048-16,1,gemm_tiled,workload,cuda,gpu_board
2026-09-23T02:42:03.787531+00:00,1790131323.7875314,3582594.534406573,0.031099557876586914,GPU-91e942dc-edbb-7f2a-9cea-167356bbd86a,NVIDIA H100 80GB HBM3,406.76,100.0,1.0,1980.0,2619.0,48.0,power_20260923T024053Z_7c7f5f05,power_20260923T024053Z_7c7f5f05_trial_1,gemm_tiled-2048-16,1,gemm_tiled,workload,cuda,gpu_board
2026-09-23T02:42:04.020605+00:00,1790131324.0206046,3582594.7674803985,0.03474688529968262,GPU-91e942dc-edbb-7f2a-9cea-167356bbd86a,NVIDIA H100 80GB HBM3,406.73,100.0,1.0,1980.0,2619.0,48.0,power_20260923T024053Z_7c7f5f05,power_20260923T024053Z_7c7f5f05_trial_1,gemm_tiled-2048-16,1,gemm_tiled,workload,cuda,gpu_board
2026-09-23T02:42:04.253667+00:00,1790131324.2536669,3582595.000540577,0.031091928482055664,GPU-91e942dc-edbb-7f2a-9cea-167356bbd86a,NVIDIA H100 80GB HBM3,407.02,100.0,1.0,1980.0,2619.0,48.0,power_20260923T024053Z_7c7f5f05,power_20260923T024053Z_7c7f5f05_trial_1,gemm_tiled-2048-16,1,gemm_tiled,workload,cuda,gpu_board
2026-09-23T02:42:04.486469+00:00,1790131324.4864688,3582595.23334514,0.03425431251525879,GPU-91e942dc-edbb-7f2a-9cea-167356bbd86a,NVIDIA H100 80GB HBM3,406.98,100.0,1.0,1980.0,2619.0,48.0,power_20260923T024053Z_7c7f5f05,power_20260923T024053Z_7c7f5f05_trial_1,gemm_tiled-2048-16,1,gemm_tiled,workload,cuda,gpu_board
2026-09-23T02:42:04.721243+00:00,1790131324.7212434,3582595.4681175547,0.03500986099243164,GPU-91e942dc-edbb-7f2a-9cea-167356bbd86a,NVIDIA H100 80GB HBM3,406.95,100.0,1.0,1980.0,2619.0,48.0,power_20260923T024053Z_7c7f5f05,power_20260923T024053Z_7c7f5f05_trial_1,gemm_tiled-2048-16,1,gemm_tiled,workload,cuda,gpu_board
2026-09-23T02:42:04.954935+00:00,1790131324.9549346,3582595.7018138906,0.03212547302246094,GPU-91e942dc-edbb-7f2a-9cea-167356bbd86a,NVIDIA H100 80GB HBM3,407.02,100.0,1.0,1980.0,2619.0,48.0,power_20260923T024053Z_7c7f5f05,power_20260923T024053Z_7c7f5f05_trial_1,gemm_tiled-2048-16,1,gemm_tiled,workload,cuda,gpu_board
2026-09-23T02:42:05.187883+00:00,1790131325.187883,3582595.9347565616,0.033431053161621094,GPU-91e942dc-edbb-7f2a-9cea-167356bbd86a,NVIDIA H100 80GB HBM3,406.86,100.0,1.0,1980.0,2619.0,48.0,power_20260923T024053Z_7c7f5f05,power_20260923T024053Z_7c7f5f05_trial_1,gemm_tiled-2048-16,1,gemm_tiled,workload,cuda,gpu_board
2026-09-23T02:42:05.420310+00:00,1790131325.42031,3582596.1671845545,0.03116917610168457,GPU-91e942dc-edbb-7f2a-9cea-167356bbd86a,NVIDIA H100 80GB HBM3,406.92,100.0,1.0,1980.0,2619.0,48.0,power_20260923T024053Z_7c7f5f05,power_20260923T024053Z_7c7f5f05_trial_1,gemm_tiled-2048-16,1,gemm_tiled,workload,cuda,gpu_board
2026-09-23T02:42:05.653497+00:00,1790131325.6534972,3582596.400370742,0.03492593765258789,GPU-91e942dc-edbb-7f2a-9cea-167356bbd86a,NVIDIA H100 80GB HBM3,407.02,100.0,1.0,1980.0,2619.0,48.0,power_20260923T024053Z_7c7f5f05,power_20260923T024053Z_7c7f5f05_trial_1,gemm_tiled-2048-16,1,gemm_tiled,workload,cuda,gpu_board
2026-09-23T02:42:05.886734+00:00,1790131325.8867345,3582596.63361068,0.031288862228393555,GPU-91e942dc-edbb-7f2a-9cea-167356bbd86a,NVIDIA H100 80GB HBM3,407.1,100.0,1.0,1980.0,2619.0,48.0,power_20260923T024053Z_7c7f5f05,power_20260923T024053Z_7c7f5f05_trial_1,gemm_tiled-2048-16,1,gemm_tiled,workload,cuda,gpu_board
2026-09-23T02:42:06.118724+00:00,1790131326.1187239,3582596.865596796,0.03239178657531738,GPU-91e942dc-edbb-7f2a-9cea-167356bbd86a,NVIDIA H100 80GB HBM3,407.08,100.0,1.0,1980.0,2619.0,48.0,power_20260923T024053Z_7c7f5f05,power_20260923T024053Z_7c7f5f05_trial_1,gemm_tiled-2048-16,1,gemm_tiled,workload,cuda,gpu_board
2026-09-23T02:42:06.351003+00:00,1790131326.3510034,3582597.097879459,0.03191184997558594,GPU-91e942dc-edbb-7f2a-9cea-167356bbd86a,NVIDIA H100 80GB HBM3,407.1,100.0,1.0,1980.0,2619.0,48.0,power_20260923T024053Z_7c7f5f05,power_20260923T024053Z_7c7f5f05_trial_1,gemm_tiled-2048-16,1,gemm_tiled,workload,cuda,gpu_board
2026-09-23T02:42:06.584560+00:00,1790131326.58456,3582597.3314323616,0.034906625747680664,GPU-91e942dc-edbb-7f2a-9cea-167356bbd86a,NVIDIA H100 80GB HBM3,407.12,100.0,1.0,1980.0,2619.0,48.0,power_20260923T024053Z_7c7f5f05,power_20260923T024053Z_7c7f5f05_trial_1,gemm_tiled-2048-16,1,gemm_tiled,workload,cuda,gpu_board
2026-09-23T02:42:06.818334+00:00,1790131326.818334,3582597.565207498,0.03240084648132324,GPU-91e942dc-edbb-7f2a-9cea-167356bbd86a,NVIDIA H100 80GB HBM3,407.08,100.0,1.0,1980.0,2619.0,48.0,power_20260923T024053Z_7c7f5f05,power_20260923T024053Z_7c7f5f05_trial_1,gemm_tiled-2048-16,1,gemm_tiled,workload,cuda,gpu_board
2026-09-23T02:42:07.051458+00:00,1790131327.0514584,3582597.7983309655,0.03359103202819824,GPU-91e942dc-edbb-7f2a-9cea-167356bbd86a,NVIDIA H100 80GB HBM3,407.2,100.0,1.0,1980.0,2619.0,48.0,power_20260923T024053Z_7c7f5f05,power_20260923T024053Z_7c7f5f05_trial_1,gemm_tiled-2048-16,1,gemm_tiled,workload,cuda,gpu_board
2026-09-23T02:42:07.284493+00:00,1790131327.2844932,3582598.0313659906,0.032231807708740234,GPU-91e942dc-edbb-7f2a-9cea-167356bbd86a,NVIDIA H100 80GB HBM3,407.17,100.0,1.0,1980.0,2619.0,48.0,power_20260923T024053Z_7c7f5f05,power_20260923T024053Z_7c7f5f05_trial_1,gemm_tiled-2048-16,1,gemm_tiled,workload,cuda,gpu_board
2026-09-23T02:42:07.518404+00:00,1790131327.5184035,3582598.2652763007,0.035344600677490234,GPU-91e942dc-edbb-7f2a-9cea-167356bbd86a,NVIDIA H100 80GB HBM3,407.15,100.0,1.0,1980.0,2619.0,48.0,power_20260923T024053Z_7c7f5f05,power_20260923T024053Z_7c7f5f05_trial_1,gemm_tiled-2048-16,1,gemm_tiled,workload,cuda,gpu_board
2026-09-23T02:42:07.755344+00:00,1790131327.7553444,3582598.5022178236,0.038286447525024414,GPU-91e942dc-edbb-7f2a-9cea-167356bbd86a,NVIDIA H100 80GB HBM3,407.26,100.0,1.0,1980.0,2619.0,48.0,power_20260923T024053Z_7c7f5f05,power_20260923T024053Z_7c7f5f05_trial_1,gemm_tiled-2048-16,1,gemm_tiled,workload,cuda,gpu_board
2026-09-23T02:42:07.992360+00:00,1790131327.9923604,3582598.739233612,0.03549385070800781,GPU-91e942dc-edbb-7f2a-9cea-167356bbd86a,NVIDIA H100 80GB HBM3,407.2,100.0,1.0,1980.0,2619.0,48.0,power_20260923T024053Z_7c7f5f05,power_20260923T024053Z_7c7f5f05_trial_1,gemm_tiled-2048-16,1,gemm_tiled,workload,cuda,gpu_board
2026-09-23T02:42:08.225748+00:00,1790131328.225748,3582598.972620905,0.03102564811706543,GPU-91e942dc-edbb-7f2a-9cea-167356bbd86a,NVIDIA H100 80GB HBM3,407.32,100.0,1.0,1980.0,2619.0,48.0,power_20260923T024053Z_7c7f5f05,power_20260923T024053Z_7c7f5f05_trial_1,gemm_tiled-2048-16,1,gemm_tiled,workload,cuda,gpu_board
2026-09-23T02:42:08.458544+00:00,1790131328.4585438,3582599.2054163306,0.03429222106933594,GPU-91e942dc-edbb-7f2a-9cea-167356bbd86a,NVIDIA H100 80GB HBM3,407.34,100.0,1.0,1980.0,2619.0,48.0,power_20260923T024053Z_7c7f5f05,power_20260923T024053Z_7c7f5f05_trial_1,gemm_tiled-2048-16,1,gemm_tiled,workload,cuda,gpu_board
2026-09-23T02:42:08.691137+00:00,1790131328.6911366,3582599.4380091047,0.03065013885498047,GPU-91e942dc-edbb-7f2a-9cea-167356bbd86a,NVIDIA H100 80GB HBM3,407.39,100.0,1.0,1980.0,2619.0,48.0,power_20260923T024053Z_7c7f5f05,power_20260923T024053Z_7c7f5f05_trial_1,gemm_tiled-2048-16,1,gemm_tiled,workload,cuda,gpu_board
2026-09-23T02:42:08.923615+00:00,1790131328.9236152,3582599.6704877466,0.03406047821044922,GPU-91e942dc-edbb-7f2a-9cea-167356bbd86a,NVIDIA H100 80GB HBM3,407.35,100.0,1.0,1980.0,2619.0,48.0,power_20260923T024053Z_7c7f5f05,power_20260923T024053Z_7c7f5f05_trial_1,gemm_tiled-2048-16,1,gemm_tiled,workload,cuda,gpu_board
2026-09-23T02:42:09.156218+00:00,1790131329.1562176,3582599.903089882,0.03090381622314453,GPU-91e942dc-edbb-7f2a-9cea-167356bbd86a,NVIDIA H100 80GB HBM3,407.23,100.0,1.0,1980.0,2619.0,48.0,power_20260923T024053Z_7c7f5f05,power_20260923T024053Z_7c7f5f05_trial_1,gemm_tiled-2048-16,1,gemm_tiled,workload,cuda,gpu_board
2026-09-23T02:42:09.389132+00:00,1790131329.389132,3582600.136004911,0.034685373306274414,GPU-91e942dc-edbb-7f2a-9cea-167356bbd86a,NVIDIA H100 80GB HBM3,407.32,100.0,1.0,1980.0,2619.0,48.0,power_20260923T024053Z_7c7f5f05,power_20260923T024053Z_7c7f5f05_trial_1,gemm_tiled-2048-16,1,gemm_tiled,workload,cuda,gpu_board
2026-09-23T02:42:09.636829+00:00,1790131329.636829,3582600.3837026535,0.06046605110168457,GPU-91e942dc-edbb-7f2a-9cea-167356bbd86a,NVIDIA H100 80GB HBM3,407.35,100.0,1.0,1980.0,2619.0,48.0,power_20260923T024053Z_7c7f5f05,power_20260923T024053Z_7c7f5f05_trial_1,gemm_tiled-2048-16,1,gemm_tiled,workload,cuda,gpu_board
2026-09-23T02:42:09.884349+00:00,1790131329.8843489,3582600.631229325,0.03427386283874512,GPU-91e942dc-edbb-7f2a-9cea-167356bbd86a,NVIDIA H100 80GB HBM3,407.35,100.0,1.0,1980.0,2619.0,48.0,power_20260923T024053Z_7c7f5f05,power_20260923T024053Z_7c7f5f05_trial_1,gemm_tiled-2048-16,1,gemm_tiled,workload,cuda,gpu_board
2026-09-23T02:42:10.119042+00:00,1790131330.1190424,3582600.865920148,0.03473472595214844,GPU-91e942dc-edbb-7f2a-9cea-167356bbd86a,NVIDIA H100 80GB HBM3,407.41,100.0,1.0,1980.0,2619.0,48.0,power_20260923T024053Z_7c7f5f05,power_20260923T024053Z_7c7f5f05_trial_1,gemm_tiled-2048-16,1,gemm_tiled,workload,cuda,gpu_board
2026-09-23T02:42:10.352222+00:00,1790131330.352222,3582601.099098438,0.03130602836608887,GPU-91e942dc-edbb-7f2a-9cea-167356bbd86a,NVIDIA H100 80GB HBM3,407.31,100.0,1.0,1980.0,2619.0,49.0,power_20260923T024053Z_7c7f5f05,power_20260923T024053Z_7c7f5f05_trial_1,gemm_tiled-2048-16,1,gemm_tiled,workload,cuda,gpu_board
2026-09-23T02:42:10.584869+00:00,1790131330.584869,3582601.331743359,0.03368067741394043,GPU-91e942dc-edbb-7f2a-9cea-167356bbd86a,NVIDIA H100 80GB HBM3,407.3,100.0,1.0,1980.0,2619.0,49.0,power_20260923T024053Z_7c7f5f05,power_20260923T024053Z_7c7f5f05_trial_1,gemm_tiled-2048-16,1,gemm_tiled,workload,cuda,gpu_board
2026-09-23T02:42:10.817677+00:00,1790131330.8176765,3582601.564550493,0.031661033630371094,GPU-91e942dc-edbb-7f2a-9cea-167356bbd86a,NVIDIA H100 80GB HBM3,407.29,100.0,1.0,1980.0,2619.0,48.0,power_20260923T024053Z_7c7f5f05,power_20260923T024053Z_7c7f5f05_trial_1,gemm_tiled-2048-16,1,gemm_tiled,workload,cuda,gpu_board
2026-09-23T02:42:11.050481+00:00,1790131331.0504806,3582601.797354175,0.033673763275146484,GPU-91e942dc-edbb-7f2a-9cea-167356bbd86a,NVIDIA H100 80GB HBM3,407.39,100.0,1.0,1980.0,2619.0,49.0,power_20260923T024053Z_7c7f5f05,power_20260923T024053Z_7c7f5f05_trial_1,gemm_tiled-2048-16,1,gemm_tiled,workload,cuda,gpu_board
2026-09-23T02:42:11.282919+00:00,1790131331.2829194,3582602.0297922865,0.030950069427490234,GPU-91e942dc-edbb-7f2a-9cea-167356bbd86a,NVIDIA H100 80GB HBM3,407.36,100.0,1.0,1980.0,2619.0,49.0,power_20260923T024053Z_7c7f5f05,power_20260923T024053Z_7c7f5f05_trial_1,gemm_tiled-2048-16,1,gemm_tiled,workload,cuda,gpu_board
2026-09-23T02:42:11.515669+00:00,1790131331.5156689,3582602.262541459,0.03429555892944336,GPU-91e942dc-edbb-7f2a-9cea-167356bbd86a,NVIDIA H100 80GB HBM3,407.28,100.0,1.0,1980.0,2619.0,49.0,power_20260923T024053Z_7c7f5f05,power_20260923T024053Z_7c7f5f05_trial_1,gemm_tiled-2048-16,1,gemm_tiled,workload,cuda,gpu_board
2026-09-23T02:42:11.748701+00:00,1790131331.748701,3582602.4955739565,0.03152942657470703,GPU-91e942dc-edbb-7f2a-9cea-167356bbd86a,NVIDIA H100 80GB HBM3,407.28,100.0,1.0,1980.0,2619.0,49.0,power_20260923T024053Z_7c7f5f05,power_20260923T024053Z_7c7f5f05_trial_1,gemm_tiled-2048-16,1,gemm_tiled,workload,cuda,gpu_board
2026-09-23T02:42:11.981652+00:00,1790131331.9816518,3582602.728525291,0.03411412239074707,GPU-91e942dc-edbb-7f2a-9cea-167356bbd86a,NVIDIA H100 80GB HBM3,407.25,100.0,1.0,1980.0,2619.0,49.0,power_20260923T024053Z_7c7f5f05,power_20260923T024053Z_7c7f5f05_trial_1,gemm_tiled-2048-16,1,gemm_tiled,workload,cuda,gpu_board
2026-09-23T02:42:12.215491+00:00,1790131332.2154913,3582602.962362818,0.03331732749938965,GPU-91e942dc-edbb-7f2a-9cea-167356bbd86a,NVIDIA H100 80GB HBM3,407.38,100.0,1.0,1980.0,2619.0,49.0,power_20260923T024053Z_7c7f5f05,power_20260923T024053Z_7c7f5f05_trial_1,gemm_tiled-2048-16,1,gemm_tiled,workload,cuda,gpu_board
2026-09-23T02:42:12.448016+00:00,1790131332.4480162,3582603.194888645,0.031516313552856445,GPU-91e942dc-edbb-7f2a-9cea-167356bbd86a,NVIDIA H100 80GB HBM3,407.41,100.0,1.0,1980.0,2619.0,49.0,power_20260923T024053Z_7c7f5f05,power_20260923T024053Z_7c7f5f05_trial_1,gemm_tiled-2048-16,1,gemm_tiled,workload,cuda,gpu_board
2026-09-23T02:42:12.680855+00:00,1790131332.680855,3582603.4277290506,0.03387451171875,GPU-91e942dc-edbb-7f2a-9cea-167356bbd86a,NVIDIA H100 80GB HBM3,407.45,100.0,1.0,1980.0,2619.0,49.0,power_20260923T024053Z_7c7f5f05,power_20260923T024053Z_7c7f5f05_trial_1,gemm_tiled-2048-16,1,gemm_tiled,workload,cuda,gpu_board
2026-09-23T02:42:12.914465+00:00,1790131332.914465,3582603.661342116,0.03308701515197754,GPU-91e942dc-edbb-7f2a-9cea-167356bbd86a,NVIDIA H100 80GB HBM3,407.43,100.0,1.0,1980.0,2619.0,49.0,power_20260923T024053Z_7c7f5f05,power_20260923T024053Z_7c7f5f05_trial_1,gemm_tiled-2048-16,1,gemm_tiled,workload,cuda,gpu_board
2026-09-23T02:42:13.148636+00:00,1790131333.1486363,3582603.8955091336,0.03493952751159668,GPU-91e942dc-edbb-7f2a-9cea-167356bbd86a,NVIDIA H100 80GB HBM3,407.41,100.0,1.0,1980.0,2619.0,49.0,power_20260923T024053Z_7c7f5f05,power_20260923T024053Z_7c7f5f05_trial_1,gemm_tiled-2048-16,1,gemm_tiled,workload,cuda,gpu_board
2026-09-23T02:42:13.383489+00:00,1790131333.3834891,3582604.1303603505,0.03449892997741699,GPU-91e942dc-edbb-7f2a-9cea-167356bbd86a,NVIDIA H100 80GB HBM3,407.48,100.0,1.0,1980.0,2619.0,49.0,power_20260923T024053Z_7c7f5f05,power_20260923T024053Z_7c7f5f05_trial_1,gemm_tiled-2048-16,1,gemm_tiled,workload,cuda,gpu_board
2026-09-23T02:42:13.617120+00:00,1790131333.6171203,3582604.3639913276,0.03254818916320801,GPU-91e942dc-edbb-7f2a-9cea-167356bbd86a,NVIDIA H100 80GB HBM3,407.45,100.0,1.0,1980.0,2619.0,49.0,power_20260923T024053Z_7c7f5f05,power_20260923T024053Z_7c7f5f05_trial_1,gemm_tiled-2048-16,1,gemm_tiled,workload,cuda,gpu_board
2026-09-23T02:42:13.848981+00:00,1790131333.848981,3582604.5958571434,0.030948400497436523,GPU-91e942dc-edbb-7f2a-9cea-167356bbd86a,NVIDIA H100 80GB HBM3,384.61,65.0,0.0,1980.0,2619.0,43.0,power_20260923T024053Z_7c7f5f05,power_20260923T024053Z_7c7f5f05_trial_1,vector_add-67108864-512,1,vector_add,idle,cuda,gpu_board
2026-09-23T02:42:14.080027+00:00,1790131334.080027,3582604.826903393,0.030812501907348633,GPU-91e942dc-edbb-7f2a-9cea-167356bbd86a,NVIDIA H100 80GB HBM3,313.49,0.0,0.0,1980.0,2619.0,42.0,power_20260923T024053Z_7c7f5f05,power_20260923T024053Z_7c7f5f05_trial_1,vector_add-67108864-512,1,vector_add,idle,cuda,gpu_board
2026-09-23T02:42:14.310746+00:00,1790131334.3107462,3582605.0576182343,0.03033614158630371,GPU-91e942dc-edbb-7f2a-9cea-167356bbd86a,NVIDIA H100 80GB HBM3,263.02,0.0,0.0,1980.0,2619.0,41.0,power_20260923T024053Z_7c7f5f05,power_20260923T024053Z_7c7f5f05_trial_1,vector_add-67108864-512,1,vector_add,idle,cuda,gpu_board
2026-09-23T02:42:14.540785+00:00,1790131334.5407853,3582605.28765662,0.02951788902282715,GPU-91e942dc-edbb-7f2a-9cea-167356bbd86a,NVIDIA H100 80GB HBM3,218.06,0.0,0.0,1980.0,2619.0,41.0,power_20260923T024053Z_7c7f5f05,power_20260923T024053Z_7c7f5f05_trial_1,vector_add-67108864-512,1,vector_add,idle,cuda,gpu_board
2026-09-23T02:42:14.771469+00:00,1790131334.771469,3582605.5183411324,0.0316162109375,GPU-91e942dc-edbb-7f2a-9cea-167356bbd86a,NVIDIA H100 80GB HBM3,164.41,0.0,0.0,1980.0,2619.0,40.0,power_20260923T024053Z_7c7f5f05,power_20260923T024053Z_7c7f5f05_trial_1,vector_add-67108864-512,1,vector_add,idle,cuda,gpu_board
2026-09-23T02:42:15.002554+00:00,1790131335.0025544,3582605.749425552,0.030324459075927734,GPU-91e942dc-edbb-7f2a-9cea-167356bbd86a,NVIDIA H100 80GB HBM3,163.82,0.0,0.0,1980.0,2619.0,40.0,power_20260923T024053Z_7c7f5f05,power_20260923T024053Z_7c7f5f05_trial_1,vector_add-67108864-512,1,vector_add,idle,cuda,gpu_board
2026-09-23T02:42:15.236063+00:00,1790131335.236063,3582605.982934859,0.03647589683532715,GPU-91e942dc-edbb-7f2a-9cea-167356bbd86a,NVIDIA H100 80GB HBM3,163.47,0.0,0.0,1980.0,2619.0,40.0,power_20260923T024053Z_7c7f5f05,power_20260923T024053Z_7c7f5f05_trial_1,vector_add-67108864-512,1,vector_add,idle,cuda,gpu_board
2026-09-23T02:42:15.470541+00:00,1790131335.4705412,3582606.217415044,0.032258033752441406,GPU-91e942dc-edbb-7f2a-9cea-167356bbd86a,NVIDIA H100 80GB HBM3,159.65,0.0,0.0,555.0,2619.0,39.0,power_20260923T024053Z_7c7f5f05,power_20260923T024053Z_7c7f5f05_trial_1,vector_add-67108864-512,1,vector_add,idle,cuda,gpu_board
2026-09-23T02:42:15.702827+00:00,1790131335.702827,3582606.4497006,0.03205275535583496,GPU-91e942dc-edbb-7f2a-9cea-167356bbd86a,NVIDIA H100 80GB HBM3,147.04,0.0,0.0,495.0,2619.0,38.0,power_20260923T024053Z_7c7f5f05,power_20260923T024053Z_7c7f5f05_trial_1,vector_add-67108864-512,1,vector_add,idle,cuda,gpu_board
2026-09-23T02:42:15.935095+00:00,1790131335.9350953,3582606.6819696766,0.03222155570983887,GPU-91e942dc-edbb-7f2a-9cea-167356bbd86a,NVIDIA H100 80GB HBM3,134.41,0.0,0.0,465.0,2619.0,38.0,power_20260923T024053Z_7c7f5f05,power_20260923T024053Z_7c7f5f05_trial_1,vector_add-67108864-512,1,vector_add,idle,cuda,gpu_board
2026-09-23T02:42:16.166715+00:00,1790131336.1667151,3582606.9135869485,0.0307466983795166,GPU-91e942dc-edbb-7f2a-9cea-167356bbd86a,NVIDIA H100 80GB HBM3,116.26,0.0,0.0,420.0,2619.0,38.0,power_20260923T024053Z_7c7f5f05,power_20260923T024053Z_7c7f5f05_trial_1,vector_add-67108864-512,1,vector_add,idle,cuda,gpu_board
2026-09-23T02:42:16.397630+00:00,1790131336.3976297,3582607.144505667,0.030820131301879883,GPU-91e942dc-edbb-7f2a-9cea-167356bbd86a,NVIDIA H100 80GB HBM3,102.54,0.0,0.0,375.0,2619.0,37.0,power_20260923T024053Z_7c7f5f05,power_20260923T024053Z_7c7f5f05_trial_1,vector_add-67108864-512,1,vector_add,idle,cuda,gpu_board
2026-09-23T02:42:16.628731+00:00,1790131336.628731,3582607.3756059464,0.031087875366210938,GPU-91e942dc-edbb-7f2a-9cea-167356bbd86a,NVIDIA H100 80GB HBM3,99.38,0.0,0.0,345.0,2619.0,37.0,power_20260923T024053Z_7c7f5f05,power_20260923T024053Z_7c7f5f05_trial_1,vector_add-67108864-512,1,vector_add,idle,cuda,gpu_board
2026-09-23T02:42:16.859740+00:00,1790131336.85974,3582607.6066135457,0.030652999877929688,GPU-91e942dc-edbb-7f2a-9cea-167356bbd86a,NVIDIA H100 80GB HBM3,98.87,0.0,0.0,345.0,2619.0,37.0,power_20260923T024053Z_7c7f5f05,power_20260923T024053Z_7c7f5f05_trial_1,vector_add-67108864-512,1,vector_add,idle,cuda,gpu_board
2026-09-23T02:42:17.091508+00:00,1790131337.091508,3582607.8383820015,0.03262805938720703,GPU-91e942dc-edbb-7f2a-9cea-167356bbd86a,NVIDIA H100 80GB HBM3,98.6,0.0,0.0,345.0,2619.0,37.0,power_20260923T024053Z_7c7f5f05,power_20260923T024053Z_7c7f5f05_trial_1,vector_add-67108864-512,1,vector_add,idle,cuda,gpu_board
2026-09-23T02:42:17.323318+00:00,1790131337.3233182,3582608.0701912493,0.03072977066040039,GPU-91e942dc-edbb-7f2a-9cea-167356bbd86a,NVIDIA H100 80GB HBM3,98.46,0.0,0.0,345.0,2619.0,37.0,power_20260923T024053Z_7c7f5f05,power_20260923T024053Z_7c7f5f05_trial_1,vector_add-67108864-512,1,vector_add,idle,cuda,gpu_board
2026-09-23T02:42:17.554254+00:00,1790131337.554254,3582608.30112627,0.0308988094329834,GPU-91e942dc-edbb-7f2a-9cea-167356bbd86a,NVIDIA H100 80GB HBM3,98.32,0.0,0.0,345.0,2619.0,37.0,power_20260923T024053Z_7c7f5f05,power_20260923T024053Z_7c7f5f05_trial_1,vector_add-67108864-512,1,vector_add,idle,cuda,gpu_board
2026-09-23T02:42:17.785244+00:00,1790131337.7852435,3582608.5321145263,0.030840635299682617,GPU-91e942dc-edbb-7f2a-9cea-167356bbd86a,NVIDIA H100 80GB HBM3,98.28,0.0,0.0,345.0,2619.0,37.0,power_20260923T024053Z_7c7f5f05,power_20260923T024053Z_7c7f5f05_trial_1,vector_add-67108864-512,1,vector_add,idle,cuda,gpu_board
2026-09-23T02:42:18.018797+00:00,1790131338.0187974,3582608.765678764,0.03603982925415039,GPU-91e942dc-edbb-7f2a-9cea-167356bbd86a,NVIDIA H100 80GB HBM3,98.25,0.0,0.0,345.0,2619.0,37.0,power_20260923T024053Z_7c7f5f05,power_20260923T024053Z_7c7f5f05_trial_1,vector_add-67108864-512,1,vector_add,workload,cuda,gpu_board
2026-09-23T02:42:18.339434+00:00,1790131338.3394337,3582609.086311809,0.20487380027770996,GPU-91e942dc-edbb-7f2a-9cea-167356bbd86a,NVIDIA H100 80GB HBM3,98.23,0.0,0.0,345.0,2619.0,37.0,power_20260923T024053Z_7c7f5f05,power_20260923T024053Z_7c7f5f05_trial_1,vector_add-67108864-512,1,vector_add,workload,cuda,gpu_board
2026-09-23T02:42:18.660806+00:00,1790131338.6608062,3582609.4076810475,0.03753304481506348,GPU-91e942dc-edbb-7f2a-9cea-167356bbd86a,NVIDIA H100 80GB HBM3,110.83,0.0,0.0,1980.0,2619.0,38.0,power_20260923T024053Z_7c7f5f05,power_20260923T024053Z_7c7f5f05_trial_1,vector_add-67108864-512,1,vector_add,workload,cuda,gpu_board
2026-09-23T02:42:18.896835+00:00,1790131338.8968346,3582609.643709036,0.034247398376464844,GPU-91e942dc-edbb-7f2a-9cea-167356bbd86a,NVIDIA H100 80GB HBM3,179.05,48.0,37.0,1980.0,2619.0,41.0,power_20260923T024053Z_7c7f5f05,power_20260923T024053Z_7c7f5f05_trial_1,vector_add-67108864-512,1,vector_add,workload,cuda,gpu_board
2026-09-23T02:42:19.131120+00:00,1790131339.1311204,3582609.8779949937,0.03404998779296875,GPU-91e942dc-edbb-7f2a-9cea-167356bbd86a,NVIDIA H100 80GB HBM3,245.54,100.0,100.0,1980.0,2619.0,42.0,power_20260923T024053Z_7c7f5f05,power_20260923T024053Z_7c7f5f05_trial_1,vector_add-67108864-512,1,vector_add,workload,cuda,gpu_board
2026-09-23T02:42:19.366500+00:00,1790131339.3665,3582610.1133740884,0.0364687442779541,GPU-91e942dc-edbb-7f2a-9cea-167356bbd86a,NVIDIA H100 80GB HBM3,359.69,100.0,100.0,1980.0,2619.0,42.0,power_20260923T024053Z_7c7f5f05,power_20260923T024053Z_7c7f5f05_trial_1,vector_add-67108864-512,1,vector_add,workload,cuda,gpu_board
2026-09-23T02:42:19.601994+00:00,1790131339.601994,3582610.3488688003,0.034262657165527344,GPU-91e942dc-edbb-7f2a-9cea-167356bbd86a,NVIDIA H100 80GB HBM3,415.59,100.0,100.0,1980.0,2619.0,43.0,power_20260923T024053Z_7c7f5f05,power_20260923T024053Z_7c7f5f05_trial_1,vector_add-67108864-512,1,vector_add,workload,cuda,gpu_board
2026-09-23T02:42:19.839141+00:00,1790131339.8391414,3582610.5860149264,0.03975248336791992,GPU-91e942dc-edbb-7f2a-9cea-167356bbd86a,NVIDIA H100 80GB HBM3,445.94,100.0,100.0,1980.0,2619.0,43.0,power_20260923T024053Z_7c7f5f05,power_20260923T024053Z_7c7f5f05_trial_1,vector_add-67108864-512,1,vector_add,workload,cuda,gpu_board
2026-09-23T02:42:20.077607+00:00,1790131340.0776072,3582610.824484557,0.036928653717041016,GPU-91e942dc-edbb-7f2a-9cea-167356bbd86a,NVIDIA H100 80GB HBM3,446.45,100.0,100.0,1980.0,2619.0,43.0,power_20260923T024053Z_7c7f5f05,power_20260923T024053Z_7c7f5f05_trial_1,vector_add-67108864-512,1,vector_add,workload,cuda,gpu_board
2026-09-23T02:42:20.314625+00:00,1790131340.3146253,3582611.061497663,0.036783456802368164,GPU-91e942dc-edbb-7f2a-9cea-167356bbd86a,NVIDIA H100 80GB HBM3,446.81,100.0,100.0,1980.0,2619.0,44.0,power_20260923T024053Z_7c7f5f05,power_20260923T024053Z_7c7f5f05_trial_1,vector_add-67108864-512,1,vector_add,workload,cuda,gpu_board
2026-09-23T02:42:20.550509+00:00,1790131340.550509,3582611.29738389,0.03473639488220215,GPU-91e942dc-edbb-7f2a-9cea-167356bbd86a,NVIDIA H100 80GB HBM3,447.1,100.0,100.0,1980.0,2619.0,44.0,power_20260923T024053Z_7c7f5f05,power_20260923T024053Z_7c7f5f05_trial_1,vector_add-67108864-512,1,vector_add,workload,cuda,gpu_board
2026-09-23T02:42:20.786453+00:00,1790131340.7864532,3582611.533331952,0.03686118125915527,GPU-91e942dc-edbb-7f2a-9cea-167356bbd86a,NVIDIA H100 80GB HBM3,447.45,100.0,100.0,1980.0,2619.0,44.0,power_20260923T024053Z_7c7f5f05,power_20260923T024053Z_7c7f5f05_trial_1,vector_add-67108864-512,1,vector_add,workload,cuda,gpu_board
2026-09-23T02:42:21.022224+00:00,1790131341.0222244,3582611.76909999,0.0343477725982666,GPU-91e942dc-edbb-7f2a-9cea-167356bbd86a,NVIDIA H100 80GB HBM3,447.61,100.0,100.0,1980.0,2619.0,44.0,power_20260923T024053Z_7c7f5f05,power_20260923T024053Z_7c7f5f05_trial_1,vector_add-67108864-512,1,vector_add,workload,cuda,gpu_board
2026-09-23T02:42:21.257446+00:00,1790131341.2574458,3582612.0043230727,0.035805463790893555,GPU-91e942dc-edbb-7f2a-9cea-167356bbd86a,NVIDIA H100 80GB HBM3,447.81,100.0,100.0,1980.0,2619.0,44.0,power_20260923T024053Z_7c7f5f05,power_20260923T024053Z_7c7f5f05_trial_1,vector_add-67108864-512,1,vector_add,workload,cuda,gpu_board
2026-09-23T02:42:21.494799+00:00,1790131341.4947991,3582612.2416795352,0.0385899543762207,GPU-91e942dc-edbb-7f2a-9cea-167356bbd86a,NVIDIA H100 80GB HBM3,448.01,100.0,100.0,1980.0,2619.0,44.0,power_20260923T024053Z_7c7f5f05,power_20260923T024053Z_7c7f5f05_trial_1,vector_add-67108864-512,1,vector_add,workload,cuda,gpu_board
2026-09-23T02:42:21.732153+00:00,1790131341.732153,3582612.4790279344,0.03575921058654785,GPU-91e942dc-edbb-7f2a-9cea-167356bbd86a,NVIDIA H100 80GB HBM3,448.03,100.0,100.0,1980.0,2619.0,44.0,power_20260923T024053Z_7c7f5f05,power_20260923T024053Z_7c7f5f05_trial_1,vector_add-67108864-512,1,vector_add,workload,cuda,gpu_board
2026-09-23T02:42:21.969331+00:00,1790131341.9693308,3582612.7162088105,0.03832387924194336,GPU-91e942dc-edbb-7f2a-9cea-167356bbd86a,NVIDIA H100 80GB HBM3,448.17,100.0,100.0,1980.0,2619.0,44.0,power_20260923T024053Z_7c7f5f05,power_20260923T024053Z_7c7f5f05_trial_1,vector_add-67108864-512,1,vector_add,workload,cuda,gpu_board
2026-09-23T02:42:22.205818+00:00,1790131342.2058177,3582612.952695813,0.034345149993896484,GPU-91e942dc-edbb-7f2a-9cea-167356bbd86a,NVIDIA H100 80GB HBM3,448.24,100.0,100.0,1980.0,2619.0,44.0,power_20260923T024053Z_7c7f5f05,power_20260923T024053Z_7c7f5f05_trial_1,vector_add-67108864-512,1,vector_add,workload,cuda,gpu_board
2026-09-23T02:42:22.439682+00:00,1790131342.439682,3582613.186557289,0.033065080642700195,GPU-91e942dc-edbb-7f2a-9cea-167356bbd86a,NVIDIA H100 80GB HBM3,448.33,100.0,100.0,1980.0,2619.0,45.0,power_20260923T024053Z_7c7f5f05,power_20260923T024053Z_7c7f5f05_trial_1,vector_add-67108864-512,1,vector_add,workload,cuda,gpu_board
2026-09-23T02:42:22.673244+00:00,1790131342.673244,3582613.420124274,0.03377127647399902,GPU-91e942dc-edbb-7f2a-9cea-167356bbd86a,NVIDIA H100 80GB HBM3,448.48,100.0,100.0,1980.0,2619.0,45.0,power_20260923T024053Z_7c7f5f05,power_20260923T024053Z_7c7f5f05_trial_1,vector_add-67108864-512,1,vector_add,workload,cuda,gpu_board
2026-09-23T02:42:22.909508+00:00,1790131342.9095082,3582613.656389255,0.03841519355773926,GPU-91e942dc-edbb-7f2a-9cea-167356bbd86a,NVIDIA H100 80GB HBM3,448.58,100.0,100.0,1980.0,2619.0,45.0,power_20260923T024053Z_7c7f5f05,power_20260923T024053Z_7c7f5f05_trial_1,vector_add-67108864-512,1,vector_add,workload,cuda,gpu_board
2026-09-23T02:42:23.145758+00:00,1790131343.145758,3582613.8926376863,0.033734798431396484,GPU-91e942dc-edbb-7f2a-9cea-167356bbd86a,NVIDIA H100 80GB HBM3,448.59,100.0,100.0,1980.0,2619.0,45.0,power_20260923T024053Z_7c7f5f05,power_20260923T024053Z_7c7f5f05_trial_1,vector_add-67108864-512,1,vector_add,workload,cuda,gpu_board
2026-09-23T02:42:23.381725+00:00,1790131343.3817248,3582614.1286028503,0.03786754608154297,GPU-91e942dc-edbb-7f2a-9cea-167356bbd86a,NVIDIA H100 80GB HBM3,448.66,100.0,100.0,1980.0,2619.0,45.0,power_20260923T024053Z_7c7f5f05,power_20260923T024053Z_7c7f5f05_trial_1,vector_add-67108864-512,1,vector_add,workload,cuda,gpu_board
2026-09-23T02:42:23.619426+00:00,1790131343.6194258,3582614.366303066,0.037195682525634766,GPU-91e942dc-edbb-7f2a-9cea-167356bbd86a,NVIDIA H100 80GB HBM3,448.74,100.0,100.0,1980.0,2619.0,45.0,power_20260923T024053Z_7c7f5f05,power_20260923T024053Z_7c7f5f05_trial_1,vector_add-67108864-512,1,vector_add,workload,cuda,gpu_board
2026-09-23T02:42:23.857862+00:00,1790131343.8578618,3582614.604739311,0.03936576843261719,GPU-91e942dc-edbb-7f2a-9cea-167356bbd86a,NVIDIA H100 80GB HBM3,448.85,100.0,100.0,1980.0,2619.0,45.0,power_20260923T024053Z_7c7f5f05,power_20260923T024053Z_7c7f5f05_trial_1,vector_add-67108864-512,1,vector_add,workload,cuda,gpu_board
2026-09-23T02:42:24.094495+00:00,1790131344.0944948,3582614.841369749,0.03357982635498047,GPU-91e942dc-edbb-7f2a-9cea-167356bbd86a,NVIDIA H100 80GB HBM3,448.9,100.0,100.0,1980.0,2619.0,45.0,power_20260923T024053Z_7c7f5f05,power_20260923T024053Z_7c7f5f05_trial_1,vector_add-67108864-512,1,vector_add,workload,cuda,gpu_board
2026-09-23T02:42:24.329550+00:00,1790131344.3295503,3582615.076427968,0.03625988960266113,GPU-91e942dc-edbb-7f2a-9cea-167356bbd86a,NVIDIA H100 80GB HBM3,448.93,100.0,100.0,1980.0,2619.0,45.0,power_20260923T024053Z_7c7f5f05,power_20260923T024053Z_7c7f5f05_trial_1,vector_add-67108864-512,1,vector_add,workload,cuda,gpu_board
2026-09-23T02:42:24.564750+00:00,1790131344.5647502,3582615.3116244595,0.03383135795593262,GPU-91e942dc-edbb-7f2a-9cea-167356bbd86a,NVIDIA H100 80GB HBM3,448.93,100.0,100.0,1980.0,2619.0,45.0,power_20260923T024053Z_7c7f5f05,power_20260923T024053Z_7c7f5f05_trial_1,vector_add-67108864-512,1,vector_add,workload,cuda,gpu_board
2026-09-23T02:42:24.800603+00:00,1790131344.8006032,3582615.5474818405,0.03755664825439453,GPU-91e942dc-edbb-7f2a-9cea-167356bbd86a,NVIDIA H100 80GB HBM3,449.0,100.0,100.0,1980.0,2619.0,45.0,power_20260923T024053Z_7c7f5f05,power_20260923T024053Z_7c7f5f05_trial_1,vector_add-67108864-512,1,vector_add,workload,cuda,gpu_board
2026-09-23T02:42:25.037311+00:00,1790131345.0373106,3582615.784189252,0.03554081916809082,GPU-91e942dc-edbb-7f2a-9cea-167356bbd86a,NVIDIA H100 80GB HBM3,449.06,100.0,100.0,1980.0,2619.0,45.0,power_20260923T024053Z_7c7f5f05,power_20260923T024053Z_7c7f5f05_trial_1,vector_add-67108864-512,1,vector_add,workload,cuda,gpu_board
2026-09-23T02:42:25.273860+00:00,1790131345.2738595,3582616.020734518,0.03721261024475098,GPU-91e942dc-edbb-7f2a-9cea-167356bbd86a,NVIDIA H100 80GB HBM3,449.16,100.0,100.0,1980.0,2619.0,45.0,power_20260923T024053Z_7c7f5f05,power_20260923T024053Z_7c7f5f05_trial_1,vector_add-67108864-512,1,vector_add,workload,cuda,gpu_board
2026-09-23T02:42:25.509754+00:00,1790131345.5097537,3582616.2566278717,0.03430509567260742,GPU-91e942dc-edbb-7f2a-9cea-167356bbd86a,NVIDIA H100 80GB HBM3,449.15,100.0,100.0,1980.0,2619.0,45.0,power_20260923T024053Z_7c7f5f05,power_20260923T024053Z_7c7f5f05_trial_1,vector_add-67108864-512,1,vector_add,workload,cuda,gpu_board
2026-09-23T02:42:25.745550+00:00,1790131345.7455502,3582616.492425512,0.03700423240661621,GPU-91e942dc-edbb-7f2a-9cea-167356bbd86a,NVIDIA H100 80GB HBM3,449.22,100.0,100.0,1980.0,2619.0,45.0,power_20260923T024053Z_7c7f5f05,power_20260923T024053Z_7c7f5f05_trial_1,vector_add-67108864-512,1,vector_add,workload,cuda,gpu_board
2026-09-23T02:42:25.981754+00:00,1790131345.9817538,3582616.728628521,0.0352168083190918,GPU-91e942dc-edbb-7f2a-9cea-167356bbd86a,NVIDIA H100 80GB HBM3,449.24,100.0,100.0,1980.0,2619.0,45.0,power_20260923T024053Z_7c7f5f05,power_20260923T024053Z_7c7f5f05_trial_1,vector_add-67108864-512,1,vector_add,workload,cuda,gpu_board
2026-09-23T02:42:26.217892+00:00,1790131346.217892,3582616.964767324,0.036785125732421875,GPU-91e942dc-edbb-7f2a-9cea-167356bbd86a,NVIDIA H100 80GB HBM3,449.3,100.0,100.0,1980.0,2619.0,45.0,power_20260923T024053Z_7c7f5f05,power_20260923T024053Z_7c7f5f05_trial_1,vector_add-67108864-512,1,vector_add,workload,cuda,gpu_board
2026-09-23T02:42:26.453436+00:00,1790131346.4534357,3582617.2003094223,0.03402376174926758,GPU-91e942dc-edbb-7f2a-9cea-167356bbd86a,NVIDIA H100 80GB HBM3,449.35,100.0,100.0,1980.0,2619.0,45.0,power_20260923T024053Z_7c7f5f05,power_20260923T024053Z_7c7f5f05_trial_1,vector_add-67108864-512,1,vector_add,workload,cuda,gpu_board
2026-09-23T02:42:26.688879+00:00,1790131346.6888785,3582617.4357594275,0.0366053581237793,GPU-91e942dc-edbb-7f2a-9cea-167356bbd86a,NVIDIA H100 80GB HBM3,449.37,100.0,100.0,1980.0,2619.0,45.0,power_20260923T024053Z_7c7f5f05,power_20260923T024053Z_7c7f5f05_trial_1,vector_add-67108864-512,1,vector_add,workload,cuda,gpu_board
2026-09-23T02:42:26.924573+00:00,1790131346.9245734,3582617.671447506,0.034423112869262695,GPU-91e942dc-edbb-7f2a-9cea-167356bbd86a,NVIDIA H100 80GB HBM3,449.34,100.0,100.0,1980.0,2619.0,45.0,power_20260923T024053Z_7c7f5f05,power_20260923T024053Z_7c7f5f05_trial_1,vector_add-67108864-512,1,vector_add,workload,cuda,gpu_board
2026-09-23T02:42:27.160208+00:00,1790131347.1602082,3582617.9070861903,0.03658175468444824,GPU-91e942dc-edbb-7f2a-9cea-167356bbd86a,NVIDIA H100 80GB HBM3,449.44,100.0,100.0,1980.0,2619.0,45.0,power_20260923T024053Z_7c7f5f05,power_20260923T024053Z_7c7f5f05_trial_1,vector_add-67108864-512,1,vector_add,workload,cuda,gpu_board
2026-09-23T02:42:27.395610+00:00,1790131347.3956099,3582618.142483685,0.03389906883239746,GPU-91e942dc-edbb-7f2a-9cea-167356bbd86a,NVIDIA H100 80GB HBM3,450.1,100.0,100.0,1980.0,2619.0,45.0,power_20260923T024053Z_7c7f5f05,power_20260923T024053Z_7c7f5f05_trial_1,vector_add-67108864-512,1,vector_add,workload,cuda,gpu_board
2026-09-23T02:42:27.631638+00:00,1790131347.631638,3582618.378516506,0.037902116775512695,GPU-91e942dc-edbb-7f2a-9cea-167356bbd86a,NVIDIA H100 80GB HBM3,450.52,100.0,100.0,1980.0,2619.0,45.0,power_20260923T024053Z_7c7f5f05,power_20260923T024053Z_7c7f5f05_trial_1,vector_add-67108864-512,1,vector_add,workload,cuda,gpu_board
2026-09-23T02:42:27.868033+00:00,1790131347.868033,3582618.6149069127,0.03454852104187012,GPU-91e942dc-edbb-7f2a-9cea-167356bbd86a,NVIDIA H100 80GB HBM3,451.09,100.0,100.0,1980.0,2619.0,45.0,power_20260923T024053Z_7c7f5f05,power_20260923T024053Z_7c7f5f05_trial_1,vector_add-67108864-512,1,vector_add,workload,cuda,gpu_board
2026-09-23T02:42:28.103781+00:00,1790131348.1037812,3582618.8506610673,0.0366823673248291,GPU-91e942dc-edbb-7f2a-9cea-167356bbd86a,NVIDIA H100 80GB HBM3,451.4,100.0,100.0,1980.0,2619.0,45.0,power_20260923T024053Z_7c7f5f05,power_20260923T024053Z_7c7f5f05_trial_1,vector_add-67108864-512,1,vector_add,workload,cuda,gpu_board
2026-09-23T02:42:28.340323+00:00,1790131348.3403234,3582619.087196489,0.036070823669433594,GPU-91e942dc-edbb-7f2a-9cea-167356bbd86a,NVIDIA H100 80GB HBM3,451.42,100.0,100.0,1980.0,2619.0,45.0,power_20260923T024053Z_7c7f5f05,power_20260923T024053Z_7c7f5f05_trial_1,vector_add-67108864-512,1,vector_add,workload,cuda,gpu_board
2026-09-23T02:42:28.577106+00:00,1790131348.5771065,3582619.3239846975,0.03724861145019531,GPU-91e942dc-edbb-7f2a-9cea-167356bbd86a,NVIDIA H100 80GB HBM3,451.42,100.0,100.0,1980.0,2619.0,46.0,power_20260923T024053Z_7c7f5f05,power_20260923T024053Z_7c7f5f05_trial_1,vector_add-67108864-512,1,vector_add,workload,cuda,gpu_board
2026-09-23T02:42:28.813181+00:00,1790131348.813181,3582619.560054769,0.03457236289978027,GPU-91e942dc-edbb-7f2a-9cea-167356bbd86a,NVIDIA H100 80GB HBM3,451.35,100.0,100.0,1980.0,2619.0,46.0,power_20260923T024053Z_7c7f5f05,power_20260923T024053Z_7c7f5f05_trial_1,vector_add-67108864-512,1,vector_add,workload,cuda,gpu_board
2026-09-23T02:42:29.049186+00:00,1790131349.049186,3582619.796063119,0.03717803955078125,GPU-91e942dc-edbb-7f2a-9cea-167356bbd86a,NVIDIA H100 80GB HBM3,450.98,100.0,100.0,1980.0,2619.0,46.0,power_20260923T024053Z_7c7f5f05,power_20260923T024053Z_7c7f5f05_trial_1,vector_add-67108864-512,1,vector_add,workload,cuda,gpu_board
2026-09-23T02:42:29.285273+00:00,1790131349.2852733,3582620.0321468227,0.0346832275390625,GPU-91e942dc-edbb-7f2a-9cea-167356bbd86a,NVIDIA H100 80GB HBM3,450.42,100.0,100.0,1980.0,2619.0,46.0,power_20260923T024053Z_7c7f5f05,power_20260923T024053Z_7c7f5f05_trial_1,vector_add-67108864-512,1,vector_add,workload,cuda,gpu_board
2026-09-23T02:42:29.521675+00:00,1790131349.5216749,3582620.2685521552,0.037865638732910156,GPU-91e942dc-edbb-7f2a-9cea-167356bbd86a,NVIDIA H100 80GB HBM3,450.04,100.0,100.0,1980.0,2619.0,46.0,power_20260923T024053Z_7c7f5f05,power_20260923T024053Z_7c7f5f05_trial_1,vector_add-67108864-512,1,vector_add,workload,cuda,gpu_board
2026-09-23T02:42:29.758230+00:00,1790131349.7582297,3582620.5051093795,0.034877777099609375,GPU-91e942dc-edbb-7f2a-9cea-167356bbd86a,NVIDIA H100 80GB HBM3,449.7,100.0,100.0,1980.0,2619.0,46.0,power_20260923T024053Z_7c7f5f05,power_20260923T024053Z_7c7f5f05_trial_1,vector_add-67108864-512,1,vector_add,workload,cuda,gpu_board
2026-09-23T02:42:29.994584+00:00,1790131349.9945836,3582620.7414611056,0.03747987747192383,GPU-91e942dc-edbb-7f2a-9cea-167356bbd86a,NVIDIA H100 80GB HBM3,449.6,100.0,100.0,1980.0,2619.0,46.0,power_20260923T024053Z_7c7f5f05,power_20260923T024053Z_7c7f5f05_trial_1,vector_add-67108864-512,1,vector_add,workload,cuda,gpu_board
2026-09-23T02:42:30.231016+00:00,1790131350.2310164,3582620.9778928217,0.03507089614868164,GPU-91e942dc-edbb-7f2a-9cea-167356bbd86a,NVIDIA H100 80GB HBM3,449.59,100.0,100.0,1980.0,2619.0,46.0,power_20260923T024053Z_7c7f5f05,power_20260923T024053Z_7c7f5f05_trial_1,vector_add-67108864-512,1,vector_add,workload,cuda,gpu_board
2026-09-23T02:42:30.467469+00:00,1790131350.467469,3582621.214347648,0.03752326965332031,GPU-91e942dc-edbb-7f2a-9cea-167356bbd86a,NVIDIA H100 80GB HBM3,449.61,100.0,100.0,1980.0,2619.0,46.0,power_20260923T024053Z_7c7f5f05,power_20260923T024053Z_7c7f5f05_trial_1,vector_add-67108864-512,1,vector_add,workload,cuda,gpu_board
2026-09-23T02:42:30.703639+00:00,1790131350.7036386,3582621.45051388,0.034487009048461914,GPU-91e942dc-edbb-7f2a-9cea-167356bbd86a,NVIDIA H100 80GB HBM3,449.57,100.0,100.0,1980.0,2619.0,46.0,power_20260923T024053Z_7c7f5f05,power_20260923T024053Z_7c7f5f05_trial_1,vector_add-67108864-512,1,vector_add,workload,cuda,gpu_board
2026-09-23T02:42:30.939842+00:00,1790131350.939842,3582621.6867196187,0.03763294219970703,GPU-91e942dc-edbb-7f2a-9cea-167356bbd86a,NVIDIA H100 80GB HBM3,449.61,100.0,100.0,1980.0,2619.0,46.0,power_20260923T024053Z_7c7f5f05,power_20260923T024053Z_7c7f5f05_trial_1,vector_add-67108864-512,1,vector_add,workload,cuda,gpu_board
2026-09-23T02:42:31.176478+00:00,1790131351.176478,3582621.923353805,0.03529953956604004,GPU-91e942dc-edbb-7f2a-9cea-167356bbd86a,NVIDIA H100 80GB HBM3,449.62,100.0,100.0,1980.0,2619.0,46.0,power_20260923T024053Z_7c7f5f05,power_20260923T024053Z_7c7f5f05_trial_1,vector_add-67108864-512,1,vector_add,workload,cuda,gpu_board
2026-09-23T02:42:31.412831+00:00,1790131351.4128308,3582622.1597112026,0.03713059425354004,GPU-91e942dc-edbb-7f2a-9cea-167356bbd86a,NVIDIA H100 80GB HBM3,449.62,100.0,100.0,1980.0,2619.0,46.0,power_20260923T024053Z_7c7f5f05,power_20260923T024053Z_7c7f5f05_trial_1,vector_add-67108864-512,1,vector_add,workload,cuda,gpu_board
2026-09-23T02:42:31.649881+00:00,1790131351.649881,3582622.3967548143,0.03661704063415527,GPU-91e942dc-edbb-7f2a-9cea-167356bbd86a,NVIDIA H100 80GB HBM3,449.67,100.0,100.0,1980.0,2619.0,46.0,power_20260923T024053Z_7c7f5f05,power_20260923T024053Z_7c7f5f05_trial_1,vector_add-67108864-512,1,vector_add,workload,cuda,gpu_board
2026-09-23T02:42:31.887327+00:00,1790131351.8873267,3582622.6342046317,0.03800392150878906,GPU-91e942dc-edbb-7f2a-9cea-167356bbd86a,NVIDIA H100 80GB HBM3,449.74,100.0,100.0,1980.0,2619.0,46.0,power_20260923T024053Z_7c7f5f05,power_20260923T024053Z_7c7f5f05_trial_1,vector_add-67108864-512,1,vector_add,workload,cuda,gpu_board
2026-09-23T02:42:32.123974+00:00,1790131352.1239743,3582622.8708479283,0.03496956825256348,GPU-91e942dc-edbb-7f2a-9cea-167356bbd86a,NVIDIA H100 80GB HBM3,449.76,100.0,100.0,1980.0,2619.0,46.0,power_20260923T024053Z_7c7f5f05,power_20260923T024053Z_7c7f5f05_trial_1,vector_add-67108864-512,1,vector_add,workload,cuda,gpu_board
2026-09-23T02:42:32.360992+00:00,1790131352.3609924,3582623.107871375,0.03880429267883301,GPU-91e942dc-edbb-7f2a-9cea-167356bbd86a,NVIDIA H100 80GB HBM3,449.77,100.0,100.0,1980.0,2619.0,46.0,power_20260923T024053Z_7c7f5f05,power_20260923T024053Z_7c7f5f05_trial_1,vector_add-67108864-512,1,vector_add,workload,cuda,gpu_board
2026-09-23T02:42:32.597229+00:00,1790131352.5972295,3582623.3441034174,0.033310651779174805,GPU-91e942dc-edbb-7f2a-9cea-167356bbd86a,NVIDIA H100 80GB HBM3,449.8,100.0,100.0,1980.0,2619.0,46.0,power_20260923T024053Z_7c7f5f05,power_20260923T024053Z_7c7f5f05_trial_1,vector_add-67108864-512,1,vector_add,workload,cuda,gpu_board
2026-09-23T02:42:32.832913+00:00,1790131352.832913,3582623.5797912264,0.037786006927490234,GPU-91e942dc-edbb-7f2a-9cea-167356bbd86a,NVIDIA H100 80GB HBM3,449.83,100.0,100.0,1980.0,2619.0,46.0,power_20260923T024053Z_7c7f5f05,power_20260923T024053Z_7c7f5f05_trial_1,vector_add-67108864-512,1,vector_add,workload,cuda,gpu_board
2026-09-23T02:42:33.071576+00:00,1790131353.071576,3582623.8184534153,0.03919529914855957,GPU-91e942dc-edbb-7f2a-9cea-167356bbd86a,NVIDIA H100 80GB HBM3,449.83,100.0,100.0,1980.0,2619.0,46.0,power_20260923T024053Z_7c7f5f05,power_20260923T024053Z_7c7f5f05_trial_1,vector_add-67108864-512,1,vector_add,workload,cuda,gpu_board
2026-09-23T02:42:33.308962+00:00,1790131353.3089623,3582624.0558362342,0.03526186943054199,GPU-91e942dc-edbb-7f2a-9cea-167356bbd86a,NVIDIA H100 80GB HBM3,449.83,100.0,100.0,1980.0,2619.0,46.0,power_20260923T024053Z_7c7f5f05,power_20260923T024053Z_7c7f5f05_trial_1,vector_add-67108864-512,1,vector_add,workload,cuda,gpu_board
2026-09-23T02:42:33.546192+00:00,1790131353.5461917,3582624.2930714153,0.0389251708984375,GPU-91e942dc-edbb-7f2a-9cea-167356bbd86a,NVIDIA H100 80GB HBM3,449.84,100.0,100.0,1980.0,2619.0,46.0,power_20260923T024053Z_7c7f5f05,power_20260923T024053Z_7c7f5f05_trial_1,vector_add-67108864-512,1,vector_add,workload,cuda,gpu_board
2026-09-23T02:42:33.791343+00:00,1790131353.7913427,3582624.538219909,0.05103325843811035,GPU-91e942dc-edbb-7f2a-9cea-167356bbd86a,NVIDIA H100 80GB HBM3,423.63,99.0,89.0,1980.0,2619.0,44.0,power_20260923T024053Z_7c7f5f05,power_20260923T024053Z_7c7f5f05_trial_1,vector_add-67108864-512,1,vector_add,workload,cuda,gpu_board
2026-09-23T02:42:34.033409+00:00,1790131354.033409,3582624.780287368,0.03280758857727051,GPU-91e942dc-edbb-7f2a-9cea-167356bbd86a,NVIDIA H100 80GB HBM3,367.82,2.0,0.0,1980.0,2619.0,42.0,power_20260923T024053Z_7c7f5f05,power_20260923T024053Z_7c7f5f05_trial_1,reduction-67108864-256,1,reduction,idle,cuda,gpu_board
2026-09-23T02:42:34.265067+00:00,1790131354.2650666,3582625.0119431587,0.030190467834472656,GPU-91e942dc-edbb-7f2a-9cea-167356bbd86a,NVIDIA H100 80GB HBM3,311.95,0.0,0.0,1980.0,2619.0,41.0,power_20260923T024053Z_7c7f5f05,power_20260923T024053Z_7c7f5f05_trial_1,reduction-67108864-256,1,reduction,idle,cuda,gpu_board
2026-09-23T02:42:34.495344+00:00,1790131354.4953442,3582625.242215957,0.03007030487060547,GPU-91e942dc-edbb-7f2a-9cea-167356bbd86a,NVIDIA H100 80GB HBM3,223.61,0.0,0.0,1980.0,2619.0,41.0,power_20260923T024053Z_7c7f5f05,power_20260923T024053Z_7c7f5f05_trial_1,reduction-67108864-256,1,reduction,idle,cuda,gpu_board
2026-09-23T02:42:34.726269+00:00,1790131354.7262685,3582625.47314619,0.031502723693847656,GPU-91e942dc-edbb-7f2a-9cea-167356bbd86a,NVIDIA H100 80GB HBM3,166.28,0.0,0.0,1980.0,2619.0,41.0,power_20260923T024053Z_7c7f5f05,power_20260923T024053Z_7c7f5f05_trial_1,reduction-67108864-256,1,reduction,idle,cuda,gpu_board
2026-09-23T02:42:34.957574+00:00,1790131354.957574,3582625.7044474636,0.03079843521118164,GPU-91e942dc-edbb-7f2a-9cea-167356bbd86a,NVIDIA H100 80GB HBM3,164.26,0.0,0.0,1980.0,2619.0,40.0,power_20260923T024053Z_7c7f5f05,power_20260923T024053Z_7c7f5f05_trial_1,reduction-67108864-256,1,reduction,idle,cuda,gpu_board
2026-09-23T02:42:35.188001+00:00,1790131355.1880012,3582625.934873372,0.029803752899169922,GPU-91e942dc-edbb-7f2a-9cea-167356bbd86a,NVIDIA H100 80GB HBM3,163.58,0.0,0.0,1980.0,2619.0,40.0,power_20260923T024053Z_7c7f5f05,power_20260923T024053Z_7c7f5f05_trial_1,reduction-67108864-256,1,reduction,idle,cuda,gpu_board
2026-09-23T02:42:35.417538+00:00,1790131355.4175377,3582626.1644090367,0.029038190841674805,GPU-91e942dc-edbb-7f2a-9cea-167356bbd86a,NVIDIA H100 80GB HBM3,163.17,0.0,0.0,1980.0,2619.0,40.0,power_20260923T024053Z_7c7f5f05,power_20260923T024053Z_7c7f5f05_trial_1,reduction-67108864-256,1,reduction,idle,cuda,gpu_board
2026-09-23T02:42:35.647752+00:00,1790131355.6477516,3582626.394623304,0.031166553497314453,GPU-91e942dc-edbb-7f2a-9cea-167356bbd86a,NVIDIA H100 80GB HBM3,162.89,0.0,0.0,1980.0,2619.0,40.0,power_20260923T024053Z_7c7f5f05,power_20260923T024053Z_7c7f5f05_trial_1,reduction-67108864-256,1,reduction,idle,cuda,gpu_board
2026-09-23T02:42:35.879375+00:00,1790131355.8793752,3582626.626246243,0.03183603286743164,GPU-91e942dc-edbb-7f2a-9cea-167356bbd86a,NVIDIA H100 80GB HBM3,145.27,0.0,0.0,375.0,2619.0,38.0,power_20260923T024053Z_7c7f5f05,power_20260923T024053Z_7c7f5f05_trial_1,reduction-67108864-256,1,reduction,idle,cuda,gpu_board
2026-09-23T02:42:36.111055+00:00,1790131356.1110554,3582626.8579259412,0.03130984306335449,GPU-91e942dc-edbb-7f2a-9cea-167356bbd86a,NVIDIA H100 80GB HBM3,132.48,0.0,0.0,345.0,2619.0,38.0,power_20260923T024053Z_7c7f5f05,power_20260923T024053Z_7c7f5f05_trial_1,reduction-67108864-256,1,reduction,idle,cuda,gpu_board
2026-09-23T02:42:36.342966+00:00,1790131356.3429658,3582627.08983614,0.03230428695678711,GPU-91e942dc-edbb-7f2a-9cea-167356bbd86a,NVIDIA H100 80GB HBM3,120.48,0.0,0.0,345.0,2619.0,38.0,power_20260923T024053Z_7c7f5f05,power_20260923T024053Z_7c7f5f05_trial_1,reduction-67108864-256,1,reduction,idle,cuda,gpu_board
2026-09-23T02:42:36.575692+00:00,1790131356.5756922,3582627.322563306,0.03293442726135254,GPU-91e942dc-edbb-7f2a-9cea-167356bbd86a,NVIDIA H100 80GB HBM3,100.42,0.0,0.0,345.0,2619.0,38.0,power_20260923T024053Z_7c7f5f05,power_20260923T024053Z_7c7f5f05_trial_1,reduction-67108864-256,1,reduction,idle,cuda,gpu_board
2026-09-23T02:42:36.807821+00:00,1790131356.8078213,3582627.554691829,0.031099796295166016,GPU-91e942dc-edbb-7f2a-9cea-167356bbd86a,NVIDIA H100 80GB HBM3,98.77,0.0,0.0,345.0,2619.0,38.0,power_20260923T024053Z_7c7f5f05,power_20260923T024053Z_7c7f5f05_trial_1,reduction-67108864-256,1,reduction,idle,cuda,gpu_board
2026-09-23T02:42:37.038780+00:00,1790131357.0387802,3582627.7856505523,0.030611038208007812,GPU-91e942dc-edbb-7f2a-9cea-167356bbd86a,NVIDIA H100 80GB HBM3,98.65,0.0,0.0,345.0,2619.0,37.0,power_20260923T024053Z_7c7f5f05,power_20260923T024053Z_7c7f5f05_trial_1,reduction-67108864-256,1,reduction,idle,cuda,gpu_board
2026-09-23T02:42:37.269805+00:00,1790131357.2698052,3582628.016675646,0.0312347412109375,GPU-91e942dc-edbb-7f2a-9cea-167356bbd86a,NVIDIA H100 80GB HBM3,98.59,0.0,0.0,345.0,2619.0,37.0,power_20260923T024053Z_7c7f5f05,power_20260923T024053Z_7c7f5f05_trial_1,reduction-67108864-256,1,reduction,idle,cuda,gpu_board
2026-09-23T02:42:37.500799+00:00,1790131357.5007987,3582628.247668756,0.030548810958862305,GPU-91e942dc-edbb-7f2a-9cea-167356bbd86a,NVIDIA H100 80GB HBM3,98.53,0.0,0.0,345.0,2619.0,37.0,power_20260923T024053Z_7c7f5f05,power_20260923T024053Z_7c7f5f05_trial_1,reduction-67108864-256,1,reduction,idle,cuda,gpu_board
2026-09-23T02:42:37.746798+00:00,1790131357.7467976,3582628.4936682303,0.061249494552612305,GPU-91e942dc-edbb-7f2a-9cea-167356bbd86a,NVIDIA H100 80GB HBM3,98.48,0.0,0.0,345.0,2619.0,37.0,power_20260923T024053Z_7c7f5f05,power_20260923T024053Z_7c7f5f05_trial_1,reduction-67108864-256,1,reduction,idle,cuda,gpu_board
2026-09-23T02:42:37.995409+00:00,1790131357.995409,3582628.7422915287,0.03575897216796875,GPU-91e942dc-edbb-7f2a-9cea-167356bbd86a,NVIDIA H100 80GB HBM3,98.39,0.0,0.0,345.0,2619.0,37.0,power_20260923T024053Z_7c7f5f05,power_20260923T024053Z_7c7f5f05_trial_1,reduction-67108864-256,1,reduction,workload,cuda,gpu_board
2026-09-23T02:42:38.291712+00:00,1790131358.2917116,3582629.038586786,0.15648174285888672,GPU-91e942dc-edbb-7f2a-9cea-167356bbd86a,NVIDIA H100 80GB HBM3,98.35,0.0,0.0,345.0,2619.0,37.0,power_20260923T024053Z_7c7f5f05,power_20260923T024053Z_7c7f5f05_trial_1,reduction-67108864-256,1,reduction,workload,cuda,gpu_board
2026-09-23T02:42:38.586689+00:00,1790131358.586689,3582629.3335669413,0.03319215774536133,GPU-91e942dc-edbb-7f2a-9cea-167356bbd86a,NVIDIA H100 80GB HBM3,106.34,34.0,9.0,1980.0,2619.0,38.0,power_20260923T024053Z_7c7f5f05,power_20260923T024053Z_7c7f5f05_trial_1,reduction-67108864-256,1,reduction,workload,cuda,gpu_board
2026-09-23T02:42:38.819761+00:00,1790131358.819761,3582629.5666332394,0.0326237678527832,GPU-91e942dc-edbb-7f2a-9cea-167356bbd86a,NVIDIA H100 80GB HBM3,178.5,100.0,33.0,1980.0,2619.0,42.0,power_20260923T024053Z_7c7f5f05,power_20260923T024053Z_7c7f5f05_trial_1,reduction-67108864-256,1,reduction,workload,cuda,gpu_board
2026-09-23T02:42:39.057758+00:00,1790131359.0577583,3582629.804641129,0.04312634468078613,GPU-91e942dc-edbb-7f2a-9cea-167356bbd86a,NVIDIA H100 80GB HBM3,238.16,100.0,33.0,1980.0,2619.0,43.0,power_20260923T024053Z_7c7f5f05,power_20260923T024053Z_7c7f5f05_trial_1,reduction-67108864-256,1,reduction,workload,cuda,gpu_board
2026-09-23T02:42:39.296283+00:00,1790131359.2962832,3582630.043158865,0.033541202545166016,GPU-91e942dc-edbb-7f2a-9cea-167356bbd86a,NVIDIA H100 80GB HBM3,332.51,100.0,33.0,1980.0,2619.0,44.0,power_20260923T024053Z_7c7f5f05,power_20260923T024053Z_7c7f5f05_trial_1,reduction-67108864-256,1,reduction,workload,cuda,gpu_board
2026-09-23T02:42:39.530618+00:00,1790131359.5306177,3582630.2774958634,0.03482961654663086,GPU-91e942dc-edbb-7f2a-9cea-167356bbd86a,NVIDIA H100 80GB HBM3,385.65,100.0,33.0,1980.0,2619.0,44.0,power_20260923T024053Z_7c7f5f05,power_20260923T024053Z_7c7f5f05_trial_1,reduction-67108864-256,1,reduction,workload,cuda,gpu_board
2026-09-23T02:42:39.764460+00:00,1790131359.7644596,3582630.511339826,0.03245997428894043,GPU-91e942dc-edbb-7f2a-9cea-167356bbd86a,NVIDIA H100 80GB HBM3,403.44,100.0,33.0,1980.0,2619.0,45.0,power_20260923T024053Z_7c7f5f05,power_20260923T024053Z_7c7f5f05_trial_1,reduction-67108864-256,1,reduction,workload,cuda,gpu_board
2026-09-23T02:42:39.998149+00:00,1790131359.998149,3582630.7450269405,0.034574270248413086,GPU-91e942dc-edbb-7f2a-9cea-167356bbd86a,NVIDIA H100 80GB HBM3,404.02,100.0,33.0,1980.0,2619.0,45.0,power_20260923T024053Z_7c7f5f05,power_20260923T024053Z_7c7f5f05_trial_1,reduction-67108864-256,1,reduction,workload,cuda,gpu_board
2026-09-23T02:42:40.231382+00:00,1790131360.2313824,3582630.9782575667,0.03157305717468262,GPU-91e942dc-edbb-7f2a-9cea-167356bbd86a,NVIDIA H100 80GB HBM3,404.35,100.0,33.0,1980.0,2619.0,45.0,power_20260923T024053Z_7c7f5f05,power_20260923T024053Z_7c7f5f05_trial_1,reduction-67108864-256,1,reduction,workload,cuda,gpu_board
2026-09-23T02:42:40.464739+00:00,1790131360.4647393,3582631.211616168,0.03486299514770508,GPU-91e942dc-edbb-7f2a-9cea-167356bbd86a,NVIDIA H100 80GB HBM3,404.55,100.0,33.0,1980.0,2619.0,45.0,power_20260923T024053Z_7c7f5f05,power_20260923T024053Z_7c7f5f05_trial_1,reduction-67108864-256,1,reduction,workload,cuda,gpu_board
2026-09-23T02:42:40.698553+00:00,1790131360.6985528,3582631.445431865,0.03246116638183594,GPU-91e942dc-edbb-7f2a-9cea-167356bbd86a,NVIDIA H100 80GB HBM3,404.75,100.0,33.0,1980.0,2619.0,46.0,power_20260923T024053Z_7c7f5f05,power_20260923T024053Z_7c7f5f05_trial_1,reduction-67108864-256,1,reduction,workload,cuda,gpu_board
2026-09-23T02:42:40.932765+00:00,1790131360.932765,3582631.679645933,0.03562498092651367,GPU-91e942dc-edbb-7f2a-9cea-167356bbd86a,NVIDIA H100 80GB HBM3,404.95,100.0,33.0,1980.0,2619.0,46.0,power_20260923T024053Z_7c7f5f05,power_20260923T024053Z_7c7f5f05_trial_1,reduction-67108864-256,1,reduction,workload,cuda,gpu_board
2026-09-23T02:42:41.169726+00:00,1790131361.1697257,3582631.9166081417,0.03785514831542969,GPU-91e942dc-edbb-7f2a-9cea-167356bbd86a,NVIDIA H100 80GB HBM3,405.14,100.0,33.0,1980.0,2619.0,46.0,power_20260923T024053Z_7c7f5f05,power_20260923T024053Z_7c7f5f05_trial_1,reduction-67108864-256,1,reduction,workload,cuda,gpu_board
2026-09-23T02:42:41.406702+00:00,1790131361.406702,3582632.1535852468,0.0356597900390625,GPU-91e942dc-edbb-7f2a-9cea-167356bbd86a,NVIDIA H100 80GB HBM3,405.33,100.0,33.0,1980.0,2619.0,46.0,power_20260923T024053Z_7c7f5f05,power_20260923T024053Z_7c7f5f05_trial_1,reduction-67108864-256,1,reduction,workload,cuda,gpu_board
2026-09-23T02:42:41.642473+00:00,1790131361.6424727,3582632.389352009,0.035492897033691406,GPU-91e942dc-edbb-7f2a-9cea-167356bbd86a,NVIDIA H100 80GB HBM3,405.45,100.0,33.0,1980.0,2619.0,46.0,power_20260923T024053Z_7c7f5f05,power_20260923T024053Z_7c7f5f05_trial_1,reduction-67108864-256,1,reduction,workload,cuda,gpu_board
2026-09-23T02:42:41.877506+00:00,1790131361.8775055,3582632.6243804186,0.03423929214477539,GPU-91e942dc-edbb-7f2a-9cea-167356bbd86a,NVIDIA H100 80GB HBM3,405.64,100.0,33.0,1980.0,2619.0,46.0,power_20260923T024053Z_7c7f5f05,power_20260923T024053Z_7c7f5f05_trial_1,reduction-67108864-256,1,reduction,workload,cuda,gpu_board
2026-09-23T02:42:42.111305+00:00,1790131362.1113048,3582632.8581854976,0.03307843208312988,GPU-91e942dc-edbb-7f2a-9cea-167356bbd86a,NVIDIA H100 80GB HBM3,405.88,100.0,33.0,1980.0,2619.0,46.0,power_20260923T024053Z_7c7f5f05,power_20260923T024053Z_7c7f5f05_trial_1,reduction-67108864-256,1,reduction,workload,cuda,gpu_board
2026-09-23T02:42:42.344988+00:00,1790131362.3449879,3582633.0918623824,0.03390336036682129,GPU-91e942dc-edbb-7f2a-9cea-167356bbd86a,NVIDIA H100 80GB HBM3,405.65,100.0,33.0,1980.0,2619.0,46.0,power_20260923T024053Z_7c7f5f05,power_20260923T024053Z_7c7f5f05_trial_1,reduction-67108864-256,1,reduction,workload,cuda,gpu_board
2026-09-23T02:42:42.579099+00:00,1790131362.5790987,3582633.3259781413,0.03404831886291504,GPU-91e942dc-edbb-7f2a-9cea-167356bbd86a,NVIDIA H100 80GB HBM3,405.34,100.0,33.0,1980.0,2619.0,46.0,power_20260923T024053Z_7c7f5f05,power_20260923T024053Z_7c7f5f05_trial_1,reduction-67108864-256,1,reduction,workload,cuda,gpu_board
2026-09-23T02:42:42.813474+00:00,1790131362.8134737,3582633.560348108,0.03436875343322754,GPU-91e942dc-edbb-7f2a-9cea-167356bbd86a,NVIDIA H100 80GB HBM3,404.64,100.0,33.0,1980.0,2619.0,46.0,power_20260923T024053Z_7c7f5f05,power_20260923T024053Z_7c7f5f05_trial_1,reduction-67108864-256,1,reduction,workload,cuda,gpu_board
2026-09-23T02:42:43.047423+00:00,1790131363.0474226,3582633.794299258,0.03325080871582031,GPU-91e942dc-edbb-7f2a-9cea-167356bbd86a,NVIDIA H100 80GB HBM3,404.17,100.0,33.0,1980.0,2619.0,46.0,power_20260923T024053Z_7c7f5f05,power_20260923T024053Z_7c7f5f05_trial_1,reduction-67108864-256,1,reduction,workload,cuda,gpu_board
2026-09-23T02:42:43.281185+00:00,1790131363.2811847,3582634.0280619105,0.03394770622253418,GPU-91e942dc-edbb-7f2a-9cea-167356bbd86a,NVIDIA H100 80GB HBM3,403.86,100.0,33.0,1980.0,2619.0,46.0,power_20260923T024053Z_7c7f5f05,power_20260923T024053Z_7c7f5f05_trial_1,reduction-67108864-256,1,reduction,workload,cuda,gpu_board
2026-09-23T02:42:43.516233+00:00,1790131363.5162332,3582634.263112963,0.03582572937011719,GPU-91e942dc-edbb-7f2a-9cea-167356bbd86a,NVIDIA H100 80GB HBM3,403.91,100.0,33.0,1980.0,2619.0,46.0,power_20260923T024053Z_7c7f5f05,power_20260923T024053Z_7c7f5f05_trial_1,reduction-67108864-256,1,reduction,workload,cuda,gpu_board
2026-09-23T02:42:43.750611+00:00,1790131363.7506113,3582634.4974884065,0.03259158134460449,GPU-91e942dc-edbb-7f2a-9cea-167356bbd86a,NVIDIA H100 80GB HBM3,403.97,100.0,33.0,1980.0,2619.0,46.0,power_20260923T024053Z_7c7f5f05,power_20260923T024053Z_7c7f5f05_trial_1,reduction-67108864-256,1,reduction,workload,cuda,gpu_board
2026-09-23T02:42:43.984420+00:00,1790131363.98442,3582634.731299988,0.03469133377075195,GPU-91e942dc-edbb-7f2a-9cea-167356bbd86a,NVIDIA H100 80GB HBM3,404.0,100.0,33.0,1980.0,2619.0,46.0,power_20260923T024053Z_7c7f5f05,power_20260923T024053Z_7c7f5f05_trial_1,reduction-67108864-256,1,reduction,workload,cuda,gpu_board
2026-09-23T02:42:44.217528+00:00,1790131364.2175283,3582634.964406498,0.031194448471069336,GPU-91e942dc-edbb-7f2a-9cea-167356bbd86a,NVIDIA H100 80GB HBM3,404.05,100.0,33.0,1980.0,2619.0,46.0,power_20260923T024053Z_7c7f5f05,power_20260923T024053Z_7c7f5f05_trial_1,reduction-67108864-256,1,reduction,workload,cuda,gpu_board
2026-09-23T02:42:44.451339+00:00,1790131364.4513392,3582635.198217535,0.0361170768737793,GPU-91e942dc-edbb-7f2a-9cea-167356bbd86a,NVIDIA H100 80GB HBM3,404.07,100.0,33.0,1980.0,2619.0,46.0,power_20260923T024053Z_7c7f5f05,power_20260923T024053Z_7c7f5f05_trial_1,reduction-67108864-256,1,reduction,workload,cuda,gpu_board
2026-09-23T02:42:44.686677+00:00,1790131364.6866775,3582635.4335526973,0.03423714637756348,GPU-91e942dc-edbb-7f2a-9cea-167356bbd86a,NVIDIA H100 80GB HBM3,404.01,100.0,33.0,1980.0,2619.0,46.0,power_20260923T024053Z_7c7f5f05,power_20260923T024053Z_7c7f5f05_trial_1,reduction-67108864-256,1,reduction,workload,cuda,gpu_board
2026-09-23T02:42:44.921377+00:00,1790131364.9213767,3582635.6682554213,0.03487968444824219,GPU-91e942dc-edbb-7f2a-9cea-167356bbd86a,NVIDIA H100 80GB HBM3,404.12,100.0,33.0,1980.0,2619.0,46.0,power_20260923T024053Z_7c7f5f05,power_20260923T024053Z_7c7f5f05_trial_1,reduction-67108864-256,1,reduction,workload,cuda,gpu_board
2026-09-23T02:42:45.155658+00:00,1790131365.1556578,3582635.9025327675,0.03334784507751465,GPU-91e942dc-edbb-7f2a-9cea-167356bbd86a,NVIDIA H100 80GB HBM3,404.2,100.0,33.0,1980.0,2619.0,47.0,power_20260923T024053Z_7c7f5f05,power_20260923T024053Z_7c7f5f05_trial_1,reduction-67108864-256,1,reduction,workload,cuda,gpu_board
2026-09-23T02:42:45.394828+00:00,1790131365.3948278,3582636.141707086,0.044702768325805664,GPU-91e942dc-edbb-7f2a-9cea-167356bbd86a,NVIDIA H100 80GB HBM3,404.17,100.0,33.0,1980.0,2619.0,47.0,power_20260923T024053Z_7c7f5f05,power_20260923T024053Z_7c7f5f05_trial_1,reduction-67108864-256,1,reduction,workload,cuda,gpu_board
2026-09-23T02:42:45.633717+00:00,1790131365.6337166,3582636.380590732,0.03274703025817871,GPU-91e942dc-edbb-7f2a-9cea-167356bbd86a,NVIDIA H100 80GB HBM3,404.29,100.0,33.0,1980.0,2619.0,47.0,power_20260923T024053Z_7c7f5f05,power_20260923T024053Z_7c7f5f05_trial_1,reduction-67108864-256,1,reduction,workload,cuda,gpu_board
2026-09-23T02:42:45.867583+00:00,1790131365.8675833,3582636.6144629195,0.034673213958740234,GPU-91e942dc-edbb-7f2a-9cea-167356bbd86a,NVIDIA H100 80GB HBM3,404.3,100.0,33.0,1980.0,2619.0,47.0,power_20260923T024053Z_7c7f5f05,power_20260923T024053Z_7c7f5f05_trial_1,reduction-67108864-256,1,reduction,workload,cuda,gpu_board
2026-09-23T02:42:46.103201+00:00,1790131366.1032014,3582636.8500753567,0.0362398624420166,GPU-91e942dc-edbb-7f2a-9cea-167356bbd86a,NVIDIA H100 80GB HBM3,404.38,100.0,33.0,1980.0,2619.0,47.0,power_20260923T024053Z_7c7f5f05,power_20260923T024053Z_7c7f5f05_trial_1,reduction-67108864-256,1,reduction,workload,cuda,gpu_board
2026-09-23T02:42:46.337847+00:00,1790131366.3378468,3582637.0847251434,0.03279376029968262,GPU-91e942dc-edbb-7f2a-9cea-167356bbd86a,NVIDIA H100 80GB HBM3,404.41,100.0,33.0,1980.0,2619.0,47.0,power_20260923T024053Z_7c7f5f05,power_20260923T024053Z_7c7f5f05_trial_1,reduction-67108864-256,1,reduction,workload,cuda,gpu_board
2026-09-23T02:42:46.571865+00:00,1790131366.571865,3582637.3187404713,0.03490853309631348,GPU-91e942dc-edbb-7f2a-9cea-167356bbd86a,NVIDIA H100 80GB HBM3,404.48,100.0,33.0,1980.0,2619.0,47.0,power_20260923T024053Z_7c7f5f05,power_20260923T024053Z_7c7f5f05_trial_1,reduction-67108864-256,1,reduction,workload,cuda,gpu_board
2026-09-23T02:42:46.805219+00:00,1790131366.805219,3582637.5520962435,0.0315251350402832,GPU-91e942dc-edbb-7f2a-9cea-167356bbd86a,NVIDIA H100 80GB HBM3,404.48,100.0,33.0,1980.0,2619.0,47.0,power_20260923T024053Z_7c7f5f05,power_20260923T024053Z_7c7f5f05_trial_1,reduction-67108864-256,1,reduction,workload,cuda,gpu_board
2026-09-23T02:42:47.038851+00:00,1790131367.0388508,3582637.78572498,0.03540301322937012,GPU-91e942dc-edbb-7f2a-9cea-167356bbd86a,NVIDIA H100 80GB HBM3,404.44,100.0,33.0,1980.0,2619.0,47.0,power_20260923T024053Z_7c7f5f05,power_20260923T024053Z_7c7f5f05_trial_1,reduction-67108864-256,1,reduction,workload,cuda,gpu_board
2026-09-23T02:42:47.272357+00:00,1790131367.2723565,3582638.01923379,0.031343698501586914,GPU-91e942dc-edbb-7f2a-9cea-167356bbd86a,NVIDIA H100 80GB HBM3,404.52,100.0,33.0,1980.0,2619.0,47.0,power_20260923T024053Z_7c7f5f05,power_20260923T024053Z_7c7f5f05_trial_1,reduction-67108864-256,1,reduction,workload,cuda,gpu_board
2026-09-23T02:42:47.505413+00:00,1790131367.5054126,3582638.252287475,0.034445762634277344,GPU-91e942dc-edbb-7f2a-9cea-167356bbd86a,NVIDIA H100 80GB HBM3,404.56,100.0,33.0,1980.0,2619.0,47.0,power_20260923T024053Z_7c7f5f05,power_20260923T024053Z_7c7f5f05_trial_1,reduction-67108864-256,1,reduction,workload,cuda,gpu_board
2026-09-23T02:42:47.739138+00:00,1790131367.7391376,3582638.4860154977,0.03271985054016113,GPU-91e942dc-edbb-7f2a-9cea-167356bbd86a,NVIDIA H100 80GB HBM3,404.55,100.0,33.0,1980.0,2619.0,47.0,power_20260923T024053Z_7c7f5f05,power_20260923T024053Z_7c7f5f05_trial_1,reduction-67108864-256,1,reduction,workload,cuda,gpu_board
2026-09-23T02:42:47.972676+00:00,1790131367.9726758,3582638.71955416,0.034024715423583984,GPU-91e942dc-edbb-7f2a-9cea-167356bbd86a,NVIDIA H100 80GB HBM3,404.66,100.0,33.0,1980.0,2619.0,47.0,power_20260923T024053Z_7c7f5f05,power_20260923T024053Z_7c7f5f05_trial_1,reduction-67108864-256,1,reduction,workload,cuda,gpu_board
2026-09-23T02:42:48.205764+00:00,1790131368.2057638,3582638.9526416305,0.0318293571472168,GPU-91e942dc-edbb-7f2a-9cea-167356bbd86a,NVIDIA H100 80GB HBM3,404.67,100.0,33.0,1980.0,2619.0,47.0,power_20260923T024053Z_7c7f5f05,power_20260923T024053Z_7c7f5f05_trial_1,reduction-67108864-256,1,reduction,workload,cuda,gpu_board
2026-09-23T02:42:48.439167+00:00,1790131368.439167,3582639.1860425416,0.034651994705200195,GPU-91e942dc-edbb-7f2a-9cea-167356bbd86a,NVIDIA H100 80GB HBM3,404.68,100.0,33.0,1980.0,2619.0,47.0,power_20260923T024053Z_7c7f5f05,power_20260923T024053Z_7c7f5f05_trial_1,reduction-67108864-256,1,reduction,workload,cuda,gpu_board
2026-09-23T02:42:48.673826+00:00,1790131368.6738255,3582639.4206988793,0.0343785285949707,GPU-91e942dc-edbb-7f2a-9cea-167356bbd86a,NVIDIA H100 80GB HBM3,404.72,100.0,33.0,1980.0,2619.0,47.0,power_20260923T024053Z_7c7f5f05,power_20260923T024053Z_7c7f5f05_trial_1,reduction-67108864-256,1,reduction,workload,cuda,gpu_board
2026-09-23T02:42:48.908136+00:00,1790131368.908136,3582639.6550118057,0.03397870063781738,GPU-91e942dc-edbb-7f2a-9cea-167356bbd86a,NVIDIA H100 80GB HBM3,404.58,100.0,33.0,1980.0,2619.0,47.0,power_20260923T024053Z_7c7f5f05,power_20260923T024053Z_7c7f5f05_trial_1,reduction-67108864-256,1,reduction,workload,cuda,gpu_board
2026-09-23T02:42:49.143319+00:00,1790131369.1433191,3582639.8901985786,0.036040544509887695,GPU-91e942dc-edbb-7f2a-9cea-167356bbd86a,NVIDIA H100 80GB HBM3,404.65,100.0,33.0,1980.0,2619.0,47.0,power_20260923T024053Z_7c7f5f05,power_20260923T024053Z_7c7f5f05_trial_1,reduction-67108864-256,1,reduction,workload,cuda,gpu_board
2026-09-23T02:42:49.377907+00:00,1790131369.3779073,3582640.1247791424,0.03280377388000488,GPU-91e942dc-edbb-7f2a-9cea-167356bbd86a,NVIDIA H100 80GB HBM3,404.66,100.0,33.0,1980.0,2619.0,47.0,power_20260923T024053Z_7c7f5f05,power_20260923T024053Z_7c7f5f05_trial_1,reduction-67108864-256,1,reduction,workload,cuda,gpu_board
2026-09-23T02:42:49.610436+00:00,1790131369.6104362,3582640.3573073493,0.03203392028808594,GPU-91e942dc-edbb-7f2a-9cea-167356bbd86a,NVIDIA H100 80GB HBM3,404.67,100.0,33.0,1980.0,2619.0,47.0,power_20260923T024053Z_7c7f5f05,power_20260923T024053Z_7c7f5f05_trial_1,reduction-67108864-256,1,reduction,workload,cuda,gpu_board
2026-09-23T02:42:49.844188+00:00,1790131369.8441882,3582640.591066792,0.03521466255187988,GPU-91e942dc-edbb-7f2a-9cea-167356bbd86a,NVIDIA H100 80GB HBM3,404.73,100.0,33.0,1980.0,2619.0,47.0,power_20260923T024053Z_7c7f5f05,power_20260923T024053Z_7c7f5f05_trial_1,reduction-67108864-256,1,reduction,workload,cuda,gpu_board
2026-09-23T02:42:50.096344+00:00,1790131370.0963445,3582640.843217003,0.0687863826751709,GPU-91e942dc-edbb-7f2a-9cea-167356bbd86a,NVIDIA H100 80GB HBM3,404.66,100.0,33.0,1980.0,2619.0,47.0,power_20260923T024053Z_7c7f5f05,power_20260923T024053Z_7c7f5f05_trial_1,reduction-67108864-256,1,reduction,workload,cuda,gpu_board
2026-09-23T02:42:50.348617+00:00,1790131370.3486166,3582641.0954887187,0.03552675247192383,GPU-91e942dc-edbb-7f2a-9cea-167356bbd86a,NVIDIA H100 80GB HBM3,404.68,100.0,33.0,1980.0,2619.0,47.0,power_20260923T024053Z_7c7f5f05,power_20260923T024053Z_7c7f5f05_trial_1,reduction-67108864-256,1,reduction,workload,cuda,gpu_board
2026-09-23T02:42:50.599548+00:00,1790131370.5995483,3582641.346425382,0.06610989570617676,GPU-91e942dc-edbb-7f2a-9cea-167356bbd86a,NVIDIA H100 80GB HBM3,404.7,100.0,33.0,1980.0,2619.0,47.0,power_20260923T024053Z_7c7f5f05,power_20260923T024053Z_7c7f5f05_trial_1,reduction-67108864-256,1,reduction,workload,cuda,gpu_board
2026-09-23T02:42:50.849748+00:00,1790131370.849748,3582641.596620459,0.03398418426513672,GPU-91e942dc-edbb-7f2a-9cea-167356bbd86a,NVIDIA H100 80GB HBM3,404.75,100.0,33.0,1980.0,2619.0,47.0,power_20260923T024053Z_7c7f5f05,power_20260923T024053Z_7c7f5f05_trial_1,reduction-67108864-256,1,reduction,workload,cuda,gpu_board
2026-09-23T02:42:51.083609+00:00,1790131371.0836086,3582641.8304816773,0.03348994255065918,GPU-91e942dc-edbb-7f2a-9cea-167356bbd86a,NVIDIA H100 80GB HBM3,404.73,100.0,33.0,1980.0,2619.0,47.0,power_20260923T024053Z_7c7f5f05,power_20260923T024053Z_7c7f5f05_trial_1,reduction-67108864-256,1,reduction,workload,cuda,gpu_board
2026-09-23T02:42:51.317550+00:00,1790131371.3175502,3582642.064423257,0.03414797782897949,GPU-91e942dc-edbb-7f2a-9cea-167356bbd86a,NVIDIA H100 80GB HBM3,404.73,100.0,33.0,1980.0,2619.0,47.0,power_20260923T024053Z_7c7f5f05,power_20260923T024053Z_7c7f5f05_trial_1,reduction-67108864-256,1,reduction,workload,cuda,gpu_board
2026-09-23T02:42:51.551505+00:00,1790131371.5515046,3582642.29837845,0.033507585525512695,GPU-91e942dc-edbb-7f2a-9cea-167356bbd86a,NVIDIA H100 80GB HBM3,404.75,100.0,33.0,1980.0,2619.0,47.0,power_20260923T024053Z_7c7f5f05,power_20260923T024053Z_7c7f5f05_trial_1,reduction-67108864-256,1,reduction,workload,cuda,gpu_board
2026-09-23T02:42:51.785102+00:00,1790131371.7851024,3582642.531974246,0.03343462944030762,GPU-91e942dc-edbb-7f2a-9cea-167356bbd86a,NVIDIA H100 80GB HBM3,404.72,100.0,33.0,1980.0,2619.0,47.0,power_20260923T024053Z_7c7f5f05,power_20260923T024053Z_7c7f5f05_trial_1,reduction-67108864-256,1,reduction,workload,cuda,gpu_board
2026-09-23T02:42:52.018111+00:00,1790131372.0181108,3582642.764982086,0.03236079216003418,GPU-91e942dc-edbb-7f2a-9cea-167356bbd86a,NVIDIA H100 80GB HBM3,404.82,100.0,33.0,1980.0,2619.0,47.0,power_20260923T024053Z_7c7f5f05,power_20260923T024053Z_7c7f5f05_trial_1,reduction-67108864-256,1,reduction,workload,cuda,gpu_board
2026-09-23T02:42:52.251851+00:00,1790131372.2518513,3582642.998731943,0.03488922119140625,GPU-91e942dc-edbb-7f2a-9cea-167356bbd86a,NVIDIA H100 80GB HBM3,404.85,100.0,33.0,1980.0,2619.0,47.0,power_20260923T024053Z_7c7f5f05,power_20260923T024053Z_7c7f5f05_trial_1,reduction-67108864-256,1,reduction,workload,cuda,gpu_board
2026-09-23T02:42:52.487058+00:00,1790131372.487058,3582643.233935726,0.03515005111694336,GPU-91e942dc-edbb-7f2a-9cea-167356bbd86a,NVIDIA H100 80GB HBM3,404.88,100.0,33.0,1980.0,2619.0,47.0,power_20260923T024053Z_7c7f5f05,power_20260923T024053Z_7c7f5f05_trial_1,reduction-67108864-256,1,reduction,workload,cuda,gpu_board
2026-09-23T02:42:52.721415+00:00,1790131372.7214146,3582643.468293825,0.0332486629486084,GPU-91e942dc-edbb-7f2a-9cea-167356bbd86a,NVIDIA H100 80GB HBM3,404.87,100.0,33.0,1980.0,2619.0,47.0,power_20260923T024053Z_7c7f5f05,power_20260923T024053Z_7c7f5f05_trial_1,reduction-67108864-256,1,reduction,workload,cuda,gpu_board
2026-09-23T02:42:52.955362+00:00,1790131372.9553623,3582643.702237854,0.03429889678955078,GPU-91e942dc-edbb-7f2a-9cea-167356bbd86a,NVIDIA H100 80GB HBM3,404.8,100.0,33.0,1980.0,2619.0,47.0,power_20260923T024053Z_7c7f5f05,power_20260923T024053Z_7c7f5f05_trial_1,reduction-67108864-256,1,reduction,workload,cuda,gpu_board
2026-09-23T02:42:53.188555+00:00,1790131373.1885548,3582643.9354318455,0.03180670738220215,GPU-91e942dc-edbb-7f2a-9cea-167356bbd86a,NVIDIA H100 80GB HBM3,404.79,100.0,33.0,1980.0,2619.0,47.0,power_20260923T024053Z_7c7f5f05,power_20260923T024053Z_7c7f5f05_trial_1,reduction-67108864-256,1,reduction,workload,cuda,gpu_board
2026-09-23T02:42:53.421536+00:00,1790131373.421536,3582644.1684107706,0.03384065628051758,GPU-91e942dc-edbb-7f2a-9cea-167356bbd86a,NVIDIA H100 80GB HBM3,404.79,100.0,33.0,1980.0,2619.0,47.0,power_20260923T024053Z_7c7f5f05,power_20260923T024053Z_7c7f5f05_trial_1,reduction-67108864-256,1,reduction,workload,cuda,gpu_board
2026-09-23T02:42:53.689527+00:00,1790131373.689527,3582644.436400109,0.10187005996704102,GPU-91e942dc-edbb-7f2a-9cea-167356bbd86a,NVIDIA H100 80GB HBM3,381.39,100.0,33.0,1980.0,2619.0,45.0,power_20260923T024053Z_7c7f5f05,power_20260923T024053Z_7c7f5f05_trial_1,reduction-67108864-256,1,reduction,workload,cuda,gpu_board
2026-09-23T02:42:53.957367+00:00,1790131373.9573674,3582644.704246397,0.033559560775756836,GPU-91e942dc-edbb-7f2a-9cea-167356bbd86a,NVIDIA H100 80GB HBM3,333.57,1.0,0.0,1980.0,2619.0,42.0,power_20260923T024053Z_7c7f5f05,power_20260923T024053Z_7c7f5f05_trial_1,vector_add-67108864-128,1,vector_add,idle,cuda,gpu_board
2026-09-23T02:42:54.191246+00:00,1790131374.191246,3582644.9381212993,0.033841609954833984,GPU-91e942dc-edbb-7f2a-9cea-167356bbd86a,NVIDIA H100 80GB HBM3,287.87,0.0,0.0,1980.0,2619.0,41.0,power_20260923T024053Z_7c7f5f05,power_20260923T024053Z_7c7f5f05_trial_1,vector_add-67108864-128,1,vector_add,idle,cuda,gpu_board
2026-09-23T02:42:54.424200+00:00,1790131374.4241996,3582645.1710780165,0.031792402267456055,GPU-91e942dc-edbb-7f2a-9cea-167356bbd86a,NVIDIA H100 80GB HBM3,213.27,0.0,0.0,1980.0,2619.0,41.0,power_20260923T024053Z_7c7f5f05,power_20260923T024053Z_7c7f5f05_trial_1,vector_add-67108864-128,1,vector_add,idle,cuda,gpu_board
2026-09-23T02:42:54.656610+00:00,1790131374.6566095,3582645.4034876237,0.03267192840576172,GPU-91e942dc-edbb-7f2a-9cea-167356bbd86a,NVIDIA H100 80GB HBM3,165.56,0.0,0.0,1980.0,2619.0,40.0,power_20260923T024053Z_7c7f5f05,power_20260923T024053Z_7c7f5f05_trial_1,vector_add-67108864-128,1,vector_add,idle,cuda,gpu_board
2026-09-23T02:42:54.889001+00:00,1790131374.8890014,3582645.635878482,0.03176522254943848,GPU-91e942dc-edbb-7f2a-9cea-167356bbd86a,NVIDIA H100 80GB HBM3,163.9,0.0,0.0,1980.0,2619.0,40.0,power_20260923T024053Z_7c7f5f05,power_20260923T024053Z_7c7f5f05_trial_1,vector_add-67108864-128,1,vector_add,idle,cuda,gpu_board
2026-09-23T02:42:55.122214+00:00,1790131375.1222143,3582645.869092156,0.03434252738952637,GPU-91e942dc-edbb-7f2a-9cea-167356bbd86a,NVIDIA H100 80GB HBM3,163.22,0.0,0.0,1980.0,2619.0,40.0,power_20260923T024053Z_7c7f5f05,power_20260923T024053Z_7c7f5f05_trial_1,vector_add-67108864-128,1,vector_add,idle,cuda,gpu_board
2026-09-23T02:42:55.355274+00:00,1790131375.3552742,3582646.1021521543,0.03146004676818848,GPU-91e942dc-edbb-7f2a-9cea-167356bbd86a,NVIDIA H100 80GB HBM3,162.87,0.0,0.0,1980.0,2619.0,40.0,power_20260923T024053Z_7c7f5f05,power_20260923T024053Z_7c7f5f05_trial_1,vector_add-67108864-128,1,vector_add,idle,cuda,gpu_board
2026-09-23T02:42:55.609406+00:00,1790131375.6094065,3582646.3562847055,0.07646322250366211,GPU-91e942dc-edbb-7f2a-9cea-167356bbd86a,NVIDIA H100 80GB HBM3,150.75,0.0,0.0,375.0,2619.0,39.0,power_20260923T024053Z_7c7f5f05,power_20260923T024053Z_7c7f5f05_trial_1,vector_add-67108864-128,1,vector_add,idle,cuda,gpu_board
2026-09-23T02:42:55.865746+00:00,1790131375.8657458,3582646.612623122,0.035877227783203125,GPU-91e942dc-edbb-7f2a-9cea-167356bbd86a,NVIDIA H100 80GB HBM3,137.98,0.0,0.0,345.0,2619.0,38.0,power_20260923T024053Z_7c7f5f05,power_20260923T024053Z_7c7f5f05_trial_1,vector_add-67108864-128,1,vector_add,idle,cuda,gpu_board
2026-09-23T02:42:56.101543+00:00,1790131376.1015434,3582646.8484218093,0.03540825843811035,GPU-91e942dc-edbb-7f2a-9cea-167356bbd86a,NVIDIA H100 80GB HBM3,119.69,0.0,0.0,345.0,2619.0,38.0,power_20260923T024053Z_7c7f5f05,power_20260923T024053Z_7c7f5f05_trial_1,vector_add-67108864-128,1,vector_add,idle,cuda,gpu_board
2026-09-23T02:42:56.336931+00:00,1790131376.3369312,3582647.0838088663,0.03504037857055664,GPU-91e942dc-edbb-7f2a-9cea-167356bbd86a,NVIDIA H100 80GB HBM3,107.17,0.0,0.0,345.0,2619.0,38.0,power_20260923T024053Z_7c7f5f05,power_20260923T024053Z_7c7f5f05_trial_1,vector_add-67108864-128,1,vector_add,idle,cuda,gpu_board
2026-09-23T02:42:56.571587+00:00,1790131376.571587,3582647.318461994,0.03395652770996094,GPU-91e942dc-edbb-7f2a-9cea-167356bbd86a,NVIDIA H100 80GB HBM3,98.9,0.0,0.0,345.0,2619.0,38.0,power_20260923T024053Z_7c7f5f05,power_20260923T024053Z_7c7f5f05_trial_1,vector_add-67108864-128,1,vector_add,idle,cuda,gpu_board
2026-09-23T02:42:56.807714+00:00,1790131376.8077137,3582647.554590511,0.03800487518310547,GPU-91e942dc-edbb-7f2a-9cea-167356bbd86a,NVIDIA H100 80GB HBM3,98.66,0.0,0.0,345.0,2619.0,37.0,power_20260923T024053Z_7c7f5f05,power_20260923T024053Z_7c7f5f05_trial_1,vector_add-67108864-128,1,vector_add,idle,cuda,gpu_board
2026-09-23T02:42:57.043933+00:00,1790131377.043933,3582647.7908102004,0.034137725830078125,GPU-91e942dc-edbb-7f2a-9cea-167356bbd86a,NVIDIA H100 80GB HBM3,98.61,0.0,0.0,345.0,2619.0,37.0,power_20260923T024053Z_7c7f5f05,power_20260923T024053Z_7c7f5f05_trial_1,vector_add-67108864-128,1,vector_add,idle,cuda,gpu_board
2026-09-23T02:42:57.278922+00:00,1790131377.2789223,3582648.025803482,0.035542964935302734,GPU-91e942dc-edbb-7f2a-9cea-167356bbd86a,NVIDIA H100 80GB HBM3,98.53,0.0,0.0,345.0,2619.0,37.0,power_20260923T024053Z_7c7f5f05,power_20260923T024053Z_7c7f5f05_trial_1,vector_add-67108864-128,1,vector_add,idle,cuda,gpu_board
2026-09-23T02:42:57.514049+00:00,1790131377.5140486,3582648.2609259617,0.03437495231628418,GPU-91e942dc-edbb-7f2a-9cea-167356bbd86a,NVIDIA H100 80GB HBM3,98.41,0.0,0.0,345.0,2619.0,37.0,power_20260923T024053Z_7c7f5f05,power_20260923T024053Z_7c7f5f05_trial_1,vector_add-67108864-128,1,vector_add,idle,cuda,gpu_board
2026-09-23T02:42:57.749391+00:00,1790131377.749391,3582648.4962685183,0.03598332405090332,GPU-91e942dc-edbb-7f2a-9cea-167356bbd86a,NVIDIA H100 80GB HBM3,98.37,0.0,0.0,345.0,2619.0,37.0,power_20260923T024053Z_7c7f5f05,power_20260923T024053Z_7c7f5f05_trial_1,vector_add-67108864-128,1,vector_add,idle,cuda,gpu_board
2026-09-23T02:42:57.984468+00:00,1790131377.9844682,3582648.731345437,0.033847808837890625,GPU-91e942dc-edbb-7f2a-9cea-167356bbd86a,NVIDIA H100 80GB HBM3,98.31,0.0,0.0,345.0,2619.0,37.0,power_20260923T024053Z_7c7f5f05,power_20260923T024053Z_7c7f5f05_trial_1,vector_add-67108864-128,1,vector_add,workload,cuda,gpu_board
2026-09-23T02:42:58.289925+00:00,1790131378.2899253,3582649.036803521,0.1767592430114746,GPU-91e942dc-edbb-7f2a-9cea-167356bbd86a,NVIDIA H100 80GB HBM3,98.3,0.0,0.0,345.0,2619.0,37.0,power_20260923T024053Z_7c7f5f05,power_20260923T024053Z_7c7f5f05_trial_1,vector_add-67108864-128,1,vector_add,workload,cuda,gpu_board
2026-09-23T02:42:58.594778+00:00,1790131378.5947783,3582649.341656795,0.03261566162109375,GPU-91e942dc-edbb-7f2a-9cea-167356bbd86a,NVIDIA H100 80GB HBM3,105.42,0.0,0.0,1980.0,2619.0,37.0,power_20260923T024053Z_7c7f5f05,power_20260923T024053Z_7c7f5f05_trial_1,vector_add-67108864-128,1,vector_add,workload,cuda,gpu_board
2026-09-23T02:42:58.829986+00:00,1790131378.829986,3582649.5768651124,0.03746485710144043,GPU-91e942dc-edbb-7f2a-9cea-167356bbd86a,NVIDIA H100 80GB HBM3,176.6,100.0,95.0,1980.0,2619.0,41.0,power_20260923T024053Z_7c7f5f05,power_20260923T024053Z_7c7f5f05_trial_1,vector_add-67108864-128,1,vector_add,workload,cuda,gpu_board
2026-09-23T02:42:59.066592+00:00,1790131379.066592,3582649.813467423,0.035413265228271484,GPU-91e942dc-edbb-7f2a-9cea-167356bbd86a,NVIDIA H100 80GB HBM3,245.88,100.0,95.0,1980.0,2619.0,42.0,power_20260923T024053Z_7c7f5f05,power_20260923T024053Z_7c7f5f05_trial_1,vector_add-67108864-128,1,vector_add,workload,cuda,gpu_board
2026-09-23T02:42:59.301240+00:00,1790131379.3012404,3582650.0481149256,0.03360486030578613,GPU-91e942dc-edbb-7f2a-9cea-167356bbd86a,NVIDIA H100 80GB HBM3,313.68,100.0,95.0,1980.0,2619.0,43.0,power_20260923T024053Z_7c7f5f05,power_20260923T024053Z_7c7f5f05_trial_1,vector_add-67108864-128,1,vector_add,workload,cuda,gpu_board
2026-09-23T02:42:59.535812+00:00,1790131379.5358117,3582650.282689547,0.03525972366333008,GPU-91e942dc-edbb-7f2a-9cea-167356bbd86a,NVIDIA H100 80GB HBM3,408.34,100.0,95.0,1980.0,2619.0,43.0,power_20260923T024053Z_7c7f5f05,power_20260923T024053Z_7c7f5f05_trial_1,vector_add-67108864-128,1,vector_add,workload,cuda,gpu_board
2026-09-23T02:42:59.772476+00:00,1790131379.7724762,3582650.5193576394,0.03773331642150879,GPU-91e942dc-edbb-7f2a-9cea-167356bbd86a,NVIDIA H100 80GB HBM3,437.48,100.0,95.0,1980.0,2619.0,43.0,power_20260923T024053Z_7c7f5f05,power_20260923T024053Z_7c7f5f05_trial_1,vector_add-67108864-128,1,vector_add,workload,cuda,gpu_board
2026-09-23T02:43:00.009687+00:00,1790131380.009687,3582650.7565606944,0.03633689880371094,GPU-91e942dc-edbb-7f2a-9cea-167356bbd86a,NVIDIA H100 80GB HBM3,438.05,100.0,95.0,1980.0,2619.0,44.0,power_20260923T024053Z_7c7f5f05,power_20260923T024053Z_7c7f5f05_trial_1,vector_add-67108864-128,1,vector_add,workload,cuda,gpu_board
2026-09-23T02:43:00.245393+00:00,1790131380.2453928,3582650.9922713405,0.034806251525878906,GPU-91e942dc-edbb-7f2a-9cea-167356bbd86a,NVIDIA H100 80GB HBM3,438.35,100.0,95.0,1980.0,2619.0,44.0,power_20260923T024053Z_7c7f5f05,power_20260923T024053Z_7c7f5f05_trial_1,vector_add-67108864-128,1,vector_add,workload,cuda,gpu_board
2026-09-23T02:43:00.481278+00:00,1790131380.481278,3582651.2281577545,0.03660130500793457,GPU-91e942dc-edbb-7f2a-9cea-167356bbd86a,NVIDIA H100 80GB HBM3,438.54,100.0,95.0,1980.0,2619.0,44.0,power_20260923T024053Z_7c7f5f05,power_20260923T024053Z_7c7f5f05_trial_1,vector_add-67108864-128,1,vector_add,workload,cuda,gpu_board
2026-09-23T02:43:00.717505+00:00,1790131380.7175047,3582651.464378789,0.03551912307739258,GPU-91e942dc-edbb-7f2a-9cea-167356bbd86a,NVIDIA H100 80GB HBM3,438.86,100.0,95.0,1980.0,2619.0,44.0,power_20260923T024053Z_7c7f5f05,power_20260923T024053Z_7c7f5f05_trial_1,vector_add-67108864-128,1,vector_add,workload,cuda,gpu_board
2026-09-23T02:43:00.953223+00:00,1790131380.9532228,3582651.700100261,0.03565168380737305,GPU-91e942dc-edbb-7f2a-9cea-167356bbd86a,NVIDIA H100 80GB HBM3,439.04,100.0,95.0,1980.0,2619.0,44.0,power_20260923T024053Z_7c7f5f05,power_20260923T024053Z_7c7f5f05_trial_1,vector_add-67108864-128,1,vector_add,workload,cuda,gpu_board
2026-09-23T02:43:01.189420+00:00,1790131381.1894195,3582651.9362966763,0.0364069938659668,GPU-91e942dc-edbb-7f2a-9cea-167356bbd86a,NVIDIA H100 80GB HBM3,439.2,100.0,95.0,1980.0,2619.0,44.0,power_20260923T024053Z_7c7f5f05,power_20260923T024053Z_7c7f5f05_trial_1,vector_add-67108864-128,1,vector_add,workload,cuda,gpu_board
2026-09-23T02:43:01.425910+00:00,1790131381.4259098,3582652.172786921,0.036251068115234375,GPU-91e942dc-edbb-7f2a-9cea-167356bbd86a,NVIDIA H100 80GB HBM3,439.44,100.0,95.0,1980.0,2619.0,44.0,power_20260923T024053Z_7c7f5f05,power_20260923T024053Z_7c7f5f05_trial_1,vector_add-67108864-128,1,vector_add,workload,cuda,gpu_board
2026-09-23T02:43:01.662332+00:00,1790131381.6623316,3582652.409210435,0.03635549545288086,GPU-91e942dc-edbb-7f2a-9cea-167356bbd86a,NVIDIA H100 80GB HBM3,439.55,100.0,95.0,1980.0,2619.0,45.0,power_20260923T024053Z_7c7f5f05,power_20260923T024053Z_7c7f5f05_trial_1,vector_add-67108864-128,1,vector_add,workload,cuda,gpu_board
2026-09-23T02:43:01.897429+00:00,1790131381.897429,3582652.6443054937,0.03349494934082031,GPU-91e942dc-edbb-7f2a-9cea-167356bbd86a,NVIDIA H100 80GB HBM3,439.61,100.0,95.0,1980.0,2619.0,45.0,power_20260923T024053Z_7c7f5f05,power_20260923T024053Z_7c7f5f05_trial_1,vector_add-67108864-128,1,vector_add,workload,cuda,gpu_board
2026-09-23T02:43:02.132717+00:00,1790131382.1327167,3582652.8795947097,0.0367734432220459,GPU-91e942dc-edbb-7f2a-9cea-167356bbd86a,NVIDIA H100 80GB HBM3,439.75,100.0,95.0,1980.0,2619.0,45.0,power_20260923T024053Z_7c7f5f05,power_20260923T024053Z_7c7f5f05_trial_1,vector_add-67108864-128,1,vector_add,workload,cuda,gpu_board
2026-09-23T02:43:02.370176+00:00,1790131382.3701758,3582653.117054091,0.03779911994934082,GPU-91e942dc-edbb-7f2a-9cea-167356bbd86a,NVIDIA H100 80GB HBM3,439.81,100.0,95.0,1980.0,2619.0,45.0,power_20260923T024053Z_7c7f5f05,power_20260923T024053Z_7c7f5f05_trial_1,vector_add-67108864-128,1,vector_add,workload,cuda,gpu_board
2026-09-23T02:43:02.607683+00:00,1790131382.6076832,3582653.3545631394,0.036878347396850586,GPU-91e942dc-edbb-7f2a-9cea-167356bbd86a,NVIDIA H100 80GB HBM3,439.84,100.0,95.0,1980.0,2619.0,45.0,power_20260923T024053Z_7c7f5f05,power_20260923T024053Z_7c7f5f05_trial_1,vector_add-67108864-128,1,vector_add,workload,cuda,gpu_board
2026-09-23T02:43:02.844197+00:00,1790131382.8441968,3582653.5910744267,0.03581118583679199,GPU-91e942dc-edbb-7f2a-9cea-167356bbd86a,NVIDIA H100 80GB HBM3,439.94,100.0,95.0,1980.0,2619.0,45.0,power_20260923T024053Z_7c7f5f05,power_20260923T024053Z_7c7f5f05_trial_1,vector_add-67108864-128,1,vector_add,workload,cuda,gpu_board
2026-09-23T02:43:03.080908+00:00,1790131383.0809076,3582653.8277849425,0.03728199005126953,GPU-91e942dc-edbb-7f2a-9cea-167356bbd86a,NVIDIA H100 80GB HBM3,440.05,100.0,95.0,1980.0,2619.0,45.0,power_20260923T024053Z_7c7f5f05,power_20260923T024053Z_7c7f5f05_trial_1,vector_add-67108864-128,1,vector_add,workload,cuda,gpu_board
2026-09-23T02:43:03.317649+00:00,1790131383.317649,3582654.0645232163,0.03587818145751953,GPU-91e942dc-edbb-7f2a-9cea-167356bbd86a,NVIDIA H100 80GB HBM3,440.15,100.0,95.0,1980.0,2619.0,45.0,power_20260923T024053Z_7c7f5f05,power_20260923T024053Z_7c7f5f05_trial_1,vector_add-67108864-128,1,vector_add,workload,cuda,gpu_board
2026-09-23T02:43:03.552754+00:00,1790131383.5527544,3582654.2996304813,0.03405904769897461,GPU-91e942dc-edbb-7f2a-9cea-167356bbd86a,NVIDIA H100 80GB HBM3,440.21,100.0,95.0,1980.0,2619.0,45.0,power_20260923T024053Z_7c7f5f05,power_20260923T024053Z_7c7f5f05_trial_1,vector_add-67108864-128,1,vector_add,workload,cuda,gpu_board
2026-09-23T02:43:03.786945+00:00,1790131383.7869449,3582654.5338209663,0.03400588035583496,GPU-91e942dc-edbb-7f2a-9cea-167356bbd86a,NVIDIA H100 80GB HBM3,440.25,100.0,95.0,1980.0,2619.0,45.0,power_20260923T024053Z_7c7f5f05,power_20260923T024053Z_7c7f5f05_trial_1,vector_add-67108864-128,1,vector_add,workload,cuda,gpu_board
2026-09-23T02:43:04.021962+00:00,1790131384.0219617,3582654.768840192,0.03571772575378418,GPU-91e942dc-edbb-7f2a-9cea-167356bbd86a,NVIDIA H100 80GB HBM3,440.27,100.0,95.0,1980.0,2619.0,45.0,power_20260923T024053Z_7c7f5f05,power_20260923T024053Z_7c7f5f05_trial_1,vector_add-67108864-128,1,vector_add,workload,cuda,gpu_board
2026-09-23T02:43:04.256962+00:00,1790131384.2569618,3582655.0038354583,0.03396248817443848,GPU-91e942dc-edbb-7f2a-9cea-167356bbd86a,NVIDIA H100 80GB HBM3,440.27,100.0,95.0,1980.0,2619.0,45.0,power_20260923T024053Z_7c7f5f05,power_20260923T024053Z_7c7f5f05_trial_1,vector_add-67108864-128,1,vector_add,workload,cuda,gpu_board
2026-09-23T02:43:04.493405+00:00,1790131384.4934053,3582655.240286215,0.03867387771606445,GPU-91e942dc-edbb-7f2a-9cea-167356bbd86a,NVIDIA H100 80GB HBM3,440.32,100.0,95.0,1980.0,2619.0,45.0,power_20260923T024053Z_7c7f5f05,power_20260923T024053Z_7c7f5f05_trial_1,vector_add-67108864-128,1,vector_add,workload,cuda,gpu_board
2026-09-23T02:43:04.730456+00:00,1790131384.7304564,3582655.477337225,0.0350344181060791,GPU-91e942dc-edbb-7f2a-9cea-167356bbd86a,NVIDIA H100 80GB HBM3,440.39,100.0,95.0,1980.0,2619.0,45.0,power_20260923T024053Z_7c7f5f05,power_20260923T024053Z_7c7f5f05_trial_1,vector_add-67108864-128,1,vector_add,workload,cuda,gpu_board
2026-09-23T02:43:04.965244+00:00,1790131384.965244,3582655.712117312,0.034193992614746094,GPU-91e942dc-edbb-7f2a-9cea-167356bbd86a,NVIDIA H100 80GB HBM3,440.36,100.0,95.0,1980.0,2619.0,45.0,power_20260923T024053Z_7c7f5f05,power_20260923T024053Z_7c7f5f05_trial_1,vector_add-67108864-128,1,vector_add,workload,cuda,gpu_board
2026-09-23T02:43:05.199332+00:00,1790131385.1993322,3582655.94620407,0.03372359275817871,GPU-91e942dc-edbb-7f2a-9cea-167356bbd86a,NVIDIA H100 80GB HBM3,440.38,100.0,95.0,1980.0,2619.0,45.0,power_20260923T024053Z_7c7f5f05,power_20260923T024053Z_7c7f5f05_trial_1,vector_add-67108864-128,1,vector_add,workload,cuda,gpu_board
2026-09-23T02:43:05.434987+00:00,1790131385.434987,3582656.181867869,0.037363290786743164,GPU-91e942dc-edbb-7f2a-9cea-167356bbd86a,NVIDIA H100 80GB HBM3,440.38,100.0,95.0,1980.0,2619.0,45.0,power_20260923T024053Z_7c7f5f05,power_20260923T024053Z_7c7f5f05_trial_1,vector_add-67108864-128,1,vector_add,workload,cuda,gpu_board
2026-09-23T02:43:05.671053+00:00,1790131385.6710532,3582656.417930962,0.03439950942993164,GPU-91e942dc-edbb-7f2a-9cea-167356bbd86a,NVIDIA H100 80GB HBM3,440.39,100.0,95.0,1980.0,2619.0,45.0,power_20260923T024053Z_7c7f5f05,power_20260923T024053Z_7c7f5f05_trial_1,vector_add-67108864-128,1,vector_add,workload,cuda,gpu_board
2026-09-23T02:43:05.905488+00:00,1790131385.9054875,3582656.652364046,0.034113168716430664,GPU-91e942dc-edbb-7f2a-9cea-167356bbd86a,NVIDIA H100 80GB HBM3,440.4,100.0,95.0,1980.0,2619.0,45.0,power_20260923T024053Z_7c7f5f05,power_20260923T024053Z_7c7f5f05_trial_1,vector_add-67108864-128,1,vector_add,workload,cuda,gpu_board
2026-09-23T02:43:06.141115+00:00,1790131386.1411147,3582656.887994826,0.03684520721435547,GPU-91e942dc-edbb-7f2a-9cea-167356bbd86a,NVIDIA H100 80GB HBM3,440.52,100.0,95.0,1980.0,2619.0,45.0,power_20260923T024053Z_7c7f5f05,power_20260923T024053Z_7c7f5f05_trial_1,vector_add-67108864-128,1,vector_add,workload,cuda,gpu_board
2026-09-23T02:43:06.377738+00:00,1790131386.377738,3582657.124616185,0.03600478172302246,GPU-91e942dc-edbb-7f2a-9cea-167356bbd86a,NVIDIA H100 80GB HBM3,440.54,100.0,95.0,1980.0,2619.0,45.0,power_20260923T024053Z_7c7f5f05,power_20260923T024053Z_7c7f5f05_trial_1,vector_add-67108864-128,1,vector_add,workload,cuda,gpu_board
2026-09-23T02:43:06.614243+00:00,1790131386.6142433,3582657.3611183623,0.03668832778930664,GPU-91e942dc-edbb-7f2a-9cea-167356bbd86a,NVIDIA H100 80GB HBM3,440.38,100.0,95.0,1980.0,2619.0,45.0,power_20260923T024053Z_7c7f5f05,power_20260923T024053Z_7c7f5f05_trial_1,vector_add-67108864-128,1,vector_add,workload,cuda,gpu_board
2026-09-23T02:43:06.849849+00:00,1790131386.8498485,3582657.596721476,0.034258365631103516,GPU-91e942dc-edbb-7f2a-9cea-167356bbd86a,NVIDIA H100 80GB HBM3,440.34,100.0,95.0,1980.0,2619.0,45.0,power_20260923T024053Z_7c7f5f05,power_20260923T024053Z_7c7f5f05_trial_1,vector_add-67108864-128,1,vector_add,workload,cuda,gpu_board
2026-09-23T02:43:07.085323+00:00,1790131387.0853233,3582657.832196174,0.03645896911621094,GPU-91e942dc-edbb-7f2a-9cea-167356bbd86a,NVIDIA H100 80GB HBM3,440.36,100.0,95.0,1980.0,2619.0,45.0,power_20260923T024053Z_7c7f5f05,power_20260923T024053Z_7c7f5f05_trial_1,vector_add-67108864-128,1,vector_add,workload,cuda,gpu_board
2026-09-23T02:43:07.321998+00:00,1790131387.321998,3582658.0688735303,0.036643028259277344,GPU-91e942dc-edbb-7f2a-9cea-167356bbd86a,NVIDIA H100 80GB HBM3,440.42,100.0,95.0,1980.0,2619.0,45.0,power_20260923T024053Z_7c7f5f05,power_20260923T024053Z_7c7f5f05_trial_1,vector_add-67108864-128,1,vector_add,workload,cuda,gpu_board
2026-09-23T02:43:07.557533+00:00,1790131387.5575328,3582658.304404632,0.03412294387817383,GPU-91e942dc-edbb-7f2a-9cea-167356bbd86a,NVIDIA H100 80GB HBM3,440.44,100.0,95.0,1980.0,2619.0,45.0,power_20260923T024053Z_7c7f5f05,power_20260923T024053Z_7c7f5f05_trial_1,vector_add-67108864-128,1,vector_add,workload,cuda,gpu_board
2026-09-23T02:43:07.812676+00:00,1790131387.8126757,3582658.5595543655,0.07593870162963867,GPU-91e942dc-edbb-7f2a-9cea-167356bbd86a,NVIDIA H100 80GB HBM3,440.83,100.0,95.0,1980.0,2619.0,45.0,power_20260923T024053Z_7c7f5f05,power_20260923T024053Z_7c7f5f05_trial_1,vector_add-67108864-128,1,vector_add,workload,cuda,gpu_board
2026-09-23T02:43:08.067232+00:00,1790131388.0672317,3582658.814107264,0.03284597396850586,GPU-91e942dc-edbb-7f2a-9cea-167356bbd86a,NVIDIA H100 80GB HBM3,440.79,100.0,95.0,1980.0,2619.0,46.0,power_20260923T024053Z_7c7f5f05,power_20260923T024053Z_7c7f5f05_trial_1,vector_add-67108864-128,1,vector_add,workload,cuda,gpu_board
2026-09-23T02:43:08.301044+00:00,1790131388.3010437,3582659.04791774,0.0344853401184082,GPU-91e942dc-edbb-7f2a-9cea-167356bbd86a,NVIDIA H100 80GB HBM3,440.78,100.0,95.0,1980.0,2619.0,46.0,power_20260923T024053Z_7c7f5f05,power_20260923T024053Z_7c7f5f05_trial_1,vector_add-67108864-128,1,vector_add,workload,cuda,gpu_board
2026-09-23T02:43:08.534687+00:00,1790131388.5346866,3582659.281560052,0.032531023025512695,GPU-91e942dc-edbb-7f2a-9cea-167356bbd86a,NVIDIA H100 80GB HBM3,440.83,100.0,95.0,1980.0,2619.0,46.0,power_20260923T024053Z_7c7f5f05,power_20260923T024053Z_7c7f5f05_trial_1,vector_add-67108864-128,1,vector_add,workload,cuda,gpu_board
2026-09-23T02:43:08.766867+00:00,1790131388.7668667,3582659.513740106,0.03157305717468262,GPU-91e942dc-edbb-7f2a-9cea-167356bbd86a,NVIDIA H100 80GB HBM3,440.81,100.0,95.0,1980.0,2619.0,46.0,power_20260923T024053Z_7c7f5f05,power_20260923T024053Z_7c7f5f05_trial_1,vector_add-67108864-128,1,vector_add,workload,cuda,gpu_board
2026-09-23T02:43:09.001803+00:00,1790131389.0018032,3582659.748685091,0.03805398941040039,GPU-91e942dc-edbb-7f2a-9cea-167356bbd86a,NVIDIA H100 80GB HBM3,440.88,100.0,95.0,1980.0,2619.0,46.0,power_20260923T024053Z_7c7f5f05,power_20260923T024053Z_7c7f5f05_trial_1,vector_add-67108864-128,1,vector_add,workload,cuda,gpu_board
2026-09-23T02:43:09.238865+00:00,1790131389.2388647,3582659.9857451143,0.03563070297241211,GPU-91e942dc-edbb-7f2a-9cea-167356bbd86a,NVIDIA H100 80GB HBM3,441.02,100.0,95.0,1980.0,2619.0,46.0,power_20260923T024053Z_7c7f5f05,power_20260923T024053Z_7c7f5f05_trial_1,vector_add-67108864-128,1,vector_add,workload,cuda,gpu_board
2026-09-23T02:43:09.473214+00:00,1790131389.4732141,3582660.2200921047,0.03269600868225098,GPU-91e942dc-edbb-7f2a-9cea-167356bbd86a,NVIDIA H100 80GB HBM3,441.03,100.0,95.0,1980.0,2619.0,46.0,power_20260923T024053Z_7c7f5f05,power_20260923T024053Z_7c7f5f05_trial_1,vector_add-67108864-128,1,vector_add,workload,cuda,gpu_board
2026-09-23T02:43:09.709518+00:00,1790131389.709518,3582660.4564020094,0.039580583572387695,GPU-91e942dc-edbb-7f2a-9cea-167356bbd86a,NVIDIA H100 80GB HBM3,441.05,100.0,95.0,1980.0,2619.0,46.0,power_20260923T024053Z_7c7f5f05,power_20260923T024053Z_7c7f5f05_trial_1,vector_add-67108864-128,1,vector_add,workload,cuda,gpu_board
2026-09-23T02:43:09.948470+00:00,1790131389.9484696,3582660.6953438204,0.03790736198425293,GPU-91e942dc-edbb-7f2a-9cea-167356bbd86a,NVIDIA H100 80GB HBM3,441.01,100.0,95.0,1980.0,2619.0,46.0,power_20260923T024053Z_7c7f5f05,power_20260923T024053Z_7c7f5f05_trial_1,vector_add-67108864-128,1,vector_add,workload,cuda,gpu_board
2026-09-23T02:43:10.186384+00:00,1790131390.1863837,3582660.933256069,0.037662506103515625,GPU-91e942dc-edbb-7f2a-9cea-167356bbd86a,NVIDIA H100 80GB HBM3,441.0,100.0,95.0,1980.0,2619.0,46.0,power_20260923T024053Z_7c7f5f05,power_20260923T024053Z_7c7f5f05_trial_1,vector_add-67108864-128,1,vector_add,workload,cuda,gpu_board
2026-09-23T02:43:10.450432+00:00,1790131390.4504323,3582661.1973090703,0.09020400047302246,GPU-91e942dc-edbb-7f2a-9cea-167356bbd86a,NVIDIA H100 80GB HBM3,440.98,100.0,95.0,1980.0,2619.0,46.0,power_20260923T024053Z_7c7f5f05,power_20260923T024053Z_7c7f5f05_trial_1,vector_add-67108864-128,1,vector_add,workload,cuda,gpu_board
2026-09-23T02:43:10.713272+00:00,1790131390.7132723,3582661.460145935,0.03516864776611328,GPU-91e942dc-edbb-7f2a-9cea-167356bbd86a,NVIDIA H100 80GB HBM3,441.06,100.0,95.0,1980.0,2619.0,46.0,power_20260923T024053Z_7c7f5f05,power_20260923T024053Z_7c7f5f05_trial_1,vector_add-67108864-128,1,vector_add,workload,cuda,gpu_board
2026-09-23T02:43:10.949109+00:00,1790131390.9491086,3582661.695981466,0.03624582290649414,GPU-91e942dc-edbb-7f2a-9cea-167356bbd86a,NVIDIA H100 80GB HBM3,441.12,100.0,95.0,1980.0,2619.0,46.0,power_20260923T024053Z_7c7f5f05,power_20260923T024053Z_7c7f5f05_trial_1,vector_add-67108864-128,1,vector_add,workload,cuda,gpu_board
2026-09-23T02:43:11.184885+00:00,1790131391.1848853,3582661.9317564657,0.035068511962890625,GPU-91e942dc-edbb-7f2a-9cea-167356bbd86a,NVIDIA H100 80GB HBM3,441.17,100.0,95.0,1980.0,2619.0,46.0,power_20260923T024053Z_7c7f5f05,power_20260923T024053Z_7c7f5f05_trial_1,vector_add-67108864-128,1,vector_add,workload,cuda,gpu_board
2026-09-23T02:43:11.419992+00:00,1790131391.419992,3582662.1668627793,0.03492999076843262,GPU-91e942dc-edbb-7f2a-9cea-167356bbd86a,NVIDIA H100 80GB HBM3,441.3,100.0,95.0,1980.0,2619.0,46.0,power_20260923T024053Z_7c7f5f05,power_20260923T024053Z_7c7f5f05_trial_1,vector_add-67108864-128,1,vector_add,workload,cuda,gpu_board
2026-09-23T02:43:11.656001+00:00,1790131391.656001,3582662.4028773587,0.03683662414550781,GPU-91e942dc-edbb-7f2a-9cea-167356bbd86a,NVIDIA H100 80GB HBM3,441.45,100.0,95.0,1980.0,2619.0,46.0,power_20260923T024053Z_7c7f5f05,power_20260923T024053Z_7c7f5f05_trial_1,vector_add-67108864-128,1,vector_add,workload,cuda,gpu_board
2026-09-23T02:43:11.893350+00:00,1790131391.8933496,3582662.6402258454,0.03755545616149902,GPU-91e942dc-edbb-7f2a-9cea-167356bbd86a,NVIDIA H100 80GB HBM3,441.69,100.0,95.0,1980.0,2619.0,46.0,power_20260923T024053Z_7c7f5f05,power_20260923T024053Z_7c7f5f05_trial_1,vector_add-67108864-128,1,vector_add,workload,cuda,gpu_board
2026-09-23T02:43:12.130275+00:00,1790131392.1302748,3582662.8771469286,0.03601789474487305,GPU-91e942dc-edbb-7f2a-9cea-167356bbd86a,NVIDIA H100 80GB HBM3,441.99,100.0,95.0,1980.0,2619.0,46.0,power_20260923T024053Z_7c7f5f05,power_20260923T024053Z_7c7f5f05_trial_1,vector_add-67108864-128,1,vector_add,workload,cuda,gpu_board
2026-09-23T02:43:12.367218+00:00,1790131392.3672175,3582663.114098477,0.037624359130859375,GPU-91e942dc-edbb-7f2a-9cea-167356bbd86a,NVIDIA H100 80GB HBM3,442.17,100.0,95.0,1980.0,2619.0,46.0,power_20260923T024053Z_7c7f5f05,power_20260923T024053Z_7c7f5f05_trial_1,vector_add-67108864-128,1,vector_add,workload,cuda,gpu_board
2026-09-23T02:43:12.629352+00:00,1790131392.629352,3582663.376228368,0.08627033233642578,GPU-91e942dc-edbb-7f2a-9cea-167356bbd86a,NVIDIA H100 80GB HBM3,442.27,100.0,95.0,1980.0,2619.0,46.0,power_20260923T024053Z_7c7f5f05,power_20260923T024053Z_7c7f5f05_trial_1,vector_add-67108864-128,1,vector_add,workload,cuda,gpu_board
2026-09-23T02:43:12.889377+00:00,1790131392.889377,3582663.636254306,0.0334775447845459,GPU-91e942dc-edbb-7f2a-9cea-167356bbd86a,NVIDIA H100 80GB HBM3,442.26,100.0,95.0,1980.0,2619.0,46.0,power_20260923T024053Z_7c7f5f05,power_20260923T024053Z_7c7f5f05_trial_1,vector_add-67108864-128,1,vector_add,workload,cuda,gpu_board
2026-09-23T02:43:13.123352+00:00,1790131393.1233518,3582663.8702302584,0.03417158126831055,GPU-91e942dc-edbb-7f2a-9cea-167356bbd86a,NVIDIA H100 80GB HBM3,442.32,100.0,95.0,1980.0,2619.0,46.0,power_20260923T024053Z_7c7f5f05,power_20260923T024053Z_7c7f5f05_trial_1,vector_add-67108864-128,1,vector_add,workload,cuda,gpu_board
2026-09-23T02:43:13.357162+00:00,1790131393.357162,3582664.1040357426,0.03310966491699219,GPU-91e942dc-edbb-7f2a-9cea-167356bbd86a,NVIDIA H100 80GB HBM3,442.3,100.0,95.0,1980.0,2619.0,46.0,power_20260923T024053Z_7c7f5f05,power_20260923T024053Z_7c7f5f05_trial_1,vector_add-67108864-128,1,vector_add,workload,cuda,gpu_board
2026-09-23T02:43:13.589978+00:00,1790131393.5899785,3582664.3368513603,0.03226470947265625,GPU-91e942dc-edbb-7f2a-9cea-167356bbd86a,NVIDIA H100 80GB HBM3,442.34,100.0,95.0,1980.0,2619.0,46.0,power_20260923T024053Z_7c7f5f05,power_20260923T024053Z_7c7f5f05_trial_1,vector_add-67108864-128,1,vector_add,workload,cuda,gpu_board
2026-09-23T02:43:13.842876+00:00,1790131393.8428764,3582664.5897507817,0.07327580451965332,GPU-91e942dc-edbb-7f2a-9cea-167356bbd86a,NVIDIA H100 80GB HBM3,393.89,2.0,0.0,1980.0,2619.0,43.0,power_20260923T024053Z_7c7f5f05,power_20260923T024053Z_7c7f5f05_trial_1,vector_add-67108864-128,1,vector_add,workload,cuda,gpu_board
2026-09-23T02:43:14.094302+00:00,1790131394.0943022,3582664.8411777867,0.029305696487426758,GPU-91e942dc-edbb-7f2a-9cea-167356bbd86a,NVIDIA H100 80GB HBM3,340.8,0.0,0.0,1980.0,2619.0,42.0,power_20260923T024053Z_7c7f5f05,power_20260923T024053Z_7c7f5f05_trial_1,vector_add-67108864-256,1,vector_add,idle,cuda,gpu_board
2026-09-23T02:43:14.323360+00:00,1790131394.3233597,3582665.070232126,0.028537750244140625,GPU-91e942dc-edbb-7f2a-9cea-167356bbd86a,NVIDIA H100 80GB HBM3,255.82,0.0,0.0,1980.0,2619.0,41.0,power_20260923T024053Z_7c7f5f05,power_20260923T024053Z_7c7f5f05_trial_1,vector_add-67108864-256,1,vector_add,idle,cuda,gpu_board
2026-09-23T02:43:14.555294+00:00,1790131394.5552936,3582665.3021755572,0.0350954532623291,GPU-91e942dc-edbb-7f2a-9cea-167356bbd86a,NVIDIA H100 80GB HBM3,200.44,0.0,0.0,1980.0,2619.0,41.0,power_20260923T024053Z_7c7f5f05,power_20260923T024053Z_7c7f5f05_trial_1,vector_add-67108864-256,1,vector_add,idle,cuda,gpu_board
2026-09-23T02:43:14.797871+00:00,1790131394.797871,3582665.5447526732,0.04968523979187012,GPU-91e942dc-edbb-7f2a-9cea-167356bbd86a,NVIDIA H100 80GB HBM3,165.71,0.0,0.0,1980.0,2619.0,41.0,power_20260923T024053Z_7c7f5f05,power_20260923T024053Z_7c7f5f05_trial_1,vector_add-67108864-256,1,vector_add,idle,cuda,gpu_board
2026-09-23T02:43:15.041108+00:00,1790131395.041108,3582665.7879900276,0.03642702102661133,GPU-91e942dc-edbb-7f2a-9cea-167356bbd86a,NVIDIA H100 80GB HBM3,165.07,0.0,0.0,1980.0,2619.0,40.0,power_20260923T024053Z_7c7f5f05,power_20260923T024053Z_7c7f5f05_trial_1,vector_add-67108864-256,1,vector_add,idle,cuda,gpu_board
2026-09-23T02:43:15.295819+00:00,1790131395.2958188,3582666.0426961845,0.07261204719543457,GPU-91e942dc-edbb-7f2a-9cea-167356bbd86a,NVIDIA H100 80GB HBM3,164.72,0.0,0.0,1980.0,2619.0,40.0,power_20260923T024053Z_7c7f5f05,power_20260923T024053Z_7c7f5f05_trial_1,vector_add-67108864-256,1,vector_add,idle,cuda,gpu_board
2026-09-23T02:43:15.549917+00:00,1790131395.5499165,3582666.2967964155,0.03526735305786133,GPU-91e942dc-edbb-7f2a-9cea-167356bbd86a,NVIDIA H100 80GB HBM3,157.69,0.0,0.0,540.0,2619.0,39.0,power_20260923T024053Z_7c7f5f05,power_20260923T024053Z_7c7f5f05_trial_1,vector_add-67108864-256,1,vector_add,idle,cuda,gpu_board
2026-09-23T02:43:15.786016+00:00,1790131395.7860155,3582666.5328928297,0.036562204360961914,GPU-91e942dc-edbb-7f2a-9cea-167356bbd86a,NVIDIA H100 80GB HBM3,145.06,0.0,0.0,495.0,2619.0,39.0,power_20260923T024053Z_7c7f5f05,power_20260923T024053Z_7c7f5f05_trial_1,vector_add-67108864-256,1,vector_add,idle,cuda,gpu_board
2026-09-23T02:43:16.022367+00:00,1790131396.0223665,3582666.7692466127,0.035819292068481445,GPU-91e942dc-edbb-7f2a-9cea-167356bbd86a,NVIDIA H100 80GB HBM3,125.33,0.0,0.0,405.0,2619.0,38.0,power_20260923T024053Z_7c7f5f05,power_20260923T024053Z_7c7f5f05_trial_1,vector_add-67108864-256,1,vector_add,idle,cuda,gpu_board
2026-09-23T02:43:16.258860+00:00,1790131396.2588603,3582667.00573797,0.0368046760559082,GPU-91e942dc-edbb-7f2a-9cea-167356bbd86a,NVIDIA H100 80GB HBM3,112.39,0.0,0.0,375.0,2619.0,38.0,power_20260923T024053Z_7c7f5f05,power_20260923T024053Z_7c7f5f05_trial_1,vector_add-67108864-256,1,vector_add,idle,cuda,gpu_board
2026-09-23T02:43:16.494777+00:00,1790131396.4947772,3582667.2416570983,0.03470921516418457,GPU-91e942dc-edbb-7f2a-9cea-167356bbd86a,NVIDIA H100 80GB HBM3,100.53,0.0,0.0,345.0,2619.0,38.0,power_20260923T024053Z_7c7f5f05,power_20260923T024053Z_7c7f5f05_trial_1,vector_add-67108864-256,1,vector_add,idle,cuda,gpu_board
2026-09-23T02:43:16.728994+00:00,1790131396.7289944,3582667.4758700486,0.03336381912231445,GPU-91e942dc-edbb-7f2a-9cea-167356bbd86a,NVIDIA H100 80GB HBM3,99.21,0.0,0.0,345.0,2619.0,38.0,power_20260923T024053Z_7c7f5f05,power_20260923T024053Z_7c7f5f05_trial_1,vector_add-67108864-256,1,vector_add,idle,cuda,gpu_board
2026-09-23T02:43:16.962149+00:00,1790131396.962149,3582667.7090255637,0.03263378143310547,GPU-91e942dc-edbb-7f2a-9cea-167356bbd86a,NVIDIA H100 80GB HBM3,98.93,0.0,0.0,345.0,2619.0,38.0,power_20260923T024053Z_7c7f5f05,power_20260923T024053Z_7c7f5f05_trial_1,vector_add-67108864-256,1,vector_add,idle,cuda,gpu_board
2026-09-23T02:43:17.194419+00:00,1790131397.1944194,3582667.9412946682,0.03160548210144043,GPU-91e942dc-edbb-7f2a-9cea-167356bbd86a,NVIDIA H100 80GB HBM3,98.76,0.0,0.0,345.0,2619.0,38.0,power_20260923T024053Z_7c7f5f05,power_20260923T024053Z_7c7f5f05_trial_1,vector_add-67108864-256,1,vector_add,idle,cuda,gpu_board
2026-09-23T02:43:17.432986+00:00,1790131397.432986,3582668.179864091,0.045248985290527344,GPU-91e942dc-edbb-7f2a-9cea-167356bbd86a,NVIDIA H100 80GB HBM3,98.61,0.0,0.0,345.0,2619.0,37.0,power_20260923T024053Z_7c7f5f05,power_20260923T024053Z_7c7f5f05_trial_1,vector_add-67108864-256,1,vector_add,idle,cuda,gpu_board
2026-09-23T02:43:17.672217+00:00,1790131397.6722167,3582668.4190907995,0.032898902893066406,GPU-91e942dc-edbb-7f2a-9cea-167356bbd86a,NVIDIA H100 80GB HBM3,98.59,0.0,0.0,345.0,2619.0,37.0,power_20260923T024053Z_7c7f5f05,power_20260923T024053Z_7c7f5f05_trial_1,vector_add-67108864-256,1,vector_add,idle,cuda,gpu_board
2026-09-23T02:43:17.904544+00:00,1790131397.9045439,3582668.6514172563,0.03150153160095215,GPU-91e942dc-edbb-7f2a-9cea-167356bbd86a,NVIDIA H100 80GB HBM3,98.6,0.0,0.0,345.0,2619.0,37.0,power_20260923T024053Z_7c7f5f05,power_20260923T024053Z_7c7f5f05_trial_1,vector_add-67108864-256,1,vector_add,idle,cuda,gpu_board
2026-09-23T02:43:18.136024+00:00,1790131398.1360235,3582668.8828959633,0.03121209144592285,GPU-91e942dc-edbb-7f2a-9cea-167356bbd86a,NVIDIA H100 80GB HBM3,98.52,0.0,0.0,345.0,2619.0,37.0,power_20260923T024053Z_7c7f5f05,power_20260923T024053Z_7c7f5f05_trial_1,vector_add-67108864-256,1,vector_add,workload,cuda,gpu_board
2026-09-23T02:43:18.431354+00:00,1790131398.4313536,3582669.178225413,0.15921545028686523,GPU-91e942dc-edbb-7f2a-9cea-167356bbd86a,NVIDIA H100 80GB HBM3,98.55,0.0,0.0,345.0,2619.0,37.0,power_20260923T024053Z_7c7f5f05,power_20260923T024053Z_7c7f5f05_trial_1,vector_add-67108864-256,1,vector_add,workload,cuda,gpu_board
2026-09-23T02:43:18.731181+00:00,1790131398.7311807,3582669.47806501,0.04018068313598633,GPU-91e942dc-edbb-7f2a-9cea-167356bbd86a,NVIDIA H100 80GB HBM3,105.22,0.0,0.0,1980.0,2619.0,38.0,power_20260923T024053Z_7c7f5f05,power_20260923T024053Z_7c7f5f05_trial_1,vector_add-67108864-256,1,vector_add,workload,cuda,gpu_board
2026-09-23T02:43:18.990479+00:00,1790131398.9904792,3582669.7373539377,0.0780177116394043,GPU-91e942dc-edbb-7f2a-9cea-167356bbd86a,NVIDIA H100 80GB HBM3,182.84,70.0,65.0,1980.0,2619.0,42.0,power_20260923T024053Z_7c7f5f05,power_20260923T024053Z_7c7f5f05_trial_1,vector_add-67108864-256,1,vector_add,workload,cuda,gpu_board
2026-09-23T02:43:19.248639+00:00,1790131399.2486386,3582669.9955175635,0.038039445877075195,GPU-91e942dc-edbb-7f2a-9cea-167356bbd86a,NVIDIA H100 80GB HBM3,289.09,100.0,100.0,1980.0,2619.0,43.0,power_20260923T024053Z_7c7f5f05,power_20260923T024053Z_7c7f5f05_trial_1,vector_add-67108864-256,1,vector_add,workload,cuda,gpu_board
2026-09-23T02:43:19.495151+00:00,1790131399.495151,3582670.242029118,0.05462026596069336,GPU-91e942dc-edbb-7f2a-9cea-167356bbd86a,NVIDIA H100 80GB HBM3,360.11,100.0,100.0,1980.0,2619.0,43.0,power_20260923T024053Z_7c7f5f05,power_20260923T024053Z_7c7f5f05_trial_1,vector_add-67108864-256,1,vector_add,workload,cuda,gpu_board
2026-09-23T02:43:19.741895+00:00,1790131399.7418952,3582670.4887753427,0.03854727745056152,GPU-91e942dc-edbb-7f2a-9cea-167356bbd86a,NVIDIA H100 80GB HBM3,455.24,100.0,100.0,1980.0,2619.0,44.0,power_20260923T024053Z_7c7f5f05,power_20260923T024053Z_7c7f5f05_trial_1,vector_add-67108864-256,1,vector_add,workload,cuda,gpu_board
2026-09-23T02:43:19.980728+00:00,1790131399.9807281,3582670.7276076693,0.038771867752075195,GPU-91e942dc-edbb-7f2a-9cea-167356bbd86a,NVIDIA H100 80GB HBM3,460.72,100.0,100.0,1980.0,2619.0,44.0,power_20260923T024053Z_7c7f5f05,power_20260923T024053Z_7c7f5f05_trial_1,vector_add-67108864-256,1,vector_add,workload,cuda,gpu_board
2026-09-23T02:43:20.218802+00:00,1790131400.2188025,3582670.9656761456,0.03705549240112305,GPU-91e942dc-edbb-7f2a-9cea-167356bbd86a,NVIDIA H100 80GB HBM3,461.22,100.0,100.0,1980.0,2619.0,44.0,power_20260923T024053Z_7c7f5f05,power_20260923T024053Z_7c7f5f05_trial_1,vector_add-67108864-256,1,vector_add,workload,cuda,gpu_board
2026-09-23T02:43:20.455255+00:00,1790131400.4552546,3582671.202127612,0.0355982780456543,GPU-91e942dc-edbb-7f2a-9cea-167356bbd86a,NVIDIA H100 80GB HBM3,461.66,100.0,100.0,1980.0,2619.0,45.0,power_20260923T024053Z_7c7f5f05,power_20260923T024053Z_7c7f5f05_trial_1,vector_add-67108864-256,1,vector_add,workload,cuda,gpu_board
2026-09-23T02:43:20.692109+00:00,1790131400.692109,3582671.438985545,0.03787040710449219,GPU-91e942dc-edbb-7f2a-9cea-167356bbd86a,NVIDIA H100 80GB HBM3,461.89,100.0,100.0,1980.0,2619.0,45.0,power_20260923T024053Z_7c7f5f05,power_20260923T024053Z_7c7f5f05_trial_1,vector_add-67108864-256,1,vector_add,workload,cuda,gpu_board
2026-09-23T02:43:20.931785+00:00,1790131400.9317846,3582671.678666258,0.04117274284362793,GPU-91e942dc-edbb-7f2a-9cea-167356bbd86a,NVIDIA H100 80GB HBM3,462.07,100.0,100.0,1980.0,2619.0,45.0,power_20260923T024053Z_7c7f5f05,power_20260923T024053Z_7c7f5f05_trial_1,vector_add-67108864-256,1,vector_add,workload,cuda,gpu_board
2026-09-23T02:43:21.171618+00:00,1790131401.1716175,3582671.9184923423,0.03812003135681152,GPU-91e942dc-edbb-7f2a-9cea-167356bbd86a,NVIDIA H100 80GB HBM3,462.33,100.0,100.0,1980.0,2619.0,45.0,power_20260923T024053Z_7c7f5f05,power_20260923T024053Z_7c7f5f05_trial_1,vector_add-67108864-256,1,vector_add,workload,cuda,gpu_board
2026-09-23T02:43:21.409670+00:00,1790131401.4096699,3582672.156545505,0.037703752517700195,GPU-91e942dc-edbb-7f2a-9cea-167356bbd86a,NVIDIA H100 80GB HBM3,462.5,100.0,100.0,1980.0,2619.0,45.0,power_20260923T024053Z_7c7f5f05,power_20260923T024053Z_7c7f5f05_trial_1,vector_add-67108864-256,1,vector_add,workload,cuda,gpu_board
2026-09-23T02:43:21.647892+00:00,1790131401.6478915,3582672.3947670367,0.03844571113586426,GPU-91e942dc-edbb-7f2a-9cea-167356bbd86a,NVIDIA H100 80GB HBM3,462.74,100.0,100.0,1980.0,2619.0,45.0,power_20260923T024053Z_7c7f5f05,power_20260923T024053Z_7c7f5f05_trial_1,vector_add-67108864-256,1,vector_add,workload,cuda,gpu_board
2026-09-23T02:43:21.896919+00:00,1790131401.896919,3582672.6438006638,0.059320926666259766,GPU-91e942dc-edbb-7f2a-9cea-167356bbd86a,NVIDIA H100 80GB HBM3,462.89,100.0,100.0,1980.0,2619.0,45.0,power_20260923T024053Z_7c7f5f05,power_20260923T024053Z_7c7f5f05_trial_1,vector_add-67108864-256,1,vector_add,workload,cuda,gpu_board
2026-09-23T02:43:22.146770+00:00,1790131402.1467705,3582672.8936506268,0.03997683525085449,GPU-91e942dc-edbb-7f2a-9cea-167356bbd86a,NVIDIA H100 80GB HBM3,463.08,100.0,100.0,1980.0,2619.0,45.0,power_20260923T024053Z_7c7f5f05,power_20260923T024053Z_7c7f5f05_trial_1,vector_add-67108864-256,1,vector_add,workload,cuda,gpu_board
2026-09-23T02:43:22.385619+00:00,1790131402.3856192,3582673.1324940594,0.037384986877441406,GPU-91e942dc-edbb-7f2a-9cea-167356bbd86a,NVIDIA H100 80GB HBM3,463.16,100.0,100.0,1980.0,2619.0,45.0,power_20260923T024053Z_7c7f5f05,power_20260923T024053Z_7c7f5f05_trial_1,vector_add-67108864-256,1,vector_add,workload,cuda,gpu_board
2026-09-23T02:43:22.622281+00:00,1790131402.622281,3582673.369154177,0.03567242622375488,GPU-91e942dc-edbb-7f2a-9cea-167356bbd86a,NVIDIA H100 80GB HBM3,463.23,100.0,100.0,1980.0,2619.0,46.0,power_20260923T024053Z_7c7f5f05,power_20260923T024053Z_7c7f5f05_trial_1,vector_add-67108864-256,1,vector_add,workload,cuda,gpu_board
2026-09-23T02:43:22.858084+00:00,1790131402.8580837,3582673.6049558725,0.035692453384399414,GPU-91e942dc-edbb-7f2a-9cea-167356bbd86a,NVIDIA H100 80GB HBM3,463.36,100.0,100.0,1980.0,2619.0,46.0,power_20260923T024053Z_7c7f5f05,power_20260923T024053Z_7c7f5f05_trial_1,vector_add-67108864-256,1,vector_add,workload,cuda,gpu_board
2026-09-23T02:43:23.095488+00:00,1790131403.0954883,3582673.842362807,0.03887796401977539,GPU-91e942dc-edbb-7f2a-9cea-167356bbd86a,NVIDIA H100 80GB HBM3,463.46,100.0,100.0,1980.0,2619.0,46.0,power_20260923T024053Z_7c7f5f05,power_20260923T024053Z_7c7f5f05_trial_1,vector_add-67108864-256,1,vector_add,workload,cuda,gpu_board
2026-09-23T02:43:23.333560+00:00,1790131403.33356,3582674.080431736,0.03699994087219238,GPU-91e942dc-edbb-7f2a-9cea-167356bbd86a,NVIDIA H100 80GB HBM3,463.51,100.0,100.0,1980.0,2619.0,46.0,power_20260923T024053Z_7c7f5f05,power_20260923T024053Z_7c7f5f05_trial_1,vector_add-67108864-256,1,vector_add,workload,cuda,gpu_board
2026-09-23T02:43:23.570930+00:00,1790131403.57093,3582674.3178016264,0.03751540184020996,GPU-91e942dc-edbb-7f2a-9cea-167356bbd86a,NVIDIA H100 80GB HBM3,463.76,100.0,100.0,1980.0,2619.0,46.0,power_20260923T024053Z_7c7f5f05,power_20260923T024053Z_7c7f5f05_trial_1,vector_add-67108864-256,1,vector_add,workload,cuda,gpu_board
2026-09-23T02:43:23.810004+00:00,1790131403.8100045,3582674.5568756172,0.04041624069213867,GPU-91e942dc-edbb-7f2a-9cea-167356bbd86a,NVIDIA H100 80GB HBM3,464.06,100.0,100.0,1980.0,2619.0,46.0,power_20260923T024053Z_7c7f5f05,power_20260923T024053Z_7c7f5f05_trial_1,vector_add-67108864-256,1,vector_add,workload,cuda,gpu_board
2026-09-23T02:43:24.059928+00:00,1790131404.059928,3582674.8067996902,0.0592191219329834,GPU-91e942dc-edbb-7f2a-9cea-167356bbd86a,NVIDIA H100 80GB HBM3,464.44,100.0,100.0,1980.0,2619.0,46.0,power_20260923T024053Z_7c7f5f05,power_20260923T024053Z_7c7f5f05_trial_1,vector_add-67108864-256,1,vector_add,workload,cuda,gpu_board
2026-09-23T02:43:24.308520+00:00,1790131404.3085198,3582675.055390837,0.03774428367614746,GPU-91e942dc-edbb-7f2a-9cea-167356bbd86a,NVIDIA H100 80GB HBM3,464.77,100.0,100.0,1980.0,2619.0,46.0,power_20260923T024053Z_7c7f5f05,power_20260923T024053Z_7c7f5f05_trial_1,vector_add-67108864-256,1,vector_add,workload,cuda,gpu_board
2026-09-23T02:43:24.546274+00:00,1790131404.5462737,3582675.2931443322,0.0375521183013916,GPU-91e942dc-edbb-7f2a-9cea-167356bbd86a,NVIDIA H100 80GB HBM3,465.15,100.0,100.0,1980.0,2619.0,46.0,power_20260923T024053Z_7c7f5f05,power_20260923T024053Z_7c7f5f05_trial_1,vector_add-67108864-256,1,vector_add,workload,cuda,gpu_board
2026-09-23T02:43:24.784621+00:00,1790131404.7846208,3582675.531499651,0.03889274597167969,GPU-91e942dc-edbb-7f2a-9cea-167356bbd86a,NVIDIA H100 80GB HBM3,465.29,100.0,100.0,1980.0,2619.0,46.0,power_20260923T024053Z_7c7f5f05,power_20260923T024053Z_7c7f5f05_trial_1,vector_add-67108864-256,1,vector_add,workload,cuda,gpu_board
2026-09-23T02:43:25.022526+00:00,1790131405.0225258,3582675.769398039,0.03657650947570801,GPU-91e942dc-edbb-7f2a-9cea-167356bbd86a,NVIDIA H100 80GB HBM3,465.4,100.0,100.0,1980.0,2619.0,46.0,power_20260923T024053Z_7c7f5f05,power_20260923T024053Z_7c7f5f05_trial_1,vector_add-67108864-256,1,vector_add,workload,cuda,gpu_board
2026-09-23T02:43:25.260075+00:00,1790131405.260075,3582676.006946853,0.03829073905944824,GPU-91e942dc-edbb-7f2a-9cea-167356bbd86a,NVIDIA H100 80GB HBM3,465.57,100.0,100.0,1980.0,2619.0,46.0,power_20260923T024053Z_7c7f5f05,power_20260923T024053Z_7c7f5f05_trial_1,vector_add-67108864-256,1,vector_add,workload,cuda,gpu_board
2026-09-23T02:43:25.498276+00:00,1790131405.4982758,3582676.245147157,0.03787970542907715,GPU-91e942dc-edbb-7f2a-9cea-167356bbd86a,NVIDIA H100 80GB HBM3,465.59,100.0,100.0,1980.0,2619.0,46.0,power_20260923T024053Z_7c7f5f05,power_20260923T024053Z_7c7f5f05_trial_1,vector_add-67108864-256,1,vector_add,workload,cuda,gpu_board
2026-09-23T02:43:25.736793+00:00,1790131405.736793,3582676.4836737136,0.03893399238586426,GPU-91e942dc-edbb-7f2a-9cea-167356bbd86a,NVIDIA H100 80GB HBM3,465.67,100.0,100.0,1980.0,2619.0,46.0,power_20260923T024053Z_7c7f5f05,power_20260923T024053Z_7c7f5f05_trial_1,vector_add-67108864-256,1,vector_add,workload,cuda,gpu_board
2026-09-23T02:43:25.974027+00:00,1790131405.9740272,3582676.720904036,0.03515791893005371,GPU-91e942dc-edbb-7f2a-9cea-167356bbd86a,NVIDIA H100 80GB HBM3,465.71,100.0,100.0,1980.0,2619.0,47.0,power_20260923T024053Z_7c7f5f05,power_20260923T024053Z_7c7f5f05_trial_1,vector_add-67108864-256,1,vector_add,workload,cuda,gpu_board
2026-09-23T02:43:26.208995+00:00,1790131406.2089949,3582676.955869346,0.03446841239929199,GPU-91e942dc-edbb-7f2a-9cea-167356bbd86a,NVIDIA H100 80GB HBM3,465.76,100.0,100.0,1980.0,2619.0,47.0,power_20260923T024053Z_7c7f5f05,power_20260923T024053Z_7c7f5f05_trial_1,vector_add-67108864-256,1,vector_add,workload,cuda,gpu_board
2026-09-23T02:43:26.443554+00:00,1790131406.4435544,3582677.190426463,0.03438687324523926,GPU-91e942dc-edbb-7f2a-9cea-167356bbd86a,NVIDIA H100 80GB HBM3,465.87,100.0,100.0,1980.0,2619.0,47.0,power_20260923T024053Z_7c7f5f05,power_20260923T024053Z_7c7f5f05_trial_1,vector_add-67108864-256,1,vector_add,workload,cuda,gpu_board
2026-09-23T02:43:26.678408+00:00,1790131406.6784081,3582677.4252802506,0.03509163856506348,GPU-91e942dc-edbb-7f2a-9cea-167356bbd86a,NVIDIA H100 80GB HBM3,465.93,100.0,100.0,1980.0,2619.0,47.0,power_20260923T024053Z_7c7f5f05,power_20260923T024053Z_7c7f5f05_trial_1,vector_add-67108864-256,1,vector_add,workload,cuda,gpu_board
2026-09-23T02:43:26.914505+00:00,1790131406.914505,3582677.661376166,0.03687095642089844,GPU-91e942dc-edbb-7f2a-9cea-167356bbd86a,NVIDIA H100 80GB HBM3,466.02,100.0,100.0,1980.0,2619.0,47.0,power_20260923T024053Z_7c7f5f05,power_20260923T024053Z_7c7f5f05_trial_1,vector_add-67108864-256,1,vector_add,workload,cuda,gpu_board
2026-09-23T02:43:27.149824+00:00,1790131407.1498244,3582677.896695383,0.03354787826538086,GPU-91e942dc-edbb-7f2a-9cea-167356bbd86a,NVIDIA H100 80GB HBM3,466.12,100.0,100.0,1980.0,2619.0,47.0,power_20260923T024053Z_7c7f5f05,power_20260923T024053Z_7c7f5f05_trial_1,vector_add-67108864-256,1,vector_add,workload,cuda,gpu_board
2026-09-23T02:43:27.386644+00:00,1790131407.386644,3582678.1335236067,0.039879560470581055,GPU-91e942dc-edbb-7f2a-9cea-167356bbd86a,NVIDIA H100 80GB HBM3,466.19,100.0,100.0,1980.0,2619.0,47.0,power_20260923T024053Z_7c7f5f05,power_20260923T024053Z_7c7f5f05_trial_1,vector_add-67108864-256,1,vector_add,workload,cuda,gpu_board
2026-09-23T02:43:27.626458+00:00,1790131407.6264577,3582678.3733318965,0.03940773010253906,GPU-91e942dc-edbb-7f2a-9cea-167356bbd86a,NVIDIA H100 80GB HBM3,466.26,100.0,100.0,1980.0,2619.0,47.0,power_20260923T024053Z_7c7f5f05,power_20260923T024053Z_7c7f5f05_trial_1,vector_add-67108864-256,1,vector_add,workload,cuda,gpu_board
2026-09-23T02:43:27.864089+00:00,1790131407.864089,3582678.610961176,0.035587310791015625,GPU-91e942dc-edbb-7f2a-9cea-167356bbd86a,NVIDIA H100 80GB HBM3,466.31,100.0,100.0,1980.0,2619.0,47.0,power_20260923T024053Z_7c7f5f05,power_20260923T024053Z_7c7f5f05_trial_1,vector_add-67108864-256,1,vector_add,workload,cuda,gpu_board
2026-09-23T02:43:28.100502+00:00,1790131408.100502,3582678.8473736974,0.03701472282409668,GPU-91e942dc-edbb-7f2a-9cea-167356bbd86a,NVIDIA H100 80GB HBM3,466.34,100.0,100.0,1980.0,2619.0,47.0,power_20260923T024053Z_7c7f5f05,power_20260923T024053Z_7c7f5f05_trial_1,vector_add-67108864-256,1,vector_add,workload,cuda,gpu_board
2026-09-23T02:43:28.344532+00:00,1790131408.344532,3582679.091406801,0.05082511901855469,GPU-91e942dc-edbb-7f2a-9cea-167356bbd86a,NVIDIA H100 80GB HBM3,466.35,100.0,100.0,1980.0,2619.0,47.0,power_20260923T024053Z_7c7f5f05,power_20260923T024053Z_7c7f5f05_trial_1,vector_add-67108864-256,1,vector_add,workload,cuda,gpu_board
2026-09-23T02:43:28.589014+00:00,1790131408.5890138,3582679.3358876156,0.03785514831542969,GPU-91e942dc-edbb-7f2a-9cea-167356bbd86a,NVIDIA H100 80GB HBM3,466.4,100.0,100.0,1980.0,2619.0,47.0,power_20260923T024053Z_7c7f5f05,power_20260923T024053Z_7c7f5f05_trial_1,vector_add-67108864-256,1,vector_add,workload,cuda,gpu_board
2026-09-23T02:43:28.826436+00:00,1790131408.8264358,3582679.5733068017,0.036733150482177734,GPU-91e942dc-edbb-7f2a-9cea-167356bbd86a,NVIDIA H100 80GB HBM3,466.42,100.0,100.0,1980.0,2619.0,47.0,power_20260923T024053Z_7c7f5f05,power_20260923T024053Z_7c7f5f05_trial_1,vector_add-67108864-256,1,vector_add,workload,cuda,gpu_board
2026-09-23T02:43:29.062472+00:00,1790131409.062472,3582679.809342666,0.03512763977050781,GPU-91e942dc-edbb-7f2a-9cea-167356bbd86a,NVIDIA H100 80GB HBM3,466.48,100.0,100.0,1980.0,2619.0,47.0,power_20260923T024053Z_7c7f5f05,power_20260923T024053Z_7c7f5f05_trial_1,vector_add-67108864-256,1,vector_add,workload,cuda,gpu_board
2026-09-23T02:43:29.297958+00:00,1790131409.2979581,3582680.0448329393,0.03561878204345703,GPU-91e942dc-edbb-7f2a-9cea-167356bbd86a,NVIDIA H100 80GB HBM3,466.54,100.0,100.0,1980.0,2619.0,47.0,power_20260923T024053Z_7c7f5f05,power_20260923T024053Z_7c7f5f05_trial_1,vector_add-67108864-256,1,vector_add,workload,cuda,gpu_board
2026-09-23T02:43:29.534792+00:00,1790131409.5347924,3582680.2816659147,0.03778266906738281,GPU-91e942dc-edbb-7f2a-9cea-167356bbd86a,NVIDIA H100 80GB HBM3,466.6,100.0,100.0,1980.0,2619.0,47.0,power_20260923T024053Z_7c7f5f05,power_20260923T024053Z_7c7f5f05_trial_1,vector_add-67108864-256,1,vector_add,workload,cuda,gpu_board
2026-09-23T02:43:29.772436+00:00,1790131409.772436,3582680.5193130206,0.03719472885131836,GPU-91e942dc-edbb-7f2a-9cea-167356bbd86a,NVIDIA H100 80GB HBM3,466.67,100.0,100.0,1980.0,2619.0,47.0,power_20260923T024053Z_7c7f5f05,power_20260923T024053Z_7c7f5f05_trial_1,vector_add-67108864-256,1,vector_add,workload,cuda,gpu_board
2026-09-23T02:43:30.011389+00:00,1790131410.0113895,3582680.758266816,0.04040336608886719,GPU-91e942dc-edbb-7f2a-9cea-167356bbd86a,NVIDIA H100 80GB HBM3,466.67,100.0,100.0,1980.0,2619.0,47.0,power_20260923T024053Z_7c7f5f05,power_20260923T024053Z_7c7f5f05_trial_1,vector_add-67108864-256,1,vector_add,workload,cuda,gpu_board
2026-09-23T02:43:30.250422+00:00,1790131410.250422,3582680.997298537,0.03733325004577637,GPU-91e942dc-edbb-7f2a-9cea-167356bbd86a,NVIDIA H100 80GB HBM3,466.68,100.0,100.0,1980.0,2619.0,47.0,power_20260923T024053Z_7c7f5f05,power_20260923T024053Z_7c7f5f05_trial_1,vector_add-67108864-256,1,vector_add,workload,cuda,gpu_board
2026-09-23T02:43:30.487920+00:00,1790131410.4879203,3582681.2347965008,0.03734469413757324,GPU-91e942dc-edbb-7f2a-9cea-167356bbd86a,NVIDIA H100 80GB HBM3,466.73,100.0,100.0,1980.0,2619.0,47.0,power_20260923T024053Z_7c7f5f05,power_20260923T024053Z_7c7f5f05_trial_1,vector_add-67108864-256,1,vector_add,workload,cuda,gpu_board
2026-09-23T02:43:30.724424+00:00,1790131410.7244236,3582681.4712991277,0.03536224365234375,GPU-91e942dc-edbb-7f2a-9cea-167356bbd86a,NVIDIA H100 80GB HBM3,466.75,100.0,100.0,1980.0,2619.0,47.0,power_20260923T024053Z_7c7f5f05,power_20260923T024053Z_7c7f5f05_trial_1,vector_add-67108864-256,1,vector_add,workload,cuda,gpu_board
2026-09-23T02:43:30.961623+00:00,1790131410.961623,3582681.7085041143,0.03871774673461914,GPU-91e942dc-edbb-7f2a-9cea-167356bbd86a,NVIDIA H100 80GB HBM3,466.78,100.0,100.0,1980.0,2619.0,47.0,power_20260923T024053Z_7c7f5f05,power_20260923T024053Z_7c7f5f05_trial_1,vector_add-67108864-256,1,vector_add,workload,cuda,gpu_board
2026-09-23T02:43:31.200633+00:00,1790131411.200633,3582681.9475057498,0.038948774337768555,GPU-91e942dc-edbb-7f2a-9cea-167356bbd86a,NVIDIA H100 80GB HBM3,466.82,100.0,100.0,1980.0,2619.0,47.0,power_20260923T024053Z_7c7f5f05,power_20260923T024053Z_7c7f5f05_trial_1,vector_add-67108864-256,1,vector_add,workload,cuda,gpu_board
2026-09-23T02:43:31.438524+00:00,1790131411.4385245,3582682.185396199,0.036594390869140625,GPU-91e942dc-edbb-7f2a-9cea-167356bbd86a,NVIDIA H100 80GB HBM3,466.8,100.0,100.0,1980.0,2619.0,47.0,power_20260923T024053Z_7c7f5f05,power_20260923T024053Z_7c7f5f05_trial_1,vector_add-67108864-256,1,vector_add,workload,cuda,gpu_board
2026-09-23T02:43:31.675885+00:00,1790131411.6758847,3582682.4227652643,0.03790402412414551,GPU-91e942dc-edbb-7f2a-9cea-167356bbd86a,NVIDIA H100 80GB HBM3,466.81,100.0,100.0,1980.0,2619.0,47.0,power_20260923T024053Z_7c7f5f05,power_20260923T024053Z_7c7f5f05_trial_1,vector_add-67108864-256,1,vector_add,workload,cuda,gpu_board
2026-09-23T02:43:31.912793+00:00,1790131411.9127932,3582682.6596658602,0.03553581237792969,GPU-91e942dc-edbb-7f2a-9cea-167356bbd86a,NVIDIA H100 80GB HBM3,466.86,100.0,100.0,1980.0,2619.0,47.0,power_20260923T024053Z_7c7f5f05,power_20260923T024053Z_7c7f5f05_trial_1,vector_add-67108864-256,1,vector_add,workload,cuda,gpu_board
2026-09-23T02:43:32.149493+00:00,1790131412.1494932,3582682.8963665375,0.03760123252868652,GPU-91e942dc-edbb-7f2a-9cea-167356bbd86a,NVIDIA H100 80GB HBM3,466.86,100.0,100.0,1980.0,2619.0,48.0,power_20260923T024053Z_7c7f5f05,power_20260923T024053Z_7c7f5f05_trial_1,vector_add-67108864-256,1,vector_add,workload,cuda,gpu_board
2026-09-23T02:43:32.386320+00:00,1790131412.3863196,3582683.1331917006,0.03580665588378906,GPU-91e942dc-edbb-7f2a-9cea-167356bbd86a,NVIDIA H100 80GB HBM3,466.9,100.0,100.0,1980.0,2619.0,48.0,power_20260923T024053Z_7c7f5f05,power_20260923T024053Z_7c7f5f05_trial_1,vector_add-67108864-256,1,vector_add,workload,cuda,gpu_board
2026-09-23T02:43:32.624490+00:00,1790131412.6244903,3582683.371371571,0.04028964042663574,GPU-91e942dc-edbb-7f2a-9cea-167356bbd86a,NVIDIA H100 80GB HBM3,466.85,100.0,100.0,1980.0,2619.0,48.0,power_20260923T024053Z_7c7f5f05,power_20260923T024053Z_7c7f5f05_trial_1,vector_add-67108864-256,1,vector_add,workload,cuda,gpu_board
2026-09-23T02:43:32.863401+00:00,1790131412.8634014,3582683.610276454,0.03715777397155762,GPU-91e942dc-edbb-7f2a-9cea-167356bbd86a,NVIDIA H100 80GB HBM3,466.91,100.0,100.0,1980.0,2619.0,48.0,power_20260923T024053Z_7c7f5f05,power_20260923T024053Z_7c7f5f05_trial_1,vector_add-67108864-256,1,vector_add,workload,cuda,gpu_board
2026-09-23T02:43:33.099491+00:00,1790131413.0994911,3582683.8463626066,0.03473305702209473,GPU-91e942dc-edbb-7f2a-9cea-167356bbd86a,NVIDIA H100 80GB HBM3,466.89,100.0,100.0,1980.0,2619.0,48.0,power_20260923T024053Z_7c7f5f05,power_20260923T024053Z_7c7f5f05_trial_1,vector_add-67108864-256,1,vector_add,workload,cuda,gpu_board
2026-09-23T02:43:33.333625+00:00,1790131413.3336246,3582684.080495217,0.03331422805786133,GPU-91e942dc-edbb-7f2a-9cea-167356bbd86a,NVIDIA H100 80GB HBM3,466.96,100.0,100.0,1980.0,2619.0,48.0,power_20260923T024053Z_7c7f5f05,power_20260923T024053Z_7c7f5f05_trial_1,vector_add-67108864-256,1,vector_add,workload,cuda,gpu_board
2026-09-23T02:43:33.567614+00:00,1790131413.5676136,3582684.314484168,0.034455060958862305,GPU-91e942dc-edbb-7f2a-9cea-167356bbd86a,NVIDIA H100 80GB HBM3,467.03,100.0,100.0,1980.0,2619.0,48.0,power_20260923T024053Z_7c7f5f05,power_20260923T024053Z_7c7f5f05_trial_1,vector_add-67108864-256,1,vector_add,workload,cuda,gpu_board
2026-09-23T02:43:33.803421+00:00,1790131413.8034215,3582684.55030463,0.03692793846130371,GPU-91e942dc-edbb-7f2a-9cea-167356bbd86a,NVIDIA H100 80GB HBM3,464.17,100.0,100.0,1980.0,2619.0,48.0,power_20260923T024053Z_7c7f5f05,power_20260923T024053Z_7c7f5f05_trial_1,vector_add-67108864-256,1,vector_add,workload,cuda,gpu_board
2026-09-23T02:43:34.038561+00:00,1790131414.038561,3582684.7854405614,0.03294944763183594,GPU-91e942dc-edbb-7f2a-9cea-167356bbd86a,NVIDIA H100 80GB HBM3,406.05,70.0,59.0,1980.0,2619.0,44.0,power_20260923T024053Z_7c7f5f05,power_20260923T024053Z_7c7f5f05_trial_2,memcpy_bandwidth-67108864-256,2,memcpy_bandwidth,idle,cuda,gpu_board
2026-09-23T02:43:34.272595+00:00,1790131414.2725954,3582685.0194751616,0.03476738929748535,GPU-91e942dc-edbb-7f2a-9cea-167356bbd86a,NVIDIA H100 80GB HBM3,317.81,0.0,0.0,1980.0,2619.0,43.0,power_20260923T024053Z_7c7f5f05,power_20260923T024053Z_7c7f5f05_trial_2,memcpy_bandwidth-67108864-256,2,memcpy_bandwidth,idle,cuda,gpu_board
2026-09-23T02:43:34.506309+00:00,1790131414.5063086,3582685.2531864964,0.03231310844421387,GPU-91e942dc-edbb-7f2a-9cea-167356bbd86a,NVIDIA H100 80GB HBM3,254.66,0.0,0.0,1980.0,2619.0,42.0,power_20260923T024053Z_7c7f5f05,power_20260923T024053Z_7c7f5f05_trial_2,memcpy_bandwidth-67108864-256,2,memcpy_bandwidth,idle,cuda,gpu_board
2026-09-23T02:43:34.740238+00:00,1790131414.7402377,3582685.487118133,0.03516793251037598,GPU-91e942dc-edbb-7f2a-9cea-167356bbd86a,NVIDIA H100 80GB HBM3,199.81,0.0,0.0,1980.0,2619.0,42.0,power_20260923T024053Z_7c7f5f05,power_20260923T024053Z_7c7f5f05_trial_2,memcpy_bandwidth-67108864-256,2,memcpy_bandwidth,idle,cuda,gpu_board
2026-09-23T02:43:34.974218+00:00,1790131414.9742184,3582685.721098136,0.032448768615722656,GPU-91e942dc-edbb-7f2a-9cea-167356bbd86a,NVIDIA H100 80GB HBM3,166.49,0.0,0.0,1980.0,2619.0,42.0,power_20260923T024053Z_7c7f5f05,power_20260923T024053Z_7c7f5f05_trial_2,memcpy_bandwidth-67108864-256,2,memcpy_bandwidth,idle,cuda,gpu_board
2026-09-23T02:43:35.207617+00:00,1790131415.2076168,3582685.9544968987,0.033975839614868164,GPU-91e942dc-edbb-7f2a-9cea-167356bbd86a,NVIDIA H100 80GB HBM3,166.1,0.0,0.0,1980.0,2619.0,41.0,power_20260923T024053Z_7c7f5f05,power_20260923T024053Z_7c7f5f05_trial_2,memcpy_bandwidth-67108864-256,2,memcpy_bandwidth,idle,cuda,gpu_board
2026-09-23T02:43:35.441182+00:00,1790131415.4411817,3582686.1880601826,0.032813072204589844,GPU-91e942dc-edbb-7f2a-9cea-167356bbd86a,NVIDIA H100 80GB HBM3,165.84,0.0,0.0,1980.0,2619.0,41.0,power_20260923T024053Z_7c7f5f05,power_20260923T024053Z_7c7f5f05_trial_2,memcpy_bandwidth-67108864-256,2,memcpy_bandwidth,idle,cuda,gpu_board
2026-09-23T02:43:35.676605+00:00,1790131415.676605,3582686.4234822057,0.037695884704589844,GPU-91e942dc-edbb-7f2a-9cea-167356bbd86a,NVIDIA H100 80GB HBM3,161.86,0.0,0.0,405.0,2619.0,40.0,power_20260923T024053Z_7c7f5f05,power_20260923T024053Z_7c7f5f05_trial_2,memcpy_bandwidth-67108864-256,2,memcpy_bandwidth,idle,cuda,gpu_board
2026-09-23T02:43:35.913361+00:00,1790131415.9133606,3582686.66023973,0.03545784950256348,GPU-91e942dc-edbb-7f2a-9cea-167356bbd86a,NVIDIA H100 80GB HBM3,149.01,0.0,0.0,375.0,2619.0,40.0,power_20260923T024053Z_7c7f5f05,power_20260923T024053Z_7c7f5f05_trial_2,memcpy_bandwidth-67108864-256,2,memcpy_bandwidth,idle,cuda,gpu_board
2026-09-23T02:43:36.149609+00:00,1790131416.149609,3582686.89648818,0.03669118881225586,GPU-91e942dc-edbb-7f2a-9cea-167356bbd86a,NVIDIA H100 80GB HBM3,128.8,0.0,0.0,345.0,2619.0,39.0,power_20260923T024053Z_7c7f5f05,power_20260923T024053Z_7c7f5f05_trial_2,memcpy_bandwidth-67108864-256,2,memcpy_bandwidth,idle,cuda,gpu_board
2026-09-23T02:43:36.385428+00:00,1790131416.385428,3582687.132305567,0.03460383415222168,GPU-91e942dc-edbb-7f2a-9cea-167356bbd86a,NVIDIA H100 80GB HBM3,116.5,0.0,0.0,345.0,2619.0,39.0,power_20260923T024053Z_7c7f5f05,power_20260923T024053Z_7c7f5f05_trial_2,memcpy_bandwidth-67108864-256,2,memcpy_bandwidth,idle,cuda,gpu_board
2026-09-23T02:43:36.620589+00:00,1790131416.6205893,3582687.367466945,0.03539013862609863,GPU-91e942dc-edbb-7f2a-9cea-167356bbd86a,NVIDIA H100 80GB HBM3,102.32,0.0,0.0,345.0,2619.0,39.0,power_20260923T024053Z_7c7f5f05,power_20260923T024053Z_7c7f5f05_trial_2,memcpy_bandwidth-67108864-256,2,memcpy_bandwidth,idle,cuda,gpu_board
2026-09-23T02:43:36.855802+00:00,1790131416.8558016,3582687.6026761653,0.03467822074890137,GPU-91e942dc-edbb-7f2a-9cea-167356bbd86a,NVIDIA H100 80GB HBM3,99.23,0.0,0.0,345.0,2619.0,39.0,power_20260923T024053Z_7c7f5f05,power_20260923T024053Z_7c7f5f05_trial_2,memcpy_bandwidth-67108864-256,2,memcpy_bandwidth,idle,cuda,gpu_board
2026-09-23T02:43:37.091022+00:00,1790131417.0910225,3582687.837900807,0.035489797592163086,GPU-91e942dc-edbb-7f2a-9cea-167356bbd86a,NVIDIA H100 80GB HBM3,99.12,0.0,0.0,345.0,2619.0,39.0,power_20260923T024053Z_7c7f5f05,power_20260923T024053Z_7c7f5f05_trial_2,memcpy_bandwidth-67108864-256,2,memcpy_bandwidth,idle,cuda,gpu_board
2026-09-23T02:43:37.325916+00:00,1790131417.3259158,3582688.0727932085,0.03395342826843262,GPU-91e942dc-edbb-7f2a-9cea-167356bbd86a,NVIDIA H100 80GB HBM3,99.06,0.0,0.0,345.0,2619.0,38.0,power_20260923T024053Z_7c7f5f05,power_20260923T024053Z_7c7f5f05_trial_2,memcpy_bandwidth-67108864-256,2,memcpy_bandwidth,idle,cuda,gpu_board
2026-09-23T02:43:37.560510+00:00,1790131417.5605102,3582688.3073880756,0.03492999076843262,GPU-91e942dc-edbb-7f2a-9cea-167356bbd86a,NVIDIA H100 80GB HBM3,98.99,0.0,0.0,345.0,2619.0,38.0,power_20260923T024053Z_7c7f5f05,power_20260923T024053Z_7c7f5f05_trial_2,memcpy_bandwidth-67108864-256,2,memcpy_bandwidth,idle,cuda,gpu_board
2026-09-23T02:43:37.795321+00:00,1790131417.7953207,3582688.542195699,0.03432607650756836,GPU-91e942dc-edbb-7f2a-9cea-167356bbd86a,NVIDIA H100 80GB HBM3,98.93,0.0,0.0,345.0,2619.0,38.0,power_20260923T024053Z_7c7f5f05,power_20260923T024053Z_7c7f5f05_trial_2,memcpy_bandwidth-67108864-256,2,memcpy_bandwidth,idle,cuda,gpu_board
2026-09-23T02:43:38.029441+00:00,1790131418.029441,3582688.776316449,0.03363466262817383,GPU-91e942dc-edbb-7f2a-9cea-167356bbd86a,NVIDIA H100 80GB HBM3,98.88,0.0,0.0,345.0,2619.0,38.0,power_20260923T024053Z_7c7f5f05,power_20260923T024053Z_7c7f5f05_trial_2,memcpy_bandwidth-67108864-256,2,memcpy_bandwidth,workload,cuda,gpu_board
2026-09-23T02:43:38.387312+00:00,1790131418.387312,3582689.134187081,0.2818324565887451,GPU-91e942dc-edbb-7f2a-9cea-167356bbd86a,NVIDIA H100 80GB HBM3,98.84,0.0,0.0,345.0,2619.0,38.0,power_20260923T024053Z_7c7f5f05,power_20260923T024053Z_7c7f5f05_trial_2,memcpy_bandwidth-67108864-256,2,memcpy_bandwidth,workload,cuda,gpu_board
2026-09-23T02:43:38.745151+00:00,1790131418.7451513,3582689.492025007,0.0335688591003418,GPU-91e942dc-edbb-7f2a-9cea-167356bbd86a,NVIDIA H100 80GB HBM3,105.74,0.0,0.0,1980.0,2619.0,39.0,power_20260923T024053Z_7c7f5f05,power_20260923T024053Z_7c7f5f05_trial_2,memcpy_bandwidth-67108864-256,2,memcpy_bandwidth,workload,cuda,gpu_board
2026-09-23T02:43:38.979748+00:00,1790131418.9797475,3582689.7266200995,0.035372257232666016,GPU-91e942dc-edbb-7f2a-9cea-167356bbd86a,NVIDIA H100 80GB HBM3,181.1,72.0,59.0,1980.0,2619.0,42.0,power_20260923T024053Z_7c7f5f05,power_20260923T024053Z_7c7f5f05_trial_2,memcpy_bandwidth-67108864-256,2,memcpy_bandwidth,workload,cuda,gpu_board
2026-09-23T02:43:39.215295+00:00,1790131419.2152953,3582689.9621683005,0.035483598709106445,GPU-91e942dc-edbb-7f2a-9cea-167356bbd86a,NVIDIA H100 80GB HBM3,243.3,100.0,91.0,1980.0,2619.0,43.0,power_20260923T024053Z_7c7f5f05,power_20260923T024053Z_7c7f5f05_trial_2,memcpy_bandwidth-67108864-256,2,memcpy_bandwidth,workload,cuda,gpu_board
2026-09-23T02:43:39.450671+00:00,1790131419.4506712,3582690.197543986,0.035013675689697266,GPU-91e942dc-edbb-7f2a-9cea-167356bbd86a,NVIDIA H100 80GB HBM3,305.61,100.0,91.0,1980.0,2619.0,43.0,power_20260923T024053Z_7c7f5f05,power_20260923T024053Z_7c7f5f05_trial_2,memcpy_bandwidth-67108864-256,2,memcpy_bandwidth,workload,cuda,gpu_board
2026-09-23T02:43:39.687416+00:00,1790131419.6874156,3582690.4342985507,0.03822755813598633,GPU-91e942dc-edbb-7f2a-9cea-167356bbd86a,NVIDIA H100 80GB HBM3,393.56,100.0,91.0,1980.0,2619.0,44.0,power_20260923T024053Z_7c7f5f05,power_20260923T024053Z_7c7f5f05_trial_2,memcpy_bandwidth-67108864-256,2,memcpy_bandwidth,workload,cuda,gpu_board
2026-09-23T02:43:39.928917+00:00,1790131419.9289174,3582690.6757939793,0.044377803802490234,GPU-91e942dc-edbb-7f2a-9cea-167356bbd86a,NVIDIA H100 80GB HBM3,416.61,100.0,91.0,1980.0,2619.0,44.0,power_20260923T024053Z_7c7f5f05,power_20260923T024053Z_7c7f5f05_trial_2,memcpy_bandwidth-67108864-256,2,memcpy_bandwidth,workload,cuda,gpu_board
2026-09-23T02:43:40.169398+00:00,1790131420.169398,3582690.9162780577,0.036276817321777344,GPU-91e942dc-edbb-7f2a-9cea-167356bbd86a,NVIDIA H100 80GB HBM3,417.14,100.0,91.0,1980.0,2619.0,44.0,power_20260923T024053Z_7c7f5f05,power_20260923T024053Z_7c7f5f05_trial_2,memcpy_bandwidth-67108864-256,2,memcpy_bandwidth,workload,cuda,gpu_board
2026-09-23T02:43:40.405307+00:00,1790131420.4053073,3582691.152180271,0.03518486022949219,GPU-91e942dc-edbb-7f2a-9cea-167356bbd86a,NVIDIA H100 80GB HBM3,417.36,100.0,91.0,1980.0,2619.0,44.0,power_20260923T024053Z_7c7f5f05,power_20260923T024053Z_7c7f5f05_trial_2,memcpy_bandwidth-67108864-256,2,memcpy_bandwidth,workload,cuda,gpu_board
2026-09-23T02:43:40.640555+00:00,1790131420.6405554,3582691.387427566,0.03505134582519531,GPU-91e942dc-edbb-7f2a-9cea-167356bbd86a,NVIDIA H100 80GB HBM3,417.49,100.0,91.0,1980.0,2619.0,45.0,power_20260923T024053Z_7c7f5f05,power_20260923T024053Z_7c7f5f05_trial_2,memcpy_bandwidth-67108864-256,2,memcpy_bandwidth,workload,cuda,gpu_board
2026-09-23T02:43:40.875665+00:00,1790131420.8756652,3582691.6225409852,0.03491830825805664,GPU-91e942dc-edbb-7f2a-9cea-167356bbd86a,NVIDIA H100 80GB HBM3,417.61,100.0,91.0,1980.0,2619.0,45.0,power_20260923T024053Z_7c7f5f05,power_20260923T024053Z_7c7f5f05_trial_2,memcpy_bandwidth-67108864-256,2,memcpy_bandwidth,workload,cuda,gpu_board
2026-09-23T02:43:41.110832+00:00,1790131421.1108325,3582691.857706299,0.03514432907104492,GPU-91e942dc-edbb-7f2a-9cea-167356bbd86a,NVIDIA H100 80GB HBM3,417.67,100.0,91.0,1980.0,2619.0,45.0,power_20260923T024053Z_7c7f5f05,power_20260923T024053Z_7c7f5f05_trial_2,memcpy_bandwidth-67108864-256,2,memcpy_bandwidth,workload,cuda,gpu_board
2026-09-23T02:43:41.346642+00:00,1790131421.3466415,3582692.093513294,0.03622603416442871,GPU-91e942dc-edbb-7f2a-9cea-167356bbd86a,NVIDIA H100 80GB HBM3,417.74,100.0,91.0,1980.0,2619.0,45.0,power_20260923T024053Z_7c7f5f05,power_20260923T024053Z_7c7f5f05_trial_2,memcpy_bandwidth-67108864-256,2,memcpy_bandwidth,workload,cuda,gpu_board
2026-09-23T02:43:41.582823+00:00,1790131421.5828226,3582692.3296952667,0.035902976989746094,GPU-91e942dc-edbb-7f2a-9cea-167356bbd86a,NVIDIA H100 80GB HBM3,417.94,100.0,91.0,1980.0,2619.0,45.0,power_20260923T024053Z_7c7f5f05,power_20260923T024053Z_7c7f5f05_trial_2,memcpy_bandwidth-67108864-256,2,memcpy_bandwidth,workload,cuda,gpu_board
2026-09-23T02:43:41.817115+00:00,1790131421.8171148,3582692.5639862265,0.032445430755615234,GPU-91e942dc-edbb-7f2a-9cea-167356bbd86a,NVIDIA H100 80GB HBM3,418.09,100.0,91.0,1980.0,2619.0,45.0,power_20260923T024053Z_7c7f5f05,power_20260923T024053Z_7c7f5f05_trial_2,memcpy_bandwidth-67108864-256,2,memcpy_bandwidth,workload,cuda,gpu_board
2026-09-23T02:43:42.049357+00:00,1790131422.0493574,3582692.7962285266,0.03182530403137207,GPU-91e942dc-edbb-7f2a-9cea-167356bbd86a,NVIDIA H100 80GB HBM3,418.22,100.0,91.0,1980.0,2619.0,45.0,power_20260923T024053Z_7c7f5f05,power_20260923T024053Z_7c7f5f05_trial_2,memcpy_bandwidth-67108864-256,2,memcpy_bandwidth,workload,cuda,gpu_board
2026-09-23T02:43:42.281624+00:00,1790131422.2816243,3582693.0284952223,0.03249311447143555,GPU-91e942dc-edbb-7f2a-9cea-167356bbd86a,NVIDIA H100 80GB HBM3,418.45,100.0,91.0,1980.0,2619.0,45.0,power_20260923T024053Z_7c7f5f05,power_20260923T024053Z_7c7f5f05_trial_2,memcpy_bandwidth-67108864-256,2,memcpy_bandwidth,workload,cuda,gpu_board
2026-09-23T02:43:42.514506+00:00,1790131422.5145059,3582693.261376883,0.03305935859680176,GPU-91e942dc-edbb-7f2a-9cea-167356bbd86a,NVIDIA H100 80GB HBM3,418.52,100.0,91.0,1980.0,2619.0,45.0,power_20260923T024053Z_7c7f5f05,power_20260923T024053Z_7c7f5f05_trial_2,memcpy_bandwidth-67108864-256,2,memcpy_bandwidth,workload,cuda,gpu_board
2026-09-23T02:43:42.747793+00:00,1790131422.7477927,3582693.494664233,0.03329277038574219,GPU-91e942dc-edbb-7f2a-9cea-167356bbd86a,NVIDIA H100 80GB HBM3,418.52,100.0,91.0,1980.0,2619.0,45.0,power_20260923T024053Z_7c7f5f05,power_20260923T024053Z_7c7f5f05_trial_2,memcpy_bandwidth-67108864-256,2,memcpy_bandwidth,workload,cuda,gpu_board
2026-09-23T02:43:42.980457+00:00,1790131422.980457,3582693.7273280118,0.03181266784667969,GPU-91e942dc-edbb-7f2a-9cea-167356bbd86a,NVIDIA H100 80GB HBM3,418.61,100.0,91.0,1980.0,2619.0,45.0,power_20260923T024053Z_7c7f5f05,power_20260923T024053Z_7c7f5f05_trial_2,memcpy_bandwidth-67108864-256,2,memcpy_bandwidth,workload,cuda,gpu_board
2026-09-23T02:43:43.212397+00:00,1790131423.2123966,3582693.95926713,0.03184962272644043,GPU-91e942dc-edbb-7f2a-9cea-167356bbd86a,NVIDIA H100 80GB HBM3,418.64,100.0,91.0,1980.0,2619.0,45.0,power_20260923T024053Z_7c7f5f05,power_20260923T024053Z_7c7f5f05_trial_2,memcpy_bandwidth-67108864-256,2,memcpy_bandwidth,workload,cuda,gpu_board
2026-09-23T02:43:43.444171+00:00,1790131423.4441714,3582694.191041529,0.03148841857910156,GPU-91e942dc-edbb-7f2a-9cea-167356bbd86a,NVIDIA H100 80GB HBM3,418.62,100.0,91.0,1980.0,2619.0,45.0,power_20260923T024053Z_7c7f5f05,power_20260923T024053Z_7c7f5f05_trial_2,memcpy_bandwidth-67108864-256,2,memcpy_bandwidth,workload,cuda,gpu_board
2026-09-23T02:43:43.675698+00:00,1790131423.6756976,3582694.42256782,0.03136491775512695,GPU-91e942dc-edbb-7f2a-9cea-167356bbd86a,NVIDIA H100 80GB HBM3,418.64,100.0,91.0,1980.0,2619.0,45.0,power_20260923T024053Z_7c7f5f05,power_20260923T024053Z_7c7f5f05_trial_2,memcpy_bandwidth-67108864-256,2,memcpy_bandwidth,workload,cuda,gpu_board
2026-09-23T02:43:43.907218+00:00,1790131423.9072185,3582694.6540888334,0.0314784049987793,GPU-91e942dc-edbb-7f2a-9cea-167356bbd86a,NVIDIA H100 80GB HBM3,418.52,100.0,91.0,1980.0,2619.0,45.0,power_20260923T024053Z_7c7f5f05,power_20260923T024053Z_7c7f5f05_trial_2,memcpy_bandwidth-67108864-256,2,memcpy_bandwidth,workload,cuda,gpu_board
2026-09-23T02:43:44.138548+00:00,1790131424.138548,3582694.8854191056,0.03098130226135254,GPU-91e942dc-edbb-7f2a-9cea-167356bbd86a,NVIDIA H100 80GB HBM3,418.48,100.0,91.0,1980.0,2619.0,45.0,power_20260923T024053Z_7c7f5f05,power_20260923T024053Z_7c7f5f05_trial_2,memcpy_bandwidth-67108864-256,2,memcpy_bandwidth,workload,cuda,gpu_board
2026-09-23T02:43:44.369809+00:00,1790131424.3698087,3582695.1166824833,0.03131890296936035,GPU-91e942dc-edbb-7f2a-9cea-167356bbd86a,NVIDIA H100 80GB HBM3,418.47,100.0,91.0,1980.0,2619.0,45.0,power_20260923T024053Z_7c7f5f05,power_20260923T024053Z_7c7f5f05_trial_2,memcpy_bandwidth-67108864-256,2,memcpy_bandwidth,workload,cuda,gpu_board
2026-09-23T02:43:44.602160+00:00,1790131424.6021595,3582695.349030235,0.03314208984375,GPU-91e942dc-edbb-7f2a-9cea-167356bbd86a,NVIDIA H100 80GB HBM3,418.55,100.0,91.0,1980.0,2619.0,45.0,power_20260923T024053Z_7c7f5f05,power_20260923T024053Z_7c7f5f05_trial_2,memcpy_bandwidth-67108864-256,2,memcpy_bandwidth,workload,cuda,gpu_board
2026-09-23T02:43:44.836319+00:00,1790131424.8363192,3582695.583195654,0.034923553466796875,GPU-91e942dc-edbb-7f2a-9cea-167356bbd86a,NVIDIA H100 80GB HBM3,418.59,100.0,91.0,1980.0,2619.0,45.0,power_20260923T024053Z_7c7f5f05,power_20260923T024053Z_7c7f5f05_trial_2,memcpy_bandwidth-67108864-256,2,memcpy_bandwidth,workload,cuda,gpu_board
2026-09-23T02:43:45.070851+00:00,1790131425.0708506,3582695.8177220477,0.033840179443359375,GPU-91e942dc-edbb-7f2a-9cea-167356bbd86a,NVIDIA H100 80GB HBM3,418.73,100.0,91.0,1980.0,2619.0,45.0,power_20260923T024053Z_7c7f5f05,power_20260923T024053Z_7c7f5f05_trial_2,memcpy_bandwidth-67108864-256,2,memcpy_bandwidth,workload,cuda,gpu_board
2026-09-23T02:43:45.303702+00:00,1790131425.303702,3582696.0505730915,0.031627655029296875,GPU-91e942dc-edbb-7f2a-9cea-167356bbd86a,NVIDIA H100 80GB HBM3,418.82,100.0,91.0,1980.0,2619.0,45.0,power_20260923T024053Z_7c7f5f05,power_20260923T024053Z_7c7f5f05_trial_2,memcpy_bandwidth-67108864-256,2,memcpy_bandwidth,workload,cuda,gpu_board
2026-09-23T02:43:45.535845+00:00,1790131425.5358446,3582696.282715519,0.03243398666381836,GPU-91e942dc-edbb-7f2a-9cea-167356bbd86a,NVIDIA H100 80GB HBM3,418.88,100.0,91.0,1980.0,2619.0,45.0,power_20260923T024053Z_7c7f5f05,power_20260923T024053Z_7c7f5f05_trial_2,memcpy_bandwidth-67108864-256,2,memcpy_bandwidth,workload,cuda,gpu_board
2026-09-23T02:43:45.768278+00:00,1790131425.7682784,3582696.515151213,0.03226280212402344,GPU-91e942dc-edbb-7f2a-9cea-167356bbd86a,NVIDIA H100 80GB HBM3,418.94,100.0,91.0,1980.0,2619.0,45.0,power_20260923T024053Z_7c7f5f05,power_20260923T024053Z_7c7f5f05_trial_2,memcpy_bandwidth-67108864-256,2,memcpy_bandwidth,workload,cuda,gpu_board
2026-09-23T02:43:46.000443+00:00,1790131426.000443,3582696.7473162725,0.031823158264160156,GPU-91e942dc-edbb-7f2a-9cea-167356bbd86a,NVIDIA H100 80GB HBM3,418.98,100.0,91.0,1980.0,2619.0,45.0,power_20260923T024053Z_7c7f5f05,power_20260923T024053Z_7c7f5f05_trial_2,memcpy_bandwidth-67108864-256,2,memcpy_bandwidth,workload,cuda,gpu_board
2026-09-23T02:43:46.232949+00:00,1790131426.2329488,3582696.979822772,0.03293561935424805,GPU-91e942dc-edbb-7f2a-9cea-167356bbd86a,NVIDIA H100 80GB HBM3,418.96,100.0,91.0,1980.0,2619.0,46.0,power_20260923T024053Z_7c7f5f05,power_20260923T024053Z_7c7f5f05_trial_2,memcpy_bandwidth-67108864-256,2,memcpy_bandwidth,workload,cuda,gpu_board
2026-09-23T02:43:46.465435+00:00,1790131426.4654353,3582697.2123082727,0.031766414642333984,GPU-91e942dc-edbb-7f2a-9cea-167356bbd86a,NVIDIA H100 80GB HBM3,418.98,100.0,91.0,1980.0,2619.0,46.0,power_20260923T024053Z_7c7f5f05,power_20260923T024053Z_7c7f5f05_trial_2,memcpy_bandwidth-67108864-256,2,memcpy_bandwidth,workload,cuda,gpu_board
2026-09-23T02:43:46.698040+00:00,1790131426.69804,3582697.4449116327,0.03319096565246582,GPU-91e942dc-edbb-7f2a-9cea-167356bbd86a,NVIDIA H100 80GB HBM3,418.97,100.0,91.0,1980.0,2619.0,46.0,power_20260923T024053Z_7c7f5f05,power_20260923T024053Z_7c7f5f05_trial_2,memcpy_bandwidth-67108864-256,2,memcpy_bandwidth,workload,cuda,gpu_board
2026-09-23T02:43:46.930688+00:00,1790131426.9306877,3582697.6775589017,0.03187274932861328,GPU-91e942dc-edbb-7f2a-9cea-167356bbd86a,NVIDIA H100 80GB HBM3,418.93,100.0,91.0,1980.0,2619.0,46.0,power_20260923T024053Z_7c7f5f05,power_20260923T024053Z_7c7f5f05_trial_2,memcpy_bandwidth-67108864-256,2,memcpy_bandwidth,workload,cuda,gpu_board
2026-09-23T02:43:47.163567+00:00,1790131427.1635666,3582697.910438179,0.03366827964782715,GPU-91e942dc-edbb-7f2a-9cea-167356bbd86a,NVIDIA H100 80GB HBM3,418.83,100.0,91.0,1980.0,2619.0,46.0,power_20260923T024053Z_7c7f5f05,power_20260923T024053Z_7c7f5f05_trial_2,memcpy_bandwidth-67108864-256,2,memcpy_bandwidth,workload,cuda,gpu_board
2026-09-23T02:43:47.396170+00:00,1790131427.3961697,3582698.1430407534,0.031327009201049805,GPU-91e942dc-edbb-7f2a-9cea-167356bbd86a,NVIDIA H100 80GB HBM3,418.76,100.0,91.0,1980.0,2619.0,46.0,power_20260923T024053Z_7c7f5f05,power_20260923T024053Z_7c7f5f05_trial_2,memcpy_bandwidth-67108864-256,2,memcpy_bandwidth,workload,cuda,gpu_board
2026-09-23T02:43:47.627751+00:00,1790131427.627751,3582698.374622017,0.031626224517822266,GPU-91e942dc-edbb-7f2a-9cea-167356bbd86a,NVIDIA H100 80GB HBM3,418.71,100.0,91.0,1980.0,2619.0,46.0,power_20260923T024053Z_7c7f5f05,power_20260923T024053Z_7c7f5f05_trial_2,memcpy_bandwidth-67108864-256,2,memcpy_bandwidth,workload,cuda,gpu_board
2026-09-23T02:43:47.859397+00:00,1790131427.8593967,3582698.6062696595,0.03146076202392578,GPU-91e942dc-edbb-7f2a-9cea-167356bbd86a,NVIDIA H100 80GB HBM3,418.73,100.0,91.0,1980.0,2619.0,46.0,power_20260923T024053Z_7c7f5f05,power_20260923T024053Z_7c7f5f05_trial_2,memcpy_bandwidth-67108864-256,2,memcpy_bandwidth,workload,cuda,gpu_board
2026-09-23T02:43:48.090964+00:00,1790131428.0909638,3582698.837837347,0.03144264221191406,GPU-91e942dc-edbb-7f2a-9cea-167356bbd86a,NVIDIA H100 80GB HBM3,418.87,100.0,91.0,1980.0,2619.0,46.0,power_20260923T024053Z_7c7f5f05,power_20260923T024053Z_7c7f5f05_trial_2,memcpy_bandwidth-67108864-256,2,memcpy_bandwidth,workload,cuda,gpu_board
2026-09-23T02:43:48.322659+00:00,1790131428.322659,3582699.06953279,0.03168368339538574,GPU-91e942dc-edbb-7f2a-9cea-167356bbd86a,NVIDIA H100 80GB HBM3,418.99,100.0,91.0,1980.0,2619.0,46.0,power_20260923T024053Z_7c7f5f05,power_20260923T024053Z_7c7f5f05_trial_2,memcpy_bandwidth-67108864-256,2,memcpy_bandwidth,workload,cuda,gpu_board
2026-09-23T02:43:48.554250+00:00,1790131428.5542498,3582699.301123444,0.03124523162841797,GPU-91e942dc-edbb-7f2a-9cea-167356bbd86a,NVIDIA H100 80GB HBM3,419.05,100.0,91.0,1980.0,2619.0,46.0,power_20260923T024053Z_7c7f5f05,power_20260923T024053Z_7c7f5f05_trial_2,memcpy_bandwidth-67108864-256,2,memcpy_bandwidth,workload,cuda,gpu_board
2026-09-23T02:43:48.785671+00:00,1790131428.7856705,3582699.532543873,0.03134489059448242,GPU-91e942dc-edbb-7f2a-9cea-167356bbd86a,NVIDIA H100 80GB HBM3,419.2,100.0,91.0,1980.0,2619.0,46.0,power_20260923T024053Z_7c7f5f05,power_20260923T024053Z_7c7f5f05_trial_2,memcpy_bandwidth-67108864-256,2,memcpy_bandwidth,workload,cuda,gpu_board
2026-09-23T02:43:49.017191+00:00,1790131429.0171912,3582699.7640647218,0.03145027160644531,GPU-91e942dc-edbb-7f2a-9cea-167356bbd86a,NVIDIA H100 80GB HBM3,419.32,100.0,91.0,1980.0,2619.0,46.0,power_20260923T024053Z_7c7f5f05,power_20260923T024053Z_7c7f5f05_trial_2,memcpy_bandwidth-67108864-256,2,memcpy_bandwidth,workload,cuda,gpu_board
2026-09-23T02:43:49.248747+00:00,1790131429.2487473,3582699.995620719,0.031401872634887695,GPU-91e942dc-edbb-7f2a-9cea-167356bbd86a,NVIDIA H100 80GB HBM3,419.41,100.0,91.0,1980.0,2619.0,46.0,power_20260923T024053Z_7c7f5f05,power_20260923T024053Z_7c7f5f05_trial_2,memcpy_bandwidth-67108864-256,2,memcpy_bandwidth,workload,cuda,gpu_board
2026-09-23T02:43:49.480294+00:00,1790131429.4802938,3582700.2271651486,0.031443119049072266,GPU-91e942dc-edbb-7f2a-9cea-167356bbd86a,NVIDIA H100 80GB HBM3,419.53,100.0,91.0,1980.0,2619.0,46.0,power_20260923T024053Z_7c7f5f05,power_20260923T024053Z_7c7f5f05_trial_2,memcpy_bandwidth-67108864-256,2,memcpy_bandwidth,workload,cuda,gpu_board
2026-09-23T02:43:49.713873+00:00,1790131429.7138731,3582700.460750499,0.03549909591674805,GPU-91e942dc-edbb-7f2a-9cea-167356bbd86a,NVIDIA H100 80GB HBM3,419.58,100.0,91.0,1980.0,2619.0,46.0,power_20260923T024053Z_7c7f5f05,power_20260923T024053Z_7c7f5f05_trial_2,memcpy_bandwidth-67108864-256,2,memcpy_bandwidth,workload,cuda,gpu_board
2026-09-23T02:43:49.948432+00:00,1790131429.9484324,3582700.695307207,0.03330564498901367,GPU-91e942dc-edbb-7f2a-9cea-167356bbd86a,NVIDIA H100 80GB HBM3,419.68,100.0,91.0,1980.0,2619.0,46.0,power_20260923T024053Z_7c7f5f05,power_20260923T024053Z_7c7f5f05_trial_2,memcpy_bandwidth-67108864-256,2,memcpy_bandwidth,workload,cuda,gpu_board
2026-09-23T02:43:50.181076+00:00,1790131430.181076,3582700.927950312,0.03169608116149902,GPU-91e942dc-edbb-7f2a-9cea-167356bbd86a,NVIDIA H100 80GB HBM3,419.62,100.0,91.0,1980.0,2619.0,46.0,power_20260923T024053Z_7c7f5f05,power_20260923T024053Z_7c7f5f05_trial_2,memcpy_bandwidth-67108864-256,2,memcpy_bandwidth,workload,cuda,gpu_board
2026-09-23T02:43:50.412833+00:00,1790131430.4128327,3582701.1597059406,0.031548261642456055,GPU-91e942dc-edbb-7f2a-9cea-167356bbd86a,NVIDIA H100 80GB HBM3,419.7,100.0,91.0,1980.0,2619.0,46.0,power_20260923T024053Z_7c7f5f05,power_20260923T024053Z_7c7f5f05_trial_2,memcpy_bandwidth-67108864-256,2,memcpy_bandwidth,workload,cuda,gpu_board
2026-09-23T02:43:50.644545+00:00,1790131430.6445446,3582701.391416335,0.03162574768066406,GPU-91e942dc-edbb-7f2a-9cea-167356bbd86a,NVIDIA H100 80GB HBM3,419.73,100.0,91.0,1980.0,2619.0,46.0,power_20260923T024053Z_7c7f5f05,power_20260923T024053Z_7c7f5f05_trial_2,memcpy_bandwidth-67108864-256,2,memcpy_bandwidth,workload,cuda,gpu_board
2026-09-23T02:43:50.876495+00:00,1790131430.876495,3582701.623370276,0.032019853591918945,GPU-91e942dc-edbb-7f2a-9cea-167356bbd86a,NVIDIA H100 80GB HBM3,419.71,100.0,91.0,1980.0,2619.0,46.0,power_20260923T024053Z_7c7f5f05,power_20260923T024053Z_7c7f5f05_trial_2,memcpy_bandwidth-67108864-256,2,memcpy_bandwidth,workload,cuda,gpu_board
2026-09-23T02:43:51.108651+00:00,1790131431.1086507,3582701.8555233777,0.031996965408325195,GPU-91e942dc-edbb-7f2a-9cea-167356bbd86a,NVIDIA H100 80GB HBM3,419.8,100.0,91.0,1980.0,2619.0,46.0,power_20260923T024053Z_7c7f5f05,power_20260923T024053Z_7c7f5f05_trial_2,memcpy_bandwidth-67108864-256,2,memcpy_bandwidth,workload,cuda,gpu_board
2026-09-23T02:43:51.340369+00:00,1790131431.3403692,3582702.0872410787,0.031206846237182617,GPU-91e942dc-edbb-7f2a-9cea-167356bbd86a,NVIDIA H100 80GB HBM3,419.77,100.0,91.0,1980.0,2619.0,46.0,power_20260923T024053Z_7c7f5f05,power_20260923T024053Z_7c7f5f05_trial_2,memcpy_bandwidth-67108864-256,2,memcpy_bandwidth,workload,cuda,gpu_board
2026-09-23T02:43:51.571911+00:00,1790131431.5719113,3582702.318783367,0.03165555000305176,GPU-91e942dc-edbb-7f2a-9cea-167356bbd86a,NVIDIA H100 80GB HBM3,419.79,100.0,91.0,1980.0,2619.0,46.0,power_20260923T024053Z_7c7f5f05,power_20260923T024053Z_7c7f5f05_trial_2,memcpy_bandwidth-67108864-256,2,memcpy_bandwidth,workload,cuda,gpu_board
2026-09-23T02:43:51.803424+00:00,1790131431.8034244,3582702.5502954097,0.03114485740661621,GPU-91e942dc-edbb-7f2a-9cea-167356bbd86a,NVIDIA H100 80GB HBM3,419.8,100.0,91.0,1980.0,2619.0,46.0,power_20260923T024053Z_7c7f5f05,power_20260923T024053Z_7c7f5f05_trial_2,memcpy_bandwidth-67108864-256,2,memcpy_bandwidth,workload,cuda,gpu_board
2026-09-23T02:43:52.034690+00:00,1790131432.0346904,3582702.781561522,0.031175851821899414,GPU-91e942dc-edbb-7f2a-9cea-167356bbd86a,NVIDIA H100 80GB HBM3,419.74,100.0,91.0,1980.0,2619.0,46.0,power_20260923T024053Z_7c7f5f05,power_20260923T024053Z_7c7f5f05_trial_2,memcpy_bandwidth-67108864-256,2,memcpy_bandwidth,workload,cuda,gpu_board
2026-09-23T02:43:52.266606+00:00,1790131432.2666063,3582703.013476917,0.032441139221191406,GPU-91e942dc-edbb-7f2a-9cea-167356bbd86a,NVIDIA H100 80GB HBM3,419.79,100.0,91.0,1980.0,2619.0,46.0,power_20260923T024053Z_7c7f5f05,power_20260923T024053Z_7c7f5f05_trial_2,memcpy_bandwidth-67108864-256,2,memcpy_bandwidth,workload,cuda,gpu_board
2026-09-23T02:43:52.498910+00:00,1790131432.4989104,3582703.245786636,0.03192400932312012,GPU-91e942dc-edbb-7f2a-9cea-167356bbd86a,NVIDIA H100 80GB HBM3,419.78,100.0,91.0,1980.0,2619.0,46.0,power_20260923T024053Z_7c7f5f05,power_20260923T024053Z_7c7f5f05_trial_2,memcpy_bandwidth-67108864-256,2,memcpy_bandwidth,workload,cuda,gpu_board
2026-09-23T02:43:52.730805+00:00,1790131432.7308052,3582703.4776797704,0.031566619873046875,GPU-91e942dc-edbb-7f2a-9cea-167356bbd86a,NVIDIA H100 80GB HBM3,419.74,100.0,91.0,1980.0,2619.0,46.0,power_20260923T024053Z_7c7f5f05,power_20260923T024053Z_7c7f5f05_trial_2,memcpy_bandwidth-67108864-256,2,memcpy_bandwidth,workload,cuda,gpu_board
2026-09-23T02:43:52.962672+00:00,1790131432.962672,3582703.70955008,0.031894683837890625,GPU-91e942dc-edbb-7f2a-9cea-167356bbd86a,NVIDIA H100 80GB HBM3,419.76,100.0,91.0,1980.0,2619.0,46.0,power_20260923T024053Z_7c7f5f05,power_20260923T024053Z_7c7f5f05_trial_2,memcpy_bandwidth-67108864-256,2,memcpy_bandwidth,workload,cuda,gpu_board
2026-09-23T02:43:53.195336+00:00,1790131433.1953356,3582703.94221317,0.033104896545410156,GPU-91e942dc-edbb-7f2a-9cea-167356bbd86a,NVIDIA H100 80GB HBM3,419.81,100.0,91.0,1980.0,2619.0,46.0,power_20260923T024053Z_7c7f5f05,power_20260923T024053Z_7c7f5f05_trial_2,memcpy_bandwidth-67108864-256,2,memcpy_bandwidth,workload,cuda,gpu_board
2026-09-23T02:43:53.428356+00:00,1790131433.4283564,3582704.1752308877,0.03261852264404297,GPU-91e942dc-edbb-7f2a-9cea-167356bbd86a,NVIDIA H100 80GB HBM3,419.71,100.0,91.0,1980.0,2619.0,46.0,power_20260923T024053Z_7c7f5f05,power_20260923T024053Z_7c7f5f05_trial_2,memcpy_bandwidth-67108864-256,2,memcpy_bandwidth,workload,cuda,gpu_board
2026-09-23T02:43:53.660797+00:00,1790131433.6607969,3582704.407671634,0.031986236572265625,GPU-91e942dc-edbb-7f2a-9cea-167356bbd86a,NVIDIA H100 80GB HBM3,419.71,100.0,91.0,1980.0,2619.0,46.0,power_20260923T024053Z_7c7f5f05,power_20260923T024053Z_7c7f5f05_trial_2,memcpy_bandwidth-67108864-256,2,memcpy_bandwidth,workload,cuda,gpu_board
2026-09-23T02:43:53.925557+00:00,1790131433.9255574,3582704.6724319467,0.09725046157836914,GPU-91e942dc-edbb-7f2a-9cea-167356bbd86a,NVIDIA H100 80GB HBM3,387.15,66.0,50.0,1980.0,2619.0,43.0,power_20260923T024053Z_7c7f5f05,power_20260923T024053Z_7c7f5f05_trial_2,memcpy_bandwidth-67108864-256,2,memcpy_bandwidth,workload,cuda,gpu_board
2026-09-23T02:43:54.188530+00:00,1790131434.1885304,3582704.9354066364,0.028399229049682617,GPU-91e942dc-edbb-7f2a-9cea-167356bbd86a,NVIDIA H100 80GB HBM3,313.21,1.0,0.0,1980.0,2619.0,42.0,power_20260923T024053Z_7c7f5f05,power_20260923T024053Z_7c7f5f05_trial_2,gemm_tiled-2048-16,2,gemm_tiled,idle,cuda,gpu_board
2026-09-23T02:43:54.417146+00:00,1790131434.4171464,3582705.1640212694,0.028539180755615234,GPU-91e942dc-edbb-7f2a-9cea-167356bbd86a,NVIDIA H100 80GB HBM3,263.46,0.0,0.0,1980.0,2619.0,41.0,power_20260923T024053Z_7c7f5f05,power_20260923T024053Z_7c7f5f05_trial_2,gemm_tiled-2048-16,2,gemm_tiled,idle,cuda,gpu_board
2026-09-23T02:43:54.645854+00:00,1790131434.6458545,3582705.3927296596,0.028597116470336914,GPU-91e942dc-edbb-7f2a-9cea-167356bbd86a,NVIDIA H100 80GB HBM3,209.5,0.0,0.0,1980.0,2619.0,41.0,power_20260923T024053Z_7c7f5f05,power_20260923T024053Z_7c7f5f05_trial_2,gemm_tiled-2048-16,2,gemm_tiled,idle,cuda,gpu_board
2026-09-23T02:43:54.875271+00:00,1790131434.8752713,3582705.6221457515,0.029949665069580078,GPU-91e942dc-edbb-7f2a-9cea-167356bbd86a,NVIDIA H100 80GB HBM3,165.69,0.0,0.0,1980.0,2619.0,41.0,power_20260923T024053Z_7c7f5f05,power_20260923T024053Z_7c7f5f05_trial_2,gemm_tiled-2048-16,2,gemm_tiled,idle,cuda,gpu_board
2026-09-23T02:43:55.104851+00:00,1790131435.1048505,3582705.851724754,0.02893543243408203,GPU-91e942dc-edbb-7f2a-9cea-167356bbd86a,NVIDIA H100 80GB HBM3,165.29,0.0,0.0,1980.0,2619.0,41.0,power_20260923T024053Z_7c7f5f05,power_20260923T024053Z_7c7f5f05_trial_2,gemm_tiled-2048-16,2,gemm_tiled,idle,cuda,gpu_board
2026-09-23T02:43:55.333798+00:00,1790131435.3337984,3582706.080672878,0.028689146041870117,GPU-91e942dc-edbb-7f2a-9cea-167356bbd86a,NVIDIA H100 80GB HBM3,165.09,0.0,0.0,1980.0,2619.0,40.0,power_20260923T024053Z_7c7f5f05,power_20260923T024053Z_7c7f5f05_trial_2,gemm_tiled-2048-16,2,gemm_tiled,idle,cuda,gpu_board
2026-09-23T02:43:55.564793+00:00,1790131435.564793,3582706.31166743,0.033019304275512695,GPU-91e942dc-edbb-7f2a-9cea-167356bbd86a,NVIDIA H100 80GB HBM3,164.88,0.0,0.0,1980.0,2619.0,40.0,power_20260923T024053Z_7c7f5f05,power_20260923T024053Z_7c7f5f05_trial_2,gemm_tiled-2048-16,2,gemm_tiled,idle,cuda,gpu_board
2026-09-23T02:43:55.797982+00:00,1790131435.7979815,3582706.5448560226,0.03307294845581055,GPU-91e942dc-edbb-7f2a-9cea-167356bbd86a,NVIDIA H100 80GB HBM3,153.42,0.0,0.0,405.0,2619.0,39.0,power_20260923T024053Z_7c7f5f05,power_20260923T024053Z_7c7f5f05_trial_2,gemm_tiled-2048-16,2,gemm_tiled,idle,cuda,gpu_board
2026-09-23T02:43:56.030443+00:00,1790131436.0304432,3582706.7773160925,0.03158736228942871,GPU-91e942dc-edbb-7f2a-9cea-167356bbd86a,NVIDIA H100 80GB HBM3,140.03,0.0,0.0,375.0,2619.0,39.0,power_20260923T024053Z_7c7f5f05,power_20260923T024053Z_7c7f5f05_trial_2,gemm_tiled-2048-16,2,gemm_tiled,idle,cuda,gpu_board
2026-09-23T02:43:56.261881+00:00,1790131436.2618809,3582707.008754287,0.03104376792907715,GPU-91e942dc-edbb-7f2a-9cea-167356bbd86a,NVIDIA H100 80GB HBM3,127.6,0.0,0.0,345.0,2619.0,38.0,power_20260923T024053Z_7c7f5f05,power_20260923T024053Z_7c7f5f05_trial_2,gemm_tiled-2048-16,2,gemm_tiled,idle,cuda,gpu_board
2026-09-23T02:43:56.493287+00:00,1790131436.493287,3582707.240160952,0.031508684158325195,GPU-91e942dc-edbb-7f2a-9cea-167356bbd86a,NVIDIA H100 80GB HBM3,107.19,0.0,0.0,345.0,2619.0,38.0,power_20260923T024053Z_7c7f5f05,power_20260923T024053Z_7c7f5f05_trial_2,gemm_tiled-2048-16,2,gemm_tiled,idle,cuda,gpu_board
2026-09-23T02:43:56.724530+00:00,1790131436.7245302,3582707.471403514,0.030717134475708008,GPU-91e942dc-edbb-7f2a-9cea-167356bbd86a,NVIDIA H100 80GB HBM3,99.04,0.0,0.0,345.0,2619.0,38.0,power_20260923T024053Z_7c7f5f05,power_20260923T024053Z_7c7f5f05_trial_2,gemm_tiled-2048-16,2,gemm_tiled,idle,cuda,gpu_board
2026-09-23T02:43:56.955379+00:00,1790131436.9553792,3582707.7022533305,0.03072214126586914,GPU-91e942dc-edbb-7f2a-9cea-167356bbd86a,NVIDIA H100 80GB HBM3,98.92,0.0,0.0,345.0,2619.0,38.0,power_20260923T024053Z_7c7f5f05,power_20260923T024053Z_7c7f5f05_trial_2,gemm_tiled-2048-16,2,gemm_tiled,idle,cuda,gpu_board
2026-09-23T02:43:57.186532+00:00,1790131437.186532,3582707.9334059963,0.031302452087402344,GPU-91e942dc-edbb-7f2a-9cea-167356bbd86a,NVIDIA H100 80GB HBM3,98.8,0.0,0.0,345.0,2619.0,38.0,power_20260923T024053Z_7c7f5f05,power_20260923T024053Z_7c7f5f05_trial_2,gemm_tiled-2048-16,2,gemm_tiled,idle,cuda,gpu_board
2026-09-23T02:43:57.417888+00:00,1790131437.417888,3582708.164761517,0.031142234802246094,GPU-91e942dc-edbb-7f2a-9cea-167356bbd86a,NVIDIA H100 80GB HBM3,98.72,0.0,0.0,345.0,2619.0,38.0,power_20260923T024053Z_7c7f5f05,power_20260923T024053Z_7c7f5f05_trial_2,gemm_tiled-2048-16,2,gemm_tiled,idle,cuda,gpu_board
2026-09-23T02:43:57.649156+00:00,1790131437.649156,3582708.396030501,0.03112649917602539,GPU-91e942dc-edbb-7f2a-9cea-167356bbd86a,NVIDIA H100 80GB HBM3,98.65,0.0,0.0,345.0,2619.0,37.0,power_20260923T024053Z_7c7f5f05,power_20260923T024053Z_7c7f5f05_trial_2,gemm_tiled-2048-16,2,gemm_tiled,idle,cuda,gpu_board
2026-09-23T02:43:57.880478+00:00,1790131437.880478,3582708.627351555,0.03122878074645996,GPU-91e942dc-edbb-7f2a-9cea-167356bbd86a,NVIDIA H100 80GB HBM3,98.55,0.0,0.0,345.0,2619.0,37.0,power_20260923T024053Z_7c7f5f05,power_20260923T024053Z_7c7f5f05_trial_2,gemm_tiled-2048-16,2,gemm_tiled,idle,cuda,gpu_board
2026-09-23T02:43:58.210790+00:00,1790131438.2107897,3582708.957671972,0.22911286354064941,GPU-91e942dc-edbb-7f2a-9cea-167356bbd86a,NVIDIA H100 80GB HBM3,98.55,0.0,0.0,345.0,2619.0,37.0,power_20260923T024053Z_7c7f5f05,power_20260923T024053Z_7c7f5f05_trial_2,gemm_tiled-2048-16,2,gemm_tiled,workload,cuda,gpu_board
2026-09-23T02:43:58.543885+00:00,1790131438.5438845,3582709.290763599,0.036692142486572266,GPU-91e942dc-edbb-7f2a-9cea-167356bbd86a,NVIDIA H100 80GB HBM3,118.0,1.0,0.0,1980.0,2619.0,40.0,power_20260923T024053Z_7c7f5f05,power_20260923T024053Z_7c7f5f05_trial_2,gemm_tiled-2048-16,2,gemm_tiled,workload,cuda,gpu_board
2026-09-23T02:43:58.780425+00:00,1790131438.7804248,3582709.5273057064,0.03604269027709961,GPU-91e942dc-edbb-7f2a-9cea-167356bbd86a,NVIDIA H100 80GB HBM3,176.84,100.0,1.0,1980.0,2619.0,44.0,power_20260923T024053Z_7c7f5f05,power_20260923T024053Z_7c7f5f05_trial_2,gemm_tiled-2048-16,2,gemm_tiled,workload,cuda,gpu_board
2026-09-23T02:43:59.014878+00:00,1790131439.0148783,3582709.761756068,0.03252243995666504,GPU-91e942dc-edbb-7f2a-9cea-167356bbd86a,NVIDIA H100 80GB HBM3,236.57,100.0,1.0,1980.0,2619.0,45.0,power_20260923T024053Z_7c7f5f05,power_20260923T024053Z_7c7f5f05_trial_2,gemm_tiled-2048-16,2,gemm_tiled,workload,cuda,gpu_board
2026-09-23T02:43:59.248836+00:00,1790131439.2488356,3582709.995710942,0.03507494926452637,GPU-91e942dc-edbb-7f2a-9cea-167356bbd86a,NVIDIA H100 80GB HBM3,331.05,100.0,1.0,1980.0,2619.0,46.0,power_20260923T024053Z_7c7f5f05,power_20260923T024053Z_7c7f5f05_trial_2,gemm_tiled-2048-16,2,gemm_tiled,workload,cuda,gpu_board
2026-09-23T02:43:59.482441+00:00,1790131439.4824414,3582710.2293164507,0.03185391426086426,GPU-91e942dc-edbb-7f2a-9cea-167356bbd86a,NVIDIA H100 80GB HBM3,380.91,100.0,1.0,1980.0,2619.0,46.0,power_20260923T024053Z_7c7f5f05,power_20260923T024053Z_7c7f5f05_trial_2,gemm_tiled-2048-16,2,gemm_tiled,workload,cuda,gpu_board
2026-09-23T02:43:59.714449+00:00,1790131439.7144492,3582710.4613217986,0.03188323974609375,GPU-91e942dc-edbb-7f2a-9cea-167356bbd86a,NVIDIA H100 80GB HBM3,403.72,100.0,1.0,1980.0,2619.0,46.0,power_20260923T024053Z_7c7f5f05,power_20260923T024053Z_7c7f5f05_trial_2,gemm_tiled-2048-16,2,gemm_tiled,workload,cuda,gpu_board
2026-09-23T02:43:59.948412+00:00,1790131439.948412,3582710.695294502,0.035799264907836914,GPU-91e942dc-edbb-7f2a-9cea-167356bbd86a,NVIDIA H100 80GB HBM3,404.47,100.0,1.0,1980.0,2619.0,47.0,power_20260923T024053Z_7c7f5f05,power_20260923T024053Z_7c7f5f05_trial_2,gemm_tiled-2048-16,2,gemm_tiled,workload,cuda,gpu_board
2026-09-23T02:44:00.183600+00:00,1790131440.1836,3582710.930478311,0.034204721450805664,GPU-91e942dc-edbb-7f2a-9cea-167356bbd86a,NVIDIA H100 80GB HBM3,404.81,100.0,1.0,1980.0,2619.0,47.0,power_20260923T024053Z_7c7f5f05,power_20260923T024053Z_7c7f5f05_trial_2,gemm_tiled-2048-16,2,gemm_tiled,workload,cuda,gpu_board
2026-09-23T02:44:00.418276+00:00,1790131440.4182756,3582711.165150089,0.03479766845703125,GPU-91e942dc-edbb-7f2a-9cea-167356bbd86a,NVIDIA H100 80GB HBM3,405.13,100.0,1.0,1980.0,2619.0,47.0,power_20260923T024053Z_7c7f5f05,power_20260923T024053Z_7c7f5f05_trial_2,gemm_tiled-2048-16,2,gemm_tiled,workload,cuda,gpu_board
2026-09-23T02:44:00.652509+00:00,1790131440.6525087,3582711.3993840404,0.03334832191467285,GPU-91e942dc-edbb-7f2a-9cea-167356bbd86a,NVIDIA H100 80GB HBM3,405.59,100.0,1.0,1980.0,2619.0,47.0,power_20260923T024053Z_7c7f5f05,power_20260923T024053Z_7c7f5f05_trial_2,gemm_tiled-2048-16,2,gemm_tiled,workload,cuda,gpu_board
2026-09-23T02:44:00.886652+00:00,1790131440.886652,3582711.63353024,0.034653425216674805,GPU-91e942dc-edbb-7f2a-9cea-167356bbd86a,NVIDIA H100 80GB HBM3,405.77,100.0,1.0,1980.0,2619.0,47.0,power_20260923T024053Z_7c7f5f05,power_20260923T024053Z_7c7f5f05_trial_2,gemm_tiled-2048-16,2,gemm_tiled,workload,cuda,gpu_board
2026-09-23T02:44:01.121089+00:00,1790131441.1210895,3582711.867965329,0.03388690948486328,GPU-91e942dc-edbb-7f2a-9cea-167356bbd86a,NVIDIA H100 80GB HBM3,406.02,100.0,1.0,1980.0,2619.0,48.0,power_20260923T024053Z_7c7f5f05,power_20260923T024053Z_7c7f5f05_trial_2,gemm_tiled-2048-16,2,gemm_tiled,workload,cuda,gpu_board
2026-09-23T02:44:01.356393+00:00,1790131441.3563933,3582712.103269689,0.036438703536987305,GPU-91e942dc-edbb-7f2a-9cea-167356bbd86a,NVIDIA H100 80GB HBM3,406.16,100.0,1.0,1980.0,2619.0,48.0,power_20260923T024053Z_7c7f5f05,power_20260923T024053Z_7c7f5f05_trial_2,gemm_tiled-2048-16,2,gemm_tiled,workload,cuda,gpu_board
2026-09-23T02:44:01.592508+00:00,1790131441.5925078,3582712.3393833153,0.035505056381225586,GPU-91e942dc-edbb-7f2a-9cea-167356bbd86a,NVIDIA H100 80GB HBM3,406.32,100.0,1.0,1980.0,2619.0,48.0,power_20260923T024053Z_7c7f5f05,power_20260923T024053Z_7c7f5f05_trial_2,gemm_tiled-2048-16,2,gemm_tiled,workload,cuda,gpu_board
2026-09-23T02:44:01.827987+00:00,1790131441.8279872,3582712.5748664737,0.03518366813659668,GPU-91e942dc-edbb-7f2a-9cea-167356bbd86a,NVIDIA H100 80GB HBM3,406.46,100.0,1.0,1980.0,2619.0,48.0,power_20260923T024053Z_7c7f5f05,power_20260923T024053Z_7c7f5f05_trial_2,gemm_tiled-2048-16,2,gemm_tiled,workload,cuda,gpu_board
2026-09-23T02:44:02.062624+00:00,1790131442.0626245,3582712.8094993094,0.03375673294067383,GPU-91e942dc-edbb-7f2a-9cea-167356bbd86a,NVIDIA H100 80GB HBM3,406.52,100.0,1.0,1980.0,2619.0,48.0,power_20260923T024053Z_7c7f5f05,power_20260923T024053Z_7c7f5f05_trial_2,gemm_tiled-2048-16,2,gemm_tiled,workload,cuda,gpu_board
2026-09-23T02:44:02.297396+00:00,1790131442.2973957,3582713.044271199,0.03551173210144043,GPU-91e942dc-edbb-7f2a-9cea-167356bbd86a,NVIDIA H100 80GB HBM3,406.57,100.0,1.0,1980.0,2619.0,48.0,power_20260923T024053Z_7c7f5f05,power_20260923T024053Z_7c7f5f05_trial_2,gemm_tiled-2048-16,2,gemm_tiled,workload,cuda,gpu_board
2026-09-23T02:44:02.531213+00:00,1790131442.5312128,3582713.278088717,0.03178143501281738,GPU-91e942dc-edbb-7f2a-9cea-167356bbd86a,NVIDIA H100 80GB HBM3,406.68,100.0,1.0,1980.0,2619.0,48.0,power_20260923T024053Z_7c7f5f05,power_20260923T024053Z_7c7f5f05_trial_2,gemm_tiled-2048-16,2,gemm_tiled,workload,cuda,gpu_board
2026-09-23T02:44:02.764963+00:00,1790131442.764963,3582713.5118430257,0.03540325164794922,GPU-91e942dc-edbb-7f2a-9cea-167356bbd86a,NVIDIA H100 80GB HBM3,406.89,100.0,1.0,1980.0,2619.0,48.0,power_20260923T024053Z_7c7f5f05,power_20260923T024053Z_7c7f5f05_trial_2,gemm_tiled-2048-16,2,gemm_tiled,workload,cuda,gpu_board
2026-09-23T02:44:02.998426+00:00,1790131442.9984264,3582713.7453029295,0.031171321868896484,GPU-91e942dc-edbb-7f2a-9cea-167356bbd86a,NVIDIA H100 80GB HBM3,407.02,100.0,1.0,1980.0,2619.0,48.0,power_20260923T024053Z_7c7f5f05,power_20260923T024053Z_7c7f5f05_trial_2,gemm_tiled-2048-16,2,gemm_tiled,workload,cuda,gpu_board
2026-09-23T02:44:03.231218+00:00,1790131443.2312179,3582713.978091901,0.03411269187927246,GPU-91e942dc-edbb-7f2a-9cea-167356bbd86a,NVIDIA H100 80GB HBM3,407.17,100.0,1.0,1980.0,2619.0,48.0,power_20260923T024053Z_7c7f5f05,power_20260923T024053Z_7c7f5f05_trial_2,gemm_tiled-2048-16,2,gemm_tiled,workload,cuda,gpu_board
2026-09-23T02:44:03.465466+00:00,1790131443.4654655,3582714.212338551,0.03411984443664551,GPU-91e942dc-edbb-7f2a-9cea-167356bbd86a,NVIDIA H100 80GB HBM3,407.2,100.0,1.0,1980.0,2619.0,48.0,power_20260923T024053Z_7c7f5f05,power_20260923T024053Z_7c7f5f05_trial_2,gemm_tiled-2048-16,2,gemm_tiled,workload,cuda,gpu_board
2026-09-23T02:44:03.698303+00:00,1790131443.698303,3582714.4451768287,0.03132057189941406,GPU-91e942dc-edbb-7f2a-9cea-167356bbd86a,NVIDIA H100 80GB HBM3,407.24,100.0,1.0,1980.0,2619.0,48.0,power_20260923T024053Z_7c7f5f05,power_20260923T024053Z_7c7f5f05_trial_2,gemm_tiled-2048-16,2,gemm_tiled,workload,cuda,gpu_board
2026-09-23T02:44:03.930850+00:00,1790131443.9308496,3582714.6777226143,0.0335087776184082,GPU-91e942dc-edbb-7f2a-9cea-167356bbd86a,NVIDIA H100 80GB HBM3,407.15,100.0,1.0,1980.0,2619.0,48.0,power_20260923T024053Z_7c7f5f05,power_20260923T024053Z_7c7f5f05_trial_2,gemm_tiled-2048-16,2,gemm_tiled,workload,cuda,gpu_board
2026-09-23T02:44:04.162804+00:00,1790131444.1628036,3582714.909676281,0.030150175094604492,GPU-91e942dc-edbb-7f2a-9cea-167356bbd86a,NVIDIA H100 80GB HBM3,407.33,100.0,1.0,1980.0,2619.0,48.0,power_20260923T024053Z_7c7f5f05,power_20260923T024053Z_7c7f5f05_trial_2,gemm_tiled-2048-16,2,gemm_tiled,workload,cuda,gpu_board
2026-09-23T02:44:04.395076+00:00,1790131444.3950758,3582715.1419491107,0.03414773941040039,GPU-91e942dc-edbb-7f2a-9cea-167356bbd86a,NVIDIA H100 80GB HBM3,407.3,100.0,1.0,1980.0,2619.0,48.0,power_20260923T024053Z_7c7f5f05,power_20260923T024053Z_7c7f5f05_trial_2,gemm_tiled-2048-16,2,gemm_tiled,workload,cuda,gpu_board
2026-09-23T02:44:04.627790+00:00,1790131444.6277905,3582715.3746632645,0.03103327751159668,GPU-91e942dc-edbb-7f2a-9cea-167356bbd86a,NVIDIA H100 80GB HBM3,407.31,100.0,1.0,1980.0,2619.0,48.0,power_20260923T024053Z_7c7f5f05,power_20260923T024053Z_7c7f5f05_trial_2,gemm_tiled-2048-16,2,gemm_tiled,workload,cuda,gpu_board
2026-09-23T02:44:04.860443+00:00,1790131444.8604426,3582715.6073225318,0.03401827812194824,GPU-91e942dc-edbb-7f2a-9cea-167356bbd86a,NVIDIA H100 80GB HBM3,407.33,100.0,1.0,1980.0,2619.0,48.0,power_20260923T024053Z_7c7f5f05,power_20260923T024053Z_7c7f5f05_trial_2,gemm_tiled-2048-16,2,gemm_tiled,workload,cuda,gpu_board
2026-09-23T02:44:05.093043+00:00,1790131445.0930433,3582715.8399176616,0.030834197998046875,GPU-91e942dc-edbb-7f2a-9cea-167356bbd86a,NVIDIA H100 80GB HBM3,407.28,100.0,1.0,1980.0,2619.0,48.0,power_20260923T024053Z_7c7f5f05,power_20260923T024053Z_7c7f5f05_trial_2,gemm_tiled-2048-16,2,gemm_tiled,workload,cuda,gpu_board
2026-09-23T02:44:05.325307+00:00,1790131445.3253071,3582716.072180776,0.03342390060424805,GPU-91e942dc-edbb-7f2a-9cea-167356bbd86a,NVIDIA H100 80GB HBM3,407.34,100.0,1.0,1980.0,2619.0,48.0,power_20260923T024053Z_7c7f5f05,power_20260923T024053Z_7c7f5f05_trial_2,gemm_tiled-2048-16,2,gemm_tiled,workload,cuda,gpu_board
2026-09-23T02:44:05.557558+00:00,1790131445.557558,3582716.3044307185,0.030821800231933594,GPU-91e942dc-edbb-7f2a-9cea-167356bbd86a,NVIDIA H100 80GB HBM3,407.31,100.0,1.0,1980.0,2619.0,49.0,power_20260923T024053Z_7c7f5f05,power_20260923T024053Z_7c7f5f05_trial_2,gemm_tiled-2048-16,2,gemm_tiled,workload,cuda,gpu_board
2026-09-23T02:44:05.790178+00:00,1790131445.7901783,3582716.5370575124,0.034125328063964844,GPU-91e942dc-edbb-7f2a-9cea-167356bbd86a,NVIDIA H100 80GB HBM3,407.32,100.0,1.0,1980.0,2619.0,49.0,power_20260923T024053Z_7c7f5f05,power_20260923T024053Z_7c7f5f05_trial_2,gemm_tiled-2048-16,2,gemm_tiled,workload,cuda,gpu_board
2026-09-23T02:44:06.022845+00:00,1790131446.0228448,3582716.7697231965,0.030881166458129883,GPU-91e942dc-edbb-7f2a-9cea-167356bbd86a,NVIDIA H100 80GB HBM3,407.43,100.0,1.0,1980.0,2619.0,49.0,power_20260923T024053Z_7c7f5f05,power_20260923T024053Z_7c7f5f05_trial_2,gemm_tiled-2048-16,2,gemm_tiled,workload,cuda,gpu_board
2026-09-23T02:44:06.255999+00:00,1790131446.2559986,3582717.0028728293,0.035088300704956055,GPU-91e942dc-edbb-7f2a-9cea-167356bbd86a,NVIDIA H100 80GB HBM3,407.47,100.0,1.0,1980.0,2619.0,49.0,power_20260923T024053Z_7c7f5f05,power_20260923T024053Z_7c7f5f05_trial_2,gemm_tiled-2048-16,2,gemm_tiled,workload,cuda,gpu_board
2026-09-23T02:44:06.490079+00:00,1790131446.4900792,3582717.2369509204,0.03280973434448242,GPU-91e942dc-edbb-7f2a-9cea-167356bbd86a,NVIDIA H100 80GB HBM3,407.5,100.0,1.0,1980.0,2619.0,49.0,power_20260923T024053Z_7c7f5f05,power_20260923T024053Z_7c7f5f05_trial_2,gemm_tiled-2048-16,2,gemm_tiled,workload,cuda,gpu_board
2026-09-23T02:44:06.724836+00:00,1790131446.7248359,3582717.4717103997,0.0364835262298584,GPU-91e942dc-edbb-7f2a-9cea-167356bbd86a,NVIDIA H100 80GB HBM3,407.55,100.0,1.0,1980.0,2619.0,49.0,power_20260923T024053Z_7c7f5f05,power_20260923T024053Z_7c7f5f05_trial_2,gemm_tiled-2048-16,2,gemm_tiled,workload,cuda,gpu_board
2026-09-23T02:44:06.959862+00:00,1790131446.9598625,3582717.706735115,0.033272743225097656,GPU-91e942dc-edbb-7f2a-9cea-167356bbd86a,NVIDIA H100 80GB HBM3,407.57,100.0,1.0,1980.0,2619.0,49.0,power_20260923T024053Z_7c7f5f05,power_20260923T024053Z_7c7f5f05_trial_2,gemm_tiled-2048-16,2,gemm_tiled,workload,cuda,gpu_board
2026-09-23T02:44:07.191971+00:00,1790131447.1919708,3582717.9388442296,0.030704736709594727,GPU-91e942dc-edbb-7f2a-9cea-167356bbd86a,NVIDIA H100 80GB HBM3,407.58,100.0,1.0,1980.0,2619.0,49.0,power_20260923T024053Z_7c7f5f05,power_20260923T024053Z_7c7f5f05_trial_2,gemm_tiled-2048-16,2,gemm_tiled,workload,cuda,gpu_board
2026-09-23T02:44:07.424641+00:00,1790131447.424641,3582718.1715127863,0.03436565399169922,GPU-91e942dc-edbb-7f2a-9cea-167356bbd86a,NVIDIA H100 80GB HBM3,407.52,100.0,1.0,1980.0,2619.0,49.0,power_20260923T024053Z_7c7f5f05,power_20260923T024053Z_7c7f5f05_trial_2,gemm_tiled-2048-16,2,gemm_tiled,workload,cuda,gpu_board
2026-09-23T02:44:07.657471+00:00,1790131447.6574707,3582718.404343514,0.03106093406677246,GPU-91e942dc-edbb-7f2a-9cea-167356bbd86a,NVIDIA H100 80GB HBM3,407.61,100.0,1.0,1980.0,2619.0,49.0,power_20260923T024053Z_7c7f5f05,power_20260923T024053Z_7c7f5f05_trial_2,gemm_tiled-2048-16,2,gemm_tiled,workload,cuda,gpu_board
2026-09-23T02:44:07.890038+00:00,1790131447.8900385,3582718.6369170584,0.03382229804992676,GPU-91e942dc-edbb-7f2a-9cea-167356bbd86a,NVIDIA H100 80GB HBM3,407.61,100.0,1.0,1980.0,2619.0,49.0,power_20260923T024053Z_7c7f5f05,power_20260923T024053Z_7c7f5f05_trial_2,gemm_tiled-2048-16,2,gemm_tiled,workload,cuda,gpu_board
2026-09-23T02:44:08.122407+00:00,1790131448.1224072,3582718.8692809483,0.030594825744628906,GPU-91e942dc-edbb-7f2a-9cea-167356bbd86a,NVIDIA H100 80GB HBM3,407.71,100.0,1.0,1980.0,2619.0,49.0,power_20260923T024053Z_7c7f5f05,power_20260923T024053Z_7c7f5f05_trial_2,gemm_tiled-2048-16,2,gemm_tiled,workload,cuda,gpu_board
2026-09-23T02:44:08.354290+00:00,1790131448.3542895,3582719.101164136,0.03291201591491699,GPU-91e942dc-edbb-7f2a-9cea-167356bbd86a,NVIDIA H100 80GB HBM3,407.63,100.0,1.0,1980.0,2619.0,49.0,power_20260923T024053Z_7c7f5f05,power_20260923T024053Z_7c7f5f05_trial_2,gemm_tiled-2048-16,2,gemm_tiled,workload,cuda,gpu_board
2026-09-23T02:44:08.586174+00:00,1790131448.5861745,3582719.3330483017,0.03058481216430664,GPU-91e942dc-edbb-7f2a-9cea-167356bbd86a,NVIDIA H100 80GB HBM3,407.58,100.0,1.0,1980.0,2619.0,49.0,power_20260923T024053Z_7c7f5f05,power_20260923T024053Z_7c7f5f05_trial_2,gemm_tiled-2048-16,2,gemm_tiled,workload,cuda,gpu_board
2026-09-23T02:44:08.818957+00:00,1790131448.8189569,3582719.565833199,0.034722089767456055,GPU-91e942dc-edbb-7f2a-9cea-167356bbd86a,NVIDIA H100 80GB HBM3,407.6,100.0,1.0,1980.0,2619.0,49.0,power_20260923T024053Z_7c7f5f05,power_20260923T024053Z_7c7f5f05_trial_2,gemm_tiled-2048-16,2,gemm_tiled,workload,cuda,gpu_board
2026-09-23T02:44:09.052027+00:00,1790131449.0520272,3582719.798902546,0.031130075454711914,GPU-91e942dc-edbb-7f2a-9cea-167356bbd86a,NVIDIA H100 80GB HBM3,407.68,100.0,1.0,1980.0,2619.0,49.0,power_20260923T024053Z_7c7f5f05,power_20260923T024053Z_7c7f5f05_trial_2,gemm_tiled-2048-16,2,gemm_tiled,workload,cuda,gpu_board
2026-09-23T02:44:09.284674+00:00,1790131449.2846737,3582720.031549111,0.03387808799743652,GPU-91e942dc-edbb-7f2a-9cea-167356bbd86a,NVIDIA H100 80GB HBM3,407.73,100.0,1.0,1980.0,2619.0,49.0,power_20260923T024053Z_7c7f5f05,power_20260923T024053Z_7c7f5f05_trial_2,gemm_tiled-2048-16,2,gemm_tiled,workload,cuda,gpu_board
2026-09-23T02:44:09.517297+00:00,1790131449.5172973,3582720.2641715873,0.031096696853637695,GPU-91e942dc-edbb-7f2a-9cea-167356bbd86a,NVIDIA H100 80GB HBM3,407.74,100.0,1.0,1980.0,2619.0,49.0,power_20260923T024053Z_7c7f5f05,power_20260923T024053Z_7c7f5f05_trial_2,gemm_tiled-2048-16,2,gemm_tiled,workload,cuda,gpu_board
2026-09-23T02:44:09.749675+00:00,1790131449.7496753,3582720.4965525893,0.03333592414855957,GPU-91e942dc-edbb-7f2a-9cea-167356bbd86a,NVIDIA H100 80GB HBM3,407.71,100.0,1.0,1980.0,2619.0,49.0,power_20260923T024053Z_7c7f5f05,power_20260923T024053Z_7c7f5f05_trial_2,gemm_tiled-2048-16,2,gemm_tiled,workload,cuda,gpu_board
2026-09-23T02:44:09.984168+00:00,1790131449.984168,3582720.7310524946,0.03532743453979492,GPU-91e942dc-edbb-7f2a-9cea-167356bbd86a,NVIDIA H100 80GB HBM3,407.72,100.0,1.0,1980.0,2619.0,49.0,power_20260923T024053Z_7c7f5f05,power_20260923T024053Z_7c7f5f05_trial_2,gemm_tiled-2048-16,2,gemm_tiled,workload,cuda,gpu_board
2026-09-23T02:44:10.218028+00:00,1790131450.2180283,3582720.964906814,0.03200340270996094,GPU-91e942dc-edbb-7f2a-9cea-167356bbd86a,NVIDIA H100 80GB HBM3,407.8,100.0,1.0,1980.0,2619.0,49.0,power_20260923T024053Z_7c7f5f05,power_20260923T024053Z_7c7f5f05_trial_2,gemm_tiled-2048-16,2,gemm_tiled,workload,cuda,gpu_board
2026-09-23T02:44:10.451143+00:00,1790131450.451143,3582721.1980180624,0.03384876251220703,GPU-91e942dc-edbb-7f2a-9cea-167356bbd86a,NVIDIA H100 80GB HBM3,407.7,100.0,1.0,1980.0,2619.0,49.0,power_20260923T024053Z_7c7f5f05,power_20260923T024053Z_7c7f5f05_trial_2,gemm_tiled-2048-16,2,gemm_tiled,workload,cuda,gpu_board
2026-09-23T02:44:10.683923+00:00,1790131450.6839228,3582721.430800557,0.03141379356384277,GPU-91e942dc-edbb-7f2a-9cea-167356bbd86a,NVIDIA H100 80GB HBM3,407.77,100.0,1.0,1980.0,2619.0,49.0,power_20260923T024053Z_7c7f5f05,power_20260923T024053Z_7c7f5f05_trial_2,gemm_tiled-2048-16,2,gemm_tiled,workload,cuda,gpu_board
2026-09-23T02:44:10.916816+00:00,1790131450.9168158,3582721.6636943826,0.03401446342468262,GPU-91e942dc-edbb-7f2a-9cea-167356bbd86a,NVIDIA H100 80GB HBM3,407.72,100.0,1.0,1980.0,2619.0,49.0,power_20260923T024053Z_7c7f5f05,power_20260923T024053Z_7c7f5f05_trial_2,gemm_tiled-2048-16,2,gemm_tiled,workload,cuda,gpu_board
2026-09-23T02:44:11.149420+00:00,1790131451.1494198,3582721.8962975917,0.03087306022644043,GPU-91e942dc-edbb-7f2a-9cea-167356bbd86a,NVIDIA H100 80GB HBM3,407.76,100.0,1.0,1980.0,2619.0,49.0,power_20260923T024053Z_7c7f5f05,power_20260923T024053Z_7c7f5f05_trial_2,gemm_tiled-2048-16,2,gemm_tiled,workload,cuda,gpu_board
2026-09-23T02:44:11.382308+00:00,1790131451.3823075,3582722.1291824663,0.034577131271362305,GPU-91e942dc-edbb-7f2a-9cea-167356bbd86a,NVIDIA H100 80GB HBM3,407.81,100.0,1.0,1980.0,2619.0,49.0,power_20260923T024053Z_7c7f5f05,power_20260923T024053Z_7c7f5f05_trial_2,gemm_tiled-2048-16,2,gemm_tiled,workload,cuda,gpu_board
2026-09-23T02:44:11.615410+00:00,1790131451.6154096,3582722.3622858394,0.03135347366333008,GPU-91e942dc-edbb-7f2a-9cea-167356bbd86a,NVIDIA H100 80GB HBM3,407.93,100.0,1.0,1980.0,2619.0,49.0,power_20260923T024053Z_7c7f5f05,power_20260923T024053Z_7c7f5f05_trial_2,gemm_tiled-2048-16,2,gemm_tiled,workload,cuda,gpu_board
2026-09-23T02:44:11.848159+00:00,1790131451.8481593,3582722.595035114,0.0338292121887207,GPU-91e942dc-edbb-7f2a-9cea-167356bbd86a,NVIDIA H100 80GB HBM3,407.91,100.0,1.0,1980.0,2619.0,49.0,power_20260923T024053Z_7c7f5f05,power_20260923T024053Z_7c7f5f05_trial_2,gemm_tiled-2048-16,2,gemm_tiled,workload,cuda,gpu_board
2026-09-23T02:44:12.082275+00:00,1790131452.082275,3582722.829154738,0.034039974212646484,GPU-91e942dc-edbb-7f2a-9cea-167356bbd86a,NVIDIA H100 80GB HBM3,407.88,100.0,1.0,1980.0,2619.0,49.0,power_20260923T024053Z_7c7f5f05,power_20260923T024053Z_7c7f5f05_trial_2,gemm_tiled-2048-16,2,gemm_tiled,workload,cuda,gpu_board
2026-09-23T02:44:12.321269+00:00,1790131452.321269,3582723.06815024,0.043575286865234375,GPU-91e942dc-edbb-7f2a-9cea-167356bbd86a,NVIDIA H100 80GB HBM3,407.82,100.0,1.0,1980.0,2619.0,49.0,power_20260923T024053Z_7c7f5f05,power_20260923T024053Z_7c7f5f05_trial_2,gemm_tiled-2048-16,2,gemm_tiled,workload,cuda,gpu_board
2026-09-23T02:44:12.559634+00:00,1790131452.5596342,3582723.3065118194,0.03280377388000488,GPU-91e942dc-edbb-7f2a-9cea-167356bbd86a,NVIDIA H100 80GB HBM3,407.78,100.0,1.0,1980.0,2619.0,49.0,power_20260923T024053Z_7c7f5f05,power_20260923T024053Z_7c7f5f05_trial_2,gemm_tiled-2048-16,2,gemm_tiled,workload,cuda,gpu_board
2026-09-23T02:44:12.793601+00:00,1790131452.7936006,3582723.5404789215,0.034802913665771484,GPU-91e942dc-edbb-7f2a-9cea-167356bbd86a,NVIDIA H100 80GB HBM3,407.81,100.0,1.0,1980.0,2619.0,49.0,power_20260923T024053Z_7c7f5f05,power_20260923T024053Z_7c7f5f05_trial_2,gemm_tiled-2048-16,2,gemm_tiled,workload,cuda,gpu_board
2026-09-23T02:44:13.027737+00:00,1790131453.0277371,3582723.774615244,0.03314471244812012,GPU-91e942dc-edbb-7f2a-9cea-167356bbd86a,NVIDIA H100 80GB HBM3,407.84,100.0,1.0,1980.0,2619.0,49.0,power_20260923T024053Z_7c7f5f05,power_20260923T024053Z_7c7f5f05_trial_2,gemm_tiled-2048-16,2,gemm_tiled,workload,cuda,gpu_board
2026-09-23T02:44:13.261559+00:00,1790131453.2615595,3582724.008434532,0.03417181968688965,GPU-91e942dc-edbb-7f2a-9cea-167356bbd86a,NVIDIA H100 80GB HBM3,407.88,100.0,1.0,1980.0,2619.0,49.0,power_20260923T024053Z_7c7f5f05,power_20260923T024053Z_7c7f5f05_trial_2,gemm_tiled-2048-16,2,gemm_tiled,workload,cuda,gpu_board
2026-09-23T02:44:13.494389+00:00,1790131453.4943886,3582724.2412647363,0.031212806701660156,GPU-91e942dc-edbb-7f2a-9cea-167356bbd86a,NVIDIA H100 80GB HBM3,407.88,100.0,1.0,1980.0,2619.0,49.0,power_20260923T024053Z_7c7f5f05,power_20260923T024053Z_7c7f5f05_trial_2,gemm_tiled-2048-16,2,gemm_tiled,workload,cuda,gpu_board
2026-09-23T02:44:13.727352+00:00,1790131453.7273521,3582724.4742261153,0.034410953521728516,GPU-91e942dc-edbb-7f2a-9cea-167356bbd86a,NVIDIA H100 80GB HBM3,407.93,100.0,1.0,1980.0,2619.0,49.0,power_20260923T024053Z_7c7f5f05,power_20260923T024053Z_7c7f5f05_trial_2,gemm_tiled-2048-16,2,gemm_tiled,workload,cuda,gpu_board
2026-09-23T02:44:13.960440+00:00,1790131453.9604402,3582724.70731676,0.03149724006652832,GPU-91e942dc-edbb-7f2a-9cea-167356bbd86a,NVIDIA H100 80GB HBM3,369.76,2.0,0.0,1980.0,2619.0,44.0,power_20260923T024053Z_7c7f5f05,power_20260923T024053Z_7c7f5f05_trial_2,vector_add-67108864-512,2,vector_add,idle,cuda,gpu_board
2026-09-23T02:44:14.191611+00:00,1790131454.1916113,3582724.9384839446,0.0305631160736084,GPU-91e942dc-edbb-7f2a-9cea-167356bbd86a,NVIDIA H100 80GB HBM3,323.04,0.0,0.0,1980.0,2619.0,42.0,power_20260923T024053Z_7c7f5f05,power_20260923T024053Z_7c7f5f05_trial_2,vector_add-67108864-512,2,vector_add,idle,cuda,gpu_board
2026-09-23T02:44:14.421580+00:00,1790131454.4215803,3582725.168451812,0.029141664505004883,GPU-91e942dc-edbb-7f2a-9cea-167356bbd86a,NVIDIA H100 80GB HBM3,275.38,0.0,0.0,1980.0,2619.0,41.0,power_20260923T024053Z_7c7f5f05,power_20260923T024053Z_7c7f5f05_trial_2,vector_add-67108864-512,2,vector_add,idle,cuda,gpu_board
2026-09-23T02:44:14.650576+00:00,1790131454.6505764,3582725.3974479623,0.028631210327148438,GPU-91e942dc-edbb-7f2a-9cea-167356bbd86a,NVIDIA H100 80GB HBM3,199.66,0.0,0.0,1980.0,2619.0,41.0,power_20260923T024053Z_7c7f5f05,power_20260923T024053Z_7c7f5f05_trial_2,vector_add-67108864-512,2,vector_add,idle,cuda,gpu_board
2026-09-23T02:44:14.880210+00:00,1790131454.88021,3582725.6270860387,0.03035736083984375,GPU-91e942dc-edbb-7f2a-9cea-167356bbd86a,NVIDIA H100 80GB HBM3,165.06,0.0,0.0,1980.0,2619.0,41.0,power_20260923T024053Z_7c7f5f05,power_20260923T024053Z_7c7f5f05_trial_2,vector_add-67108864-512,2,vector_add,idle,cuda,gpu_board
2026-09-23T02:44:15.109795+00:00,1790131455.109795,3582725.8566673603,0.028517961502075195,GPU-91e942dc-edbb-7f2a-9cea-167356bbd86a,NVIDIA H100 80GB HBM3,164.34,0.0,0.0,1980.0,2619.0,40.0,power_20260923T024053Z_7c7f5f05,power_20260923T024053Z_7c7f5f05_trial_2,vector_add-67108864-512,2,vector_add,idle,cuda,gpu_board
2026-09-23T02:44:15.338458+00:00,1790131455.3384578,3582726.0853322707,0.028559207916259766,GPU-91e942dc-edbb-7f2a-9cea-167356bbd86a,NVIDIA H100 80GB HBM3,163.92,0.0,0.0,1980.0,2619.0,40.0,power_20260923T024053Z_7c7f5f05,power_20260923T024053Z_7c7f5f05_trial_2,vector_add-67108864-512,2,vector_add,idle,cuda,gpu_board
2026-09-23T02:44:15.567815+00:00,1790131455.5678148,3582726.3146904763,0.029880285263061523,GPU-91e942dc-edbb-7f2a-9cea-167356bbd86a,NVIDIA H100 80GB HBM3,163.43,0.0,0.0,1980.0,2619.0,40.0,power_20260923T024053Z_7c7f5f05,power_20260923T024053Z_7c7f5f05_trial_2,vector_add-67108864-512,2,vector_add,idle,cuda,gpu_board
2026-09-23T02:44:15.798573+00:00,1790131455.7985735,3582726.545448263,0.031343698501586914,GPU-91e942dc-edbb-7f2a-9cea-167356bbd86a,NVIDIA H100 80GB HBM3,154.47,0.0,0.0,405.0,2619.0,39.0,power_20260923T024053Z_7c7f5f05,power_20260923T024053Z_7c7f5f05_trial_2,vector_add-67108864-512,2,vector_add,idle,cuda,gpu_board
2026-09-23T02:44:16.030548+00:00,1790131456.0305476,3582726.777421758,0.032327890396118164,GPU-91e942dc-edbb-7f2a-9cea-167356bbd86a,NVIDIA H100 80GB HBM3,141.56,0.0,0.0,375.0,2619.0,38.0,power_20260923T024053Z_7c7f5f05,power_20260923T024053Z_7c7f5f05_trial_2,vector_add-67108864-512,2,vector_add,idle,cuda,gpu_board
2026-09-23T02:44:16.262979+00:00,1790131456.2629786,3582727.0098529924,0.03226590156555176,GPU-91e942dc-edbb-7f2a-9cea-167356bbd86a,NVIDIA H100 80GB HBM3,123.09,0.0,0.0,345.0,2619.0,38.0,power_20260923T024053Z_7c7f5f05,power_20260923T024053Z_7c7f5f05_trial_2,vector_add-67108864-512,2,vector_add,idle,cuda,gpu_board
2026-09-23T02:44:16.495550+00:00,1790131456.4955504,3582727.242424731,0.03259849548339844,GPU-91e942dc-edbb-7f2a-9cea-167356bbd86a,NVIDIA H100 80GB HBM3,109.4,0.0,0.0,345.0,2619.0,38.0,power_20260923T024053Z_7c7f5f05,power_20260923T024053Z_7c7f5f05_trial_2,vector_add-67108864-512,2,vector_add,idle,cuda,gpu_board
2026-09-23T02:44:16.727834+00:00,1790131456.7278345,3582727.474707879,0.031708717346191406,GPU-91e942dc-edbb-7f2a-9cea-167356bbd86a,NVIDIA H100 80GB HBM3,98.93,0.0,0.0,345.0,2619.0,38.0,power_20260923T024053Z_7c7f5f05,power_20260923T024053Z_7c7f5f05_trial_2,vector_add-67108864-512,2,vector_add,idle,cuda,gpu_board
2026-09-23T02:44:16.959387+00:00,1790131456.9593873,3582727.706260477,0.03114628791809082,GPU-91e942dc-edbb-7f2a-9cea-167356bbd86a,NVIDIA H100 80GB HBM3,98.71,0.0,0.0,345.0,2619.0,37.0,power_20260923T024053Z_7c7f5f05,power_20260923T024053Z_7c7f5f05_trial_2,vector_add-67108864-512,2,vector_add,idle,cuda,gpu_board
2026-09-23T02:44:17.190572+00:00,1790131457.1905715,3582727.937444747,0.030975341796875,GPU-91e942dc-edbb-7f2a-9cea-167356bbd86a,NVIDIA H100 80GB HBM3,98.61,0.0,0.0,345.0,2619.0,37.0,power_20260923T024053Z_7c7f5f05,power_20260923T024053Z_7c7f5f05_trial_2,vector_add-67108864-512,2,vector_add,idle,cuda,gpu_board
2026-09-23T02:44:17.421624+00:00,1790131457.4216237,3582728.168496686,0.03095555305480957,GPU-91e942dc-edbb-7f2a-9cea-167356bbd86a,NVIDIA H100 80GB HBM3,98.53,0.0,0.0,345.0,2619.0,37.0,power_20260923T024053Z_7c7f5f05,power_20260923T024053Z_7c7f5f05_trial_2,vector_add-67108864-512,2,vector_add,idle,cuda,gpu_board
2026-09-23T02:44:17.653161+00:00,1790131457.6531608,3582728.4000348235,0.03186321258544922,GPU-91e942dc-edbb-7f2a-9cea-167356bbd86a,NVIDIA H100 80GB HBM3,98.43,0.0,0.0,345.0,2619.0,37.0,power_20260923T024053Z_7c7f5f05,power_20260923T024053Z_7c7f5f05_trial_2,vector_add-67108864-512,2,vector_add,idle,cuda,gpu_board
2026-09-23T02:44:17.885583+00:00,1790131457.885583,3582728.6324605434,0.032645463943481445,GPU-91e942dc-edbb-7f2a-9cea-167356bbd86a,NVIDIA H100 80GB HBM3,98.42,0.0,0.0,345.0,2619.0,37.0,power_20260923T024053Z_7c7f5f05,power_20260923T024053Z_7c7f5f05_trial_2,vector_add-67108864-512,2,vector_add,idle,cuda,gpu_board
2026-09-23T02:44:18.120656+00:00,1790131458.1206555,3582728.8675357844,0.03717613220214844,GPU-91e942dc-edbb-7f2a-9cea-167356bbd86a,NVIDIA H100 80GB HBM3,98.39,0.0,0.0,345.0,2619.0,37.0,power_20260923T024053Z_7c7f5f05,power_20260923T024053Z_7c7f5f05_trial_2,vector_add-67108864-512,2,vector_add,workload,cuda,gpu_board
2026-09-23T02:44:18.443831+00:00,1790131458.4438314,3582729.190710199,0.20882081985473633,GPU-91e942dc-edbb-7f2a-9cea-167356bbd86a,NVIDIA H100 80GB HBM3,98.35,0.0,0.0,345.0,2619.0,37.0,power_20260923T024053Z_7c7f5f05,power_20260923T024053Z_7c7f5f05_trial_2,vector_add-67108864-512,2,vector_add,workload,cuda,gpu_board
2026-09-23T02:44:18.767272+00:00,1790131458.767272,3582729.514154058,0.0377039909362793,GPU-91e942dc-edbb-7f2a-9cea-167356bbd86a,NVIDIA H100 80GB HBM3,105.37,0.0,0.0,1980.0,2619.0,38.0,power_20260923T024053Z_7c7f5f05,power_20260923T024053Z_7c7f5f05_trial_2,vector_add-67108864-512,2,vector_add,workload,cuda,gpu_board
2026-09-23T02:44:19.003489+00:00,1790131459.0034895,3582729.750366086,0.03437495231628418,GPU-91e942dc-edbb-7f2a-9cea-167356bbd86a,NVIDIA H100 80GB HBM3,181.13,100.0,100.0,1980.0,2619.0,41.0,power_20260923T024053Z_7c7f5f05,power_20260923T024053Z_7c7f5f05_trial_2,vector_add-67108864-512,2,vector_add,workload,cuda,gpu_board
2026-09-23T02:44:19.239041+00:00,1790131459.2390409,3582729.9859160804,0.03641867637634277,GPU-91e942dc-edbb-7f2a-9cea-167356bbd86a,NVIDIA H100 80GB HBM3,252.28,100.0,100.0,1980.0,2619.0,42.0,power_20260923T024053Z_7c7f5f05,power_20260923T024053Z_7c7f5f05_trial_2,vector_add-67108864-512,2,vector_add,workload,cuda,gpu_board
2026-09-23T02:44:19.474719+00:00,1790131459.474719,3582730.2215926424,0.03467106819152832,GPU-91e942dc-edbb-7f2a-9cea-167356bbd86a,NVIDIA H100 80GB HBM3,356.69,100.0,100.0,1980.0,2619.0,43.0,power_20260923T024053Z_7c7f5f05,power_20260923T024053Z_7c7f5f05_trial_2,vector_add-67108864-512,2,vector_add,workload,cuda,gpu_board
2026-09-23T02:44:19.709271+00:00,1790131459.7092714,3582730.4561439776,0.03417015075683594,GPU-91e942dc-edbb-7f2a-9cea-167356bbd86a,NVIDIA H100 80GB HBM3,414.34,100.0,100.0,1980.0,2619.0,43.0,power_20260923T024053Z_7c7f5f05,power_20260923T024053Z_7c7f5f05_trial_2,vector_add-67108864-512,2,vector_add,workload,cuda,gpu_board
2026-09-23T02:44:19.945686+00:00,1790131459.945686,3582730.6925624534,0.038425445556640625,GPU-91e942dc-edbb-7f2a-9cea-167356bbd86a,NVIDIA H100 80GB HBM3,446.52,100.0,100.0,1980.0,2619.0,43.0,power_20260923T024053Z_7c7f5f05,power_20260923T024053Z_7c7f5f05_trial_2,vector_add-67108864-512,2,vector_add,workload,cuda,gpu_board
2026-09-23T02:44:20.181910+00:00,1790131460.1819098,3582730.9287825087,0.03373861312866211,GPU-91e942dc-edbb-7f2a-9cea-167356bbd86a,NVIDIA H100 80GB HBM3,447.45,100.0,100.0,1980.0,2619.0,44.0,power_20260923T024053Z_7c7f5f05,power_20260923T024053Z_7c7f5f05_trial_2,vector_add-67108864-512,2,vector_add,workload,cuda,gpu_board
2026-09-23T02:44:20.417601+00:00,1790131460.4176006,3582731.164480163,0.03739762306213379,GPU-91e942dc-edbb-7f2a-9cea-167356bbd86a,NVIDIA H100 80GB HBM3,448.13,100.0,100.0,1980.0,2619.0,44.0,power_20260923T024053Z_7c7f5f05,power_20260923T024053Z_7c7f5f05_trial_2,vector_add-67108864-512,2,vector_add,workload,cuda,gpu_board
2026-09-23T02:44:20.654338+00:00,1790131460.6543381,3582731.401212296,0.03574371337890625,GPU-91e942dc-edbb-7f2a-9cea-167356bbd86a,NVIDIA H100 80GB HBM3,448.79,100.0,100.0,1980.0,2619.0,44.0,power_20260923T024053Z_7c7f5f05,power_20260923T024053Z_7c7f5f05_trial_2,vector_add-67108864-512,2,vector_add,workload,cuda,gpu_board
2026-09-23T02:44:20.889558+00:00,1790131460.8895576,3582731.636428748,0.03442811965942383,GPU-91e942dc-edbb-7f2a-9cea-167356bbd86a,NVIDIA H100 80GB HBM3,449.63,100.0,100.0,1980.0,2619.0,44.0,power_20260923T024053Z_7c7f5f05,power_20260923T024053Z_7c7f5f05_trial_2,vector_add-67108864-512,2,vector_add,workload,cuda,gpu_board
2026-09-23T02:44:21.125714+00:00,1790131461.1257143,3582731.872594257,0.037668704986572266,GPU-91e942dc-edbb-7f2a-9cea-167356bbd86a,NVIDIA H100 80GB HBM3,450.07,100.0,100.0,1980.0,2619.0,44.0,power_20260923T024053Z_7c7f5f05,power_20260923T024053Z_7c7f5f05_trial_2,vector_add-67108864-512,2,vector_add,workload,cuda,gpu_board
2026-09-23T02:44:21.362790+00:00,1790131461.3627896,3582732.1096662898,0.03612470626831055,GPU-91e942dc-edbb-7f2a-9cea-167356bbd86a,NVIDIA H100 80GB HBM3,450.08,100.0,100.0,1980.0,2619.0,44.0,power_20260923T024053Z_7c7f5f05,power_20260923T024053Z_7c7f5f05_trial_2,vector_add-67108864-512,2,vector_add,workload,cuda,gpu_board
2026-09-23T02:44:21.598233+00:00,1790131461.598233,3582732.3451081575,0.034433841705322266,GPU-91e942dc-edbb-7f2a-9cea-167356bbd86a,NVIDIA H100 80GB HBM3,450.28,100.0,100.0,1980.0,2619.0,44.0,power_20260923T024053Z_7c7f5f05,power_20260923T024053Z_7c7f5f05_trial_2,vector_add-67108864-512,2,vector_add,workload,cuda,gpu_board
2026-09-23T02:44:21.834080+00:00,1790131461.8340802,3582732.5809580972,0.03698229789733887,GPU-91e942dc-edbb-7f2a-9cea-167356bbd86a,NVIDIA H100 80GB HBM3,450.37,100.0,100.0,1980.0,2619.0,44.0,power_20260923T024053Z_7c7f5f05,power_20260923T024053Z_7c7f5f05_trial_2,vector_add-67108864-512,2,vector_add,workload,cuda,gpu_board
2026-09-23T02:44:22.069612+00:00,1790131462.0696118,3582732.8164856257,0.03375864028930664,GPU-91e942dc-edbb-7f2a-9cea-167356bbd86a,NVIDIA H100 80GB HBM3,450.41,100.0,100.0,1980.0,2619.0,45.0,power_20260923T024053Z_7c7f5f05,power_20260923T024053Z_7c7f5f05_trial_2,vector_add-67108864-512,2,vector_add,workload,cuda,gpu_board
2026-09-23T02:44:22.304959+00:00,1790131462.3049593,3582733.051837718,0.03667092323303223,GPU-91e942dc-edbb-7f2a-9cea-167356bbd86a,NVIDIA H100 80GB HBM3,450.54,100.0,100.0,1980.0,2619.0,45.0,power_20260923T024053Z_7c7f5f05,power_20260923T024053Z_7c7f5f05_trial_2,vector_add-67108864-512,2,vector_add,workload,cuda,gpu_board
2026-09-23T02:44:22.540813+00:00,1790131462.5408127,3582733.2876877757,0.03471183776855469,GPU-91e942dc-edbb-7f2a-9cea-167356bbd86a,NVIDIA H100 80GB HBM3,450.61,100.0,100.0,1980.0,2619.0,45.0,power_20260923T024053Z_7c7f5f05,power_20260923T024053Z_7c7f5f05_trial_2,vector_add-67108864-512,2,vector_add,workload,cuda,gpu_board
2026-09-23T02:44:22.776683+00:00,1790131462.776683,3582733.52355913,0.03674459457397461,GPU-91e942dc-edbb-7f2a-9cea-167356bbd86a,NVIDIA H100 80GB HBM3,450.67,100.0,100.0,1980.0,2619.0,45.0,power_20260923T024053Z_7c7f5f05,power_20260923T024053Z_7c7f5f05_trial_2,vector_add-67108864-512,2,vector_add,workload,cuda,gpu_board
2026-09-23T02:44:23.013627+00:00,1790131463.013627,3582733.7605024427,0.036847591400146484,GPU-91e942dc-edbb-7f2a-9cea-167356bbd86a,NVIDIA H100 80GB HBM3,450.76,100.0,100.0,1980.0,2619.0,45.0,power_20260923T024053Z_7c7f5f05,power_20260923T024053Z_7c7f5f05_trial_2,vector_add-67108864-512,2,vector_add,workload,cuda,gpu_board
2026-09-23T02:44:23.251033+00:00,1790131463.2510328,3582733.9979117047,0.03767275810241699,GPU-91e942dc-edbb-7f2a-9cea-167356bbd86a,NVIDIA H100 80GB HBM3,450.81,100.0,100.0,1980.0,2619.0,45.0,power_20260923T024053Z_7c7f5f05,power_20260923T024053Z_7c7f5f05_trial_2,vector_add-67108864-512,2,vector_add,workload,cuda,gpu_board
2026-09-23T02:44:23.487812+00:00,1790131463.4878116,3582734.234690106,0.03555560111999512,GPU-91e942dc-edbb-7f2a-9cea-167356bbd86a,NVIDIA H100 80GB HBM3,450.87,100.0,100.0,1980.0,2619.0,45.0,power_20260923T024053Z_7c7f5f05,power_20260923T024053Z_7c7f5f05_trial_2,vector_add-67108864-512,2,vector_add,workload,cuda,gpu_board
2026-09-23T02:44:23.724484+00:00,1790131463.724484,3582734.471361473,0.03747391700744629,GPU-91e942dc-edbb-7f2a-9cea-167356bbd86a,NVIDIA H100 80GB HBM3,450.94,100.0,100.0,1980.0,2619.0,45.0,power_20260923T024053Z_7c7f5f05,power_20260923T024053Z_7c7f5f05_trial_2,vector_add-67108864-512,2,vector_add,workload,cuda,gpu_board
2026-09-23T02:44:23.962497+00:00,1790131463.9624968,3582734.7093711086,0.03824138641357422,GPU-91e942dc-edbb-7f2a-9cea-167356bbd86a,NVIDIA H100 80GB HBM3,450.98,100.0,100.0,1980.0,2619.0,45.0,power_20260923T024053Z_7c7f5f05,power_20260923T024053Z_7c7f5f05_trial_2,vector_add-67108864-512,2,vector_add,workload,cuda,gpu_board
2026-09-23T02:44:24.200650+00:00,1790131464.2006505,3582734.9475256177,0.03779745101928711,GPU-91e942dc-edbb-7f2a-9cea-167356bbd86a,NVIDIA H100 80GB HBM3,451.02,100.0,100.0,1980.0,2619.0,45.0,power_20260923T024053Z_7c7f5f05,power_20260923T024053Z_7c7f5f05_trial_2,vector_add-67108864-512,2,vector_add,workload,cuda,gpu_board
2026-09-23T02:44:24.436466+00:00,1790131464.4364657,3582735.1833393336,0.03355669975280762,GPU-91e942dc-edbb-7f2a-9cea-167356bbd86a,NVIDIA H100 80GB HBM3,451.04,100.0,100.0,1980.0,2619.0,45.0,power_20260923T024053Z_7c7f5f05,power_20260923T024053Z_7c7f5f05_trial_2,vector_add-67108864-512,2,vector_add,workload,cuda,gpu_board
2026-09-23T02:44:24.670123+00:00,1790131464.6701226,3582735.416994144,0.033504486083984375,GPU-91e942dc-edbb-7f2a-9cea-167356bbd86a,NVIDIA H100 80GB HBM3,451.03,100.0,100.0,1980.0,2619.0,45.0,power_20260923T024053Z_7c7f5f05,power_20260923T024053Z_7c7f5f05_trial_2,vector_add-67108864-512,2,vector_add,workload,cuda,gpu_board
2026-09-23T02:44:24.905749+00:00,1790131464.9057486,3582735.652625812,0.03752470016479492,GPU-91e942dc-edbb-7f2a-9cea-167356bbd86a,NVIDIA H100 80GB HBM3,451.05,100.0,100.0,1980.0,2619.0,45.0,power_20260923T024053Z_7c7f5f05,power_20260923T024053Z_7c7f5f05_trial_2,vector_add-67108864-512,2,vector_add,workload,cuda,gpu_board
2026-09-23T02:44:25.141595+00:00,1790131465.141595,3582735.888468221,0.033870697021484375,GPU-91e942dc-edbb-7f2a-9cea-167356bbd86a,NVIDIA H100 80GB HBM3,451.09,100.0,100.0,1980.0,2619.0,45.0,power_20260923T024053Z_7c7f5f05,power_20260923T024053Z_7c7f5f05_trial_2,vector_add-67108864-512,2,vector_add,workload,cuda,gpu_board
2026-09-23T02:44:25.376920+00:00,1790131465.3769197,3582736.1237956127,0.03651690483093262,GPU-91e942dc-edbb-7f2a-9cea-167356bbd86a,NVIDIA H100 80GB HBM3,451.07,100.0,100.0,1980.0,2619.0,45.0,power_20260923T024053Z_7c7f5f05,power_20260923T024053Z_7c7f5f05_trial_2,vector_add-67108864-512,2,vector_add,workload,cuda,gpu_board
2026-09-23T02:44:25.631217+00:00,1790131465.6312165,3582736.3780894447,0.07178950309753418,GPU-91e942dc-edbb-7f2a-9cea-167356bbd86a,NVIDIA H100 80GB HBM3,451.14,100.0,100.0,1980.0,2619.0,45.0,power_20260923T024053Z_7c7f5f05,power_20260923T024053Z_7c7f5f05_trial_2,vector_add-67108864-512,2,vector_add,workload,cuda,gpu_board
2026-09-23T02:44:25.884578+00:00,1790131465.8845778,3582736.6314523807,0.03466653823852539,GPU-91e942dc-edbb-7f2a-9cea-167356bbd86a,NVIDIA H100 80GB HBM3,451.2,100.0,100.0,1980.0,2619.0,45.0,power_20260923T024053Z_7c7f5f05,power_20260923T024053Z_7c7f5f05_trial_2,vector_add-67108864-512,2,vector_add,workload,cuda,gpu_board
2026-09-23T02:44:26.118555+00:00,1790131466.118555,3582736.8654262917,0.03301548957824707,GPU-91e942dc-edbb-7f2a-9cea-167356bbd86a,NVIDIA H100 80GB HBM3,451.14,100.0,100.0,1980.0,2619.0,45.0,power_20260923T024053Z_7c7f5f05,power_20260923T024053Z_7c7f5f05_trial_2,vector_add-67108864-512,2,vector_add,workload,cuda,gpu_board
2026-09-23T02:44:26.353468+00:00,1790131466.353468,3582737.1003455557,0.0365903377532959,GPU-91e942dc-edbb-7f2a-9cea-167356bbd86a,NVIDIA H100 80GB HBM3,450.83,100.0,100.0,1980.0,2619.0,45.0,power_20260923T024053Z_7c7f5f05,power_20260923T024053Z_7c7f5f05_trial_2,vector_add-67108864-512,2,vector_add,workload,cuda,gpu_board
2026-09-23T02:44:26.589540+00:00,1790131466.5895398,3582737.336415341,0.03522920608520508,GPU-91e942dc-edbb-7f2a-9cea-167356bbd86a,NVIDIA H100 80GB HBM3,450.33,100.0,100.0,1980.0,2619.0,45.0,power_20260923T024053Z_7c7f5f05,power_20260923T024053Z_7c7f5f05_trial_2,vector_add-67108864-512,2,vector_add,workload,cuda,gpu_board
2026-09-23T02:44:26.824851+00:00,1790131466.824851,3582737.5717284195,0.03510689735412598,GPU-91e942dc-edbb-7f2a-9cea-167356bbd86a,NVIDIA H100 80GB HBM3,449.99,100.0,100.0,1980.0,2619.0,45.0,power_20260923T024053Z_7c7f5f05,power_20260923T024053Z_7c7f5f05_trial_2,vector_add-67108864-512,2,vector_add,workload,cuda,gpu_board
2026-09-23T02:44:27.059729+00:00,1790131467.059729,3582737.806607634,0.03434181213378906,GPU-91e942dc-edbb-7f2a-9cea-167356bbd86a,NVIDIA H100 80GB HBM3,449.64,100.0,100.0,1980.0,2619.0,45.0,power_20260923T024053Z_7c7f5f05,power_20260923T024053Z_7c7f5f05_trial_2,vector_add-67108864-512,2,vector_add,workload,cuda,gpu_board
2026-09-23T02:44:27.295875+00:00,1790131467.295875,3582738.0427502487,0.03762698173522949,GPU-91e942dc-edbb-7f2a-9cea-167356bbd86a,NVIDIA H100 80GB HBM3,449.61,100.0,100.0,1980.0,2619.0,45.0,power_20260923T024053Z_7c7f5f05,power_20260923T024053Z_7c7f5f05_trial_2,vector_add-67108864-512,2,vector_add,workload,cuda,gpu_board
2026-09-23T02:44:27.531851+00:00,1790131467.531851,3582738.278727416,0.034041404724121094,GPU-91e942dc-edbb-7f2a-9cea-167356bbd86a,NVIDIA H100 80GB HBM3,449.63,100.0,100.0,1980.0,2619.0,45.0,power_20260923T024053Z_7c7f5f05,power_20260923T024053Z_7c7f5f05_trial_2,vector_add-67108864-512,2,vector_add,workload,cuda,gpu_board
2026-09-23T02:44:27.767233+00:00,1790131467.7672331,3582738.514108236,0.0364375114440918,GPU-91e942dc-edbb-7f2a-9cea-167356bbd86a,NVIDIA H100 80GB HBM3,449.6,100.0,100.0,1980.0,2619.0,45.0,power_20260923T024053Z_7c7f5f05,power_20260923T024053Z_7c7f5f05_trial_2,vector_add-67108864-512,2,vector_add,workload,cuda,gpu_board
2026-09-23T02:44:28.003099+00:00,1790131468.0030987,3582738.7499722373,0.035025596618652344,GPU-91e942dc-edbb-7f2a-9cea-167356bbd86a,NVIDIA H100 80GB HBM3,449.67,100.0,100.0,1980.0,2619.0,45.0,power_20260923T024053Z_7c7f5f05,power_20260923T024053Z_7c7f5f05_trial_2,vector_add-67108864-512,2,vector_add,workload,cuda,gpu_board
2026-09-23T02:44:28.238828+00:00,1790131468.2388277,3582738.985703091,0.03617453575134277,GPU-91e942dc-edbb-7f2a-9cea-167356bbd86a,NVIDIA H100 80GB HBM3,449.72,100.0,100.0,1980.0,2619.0,45.0,power_20260923T024053Z_7c7f5f05,power_20260923T024053Z_7c7f5f05_trial_2,vector_add-67108864-512,2,vector_add,workload,cuda,gpu_board
2026-09-23T02:44:28.478750+00:00,1790131468.4787502,3582739.2256231406,0.04339241981506348,GPU-91e942dc-edbb-7f2a-9cea-167356bbd86a,NVIDIA H100 80GB HBM3,449.75,100.0,100.0,1980.0,2619.0,45.0,power_20260923T024053Z_7c7f5f05,power_20260923T024053Z_7c7f5f05_trial_2,vector_add-67108864-512,2,vector_add,workload,cuda,gpu_board
2026-09-23T02:44:28.717898+00:00,1790131468.7178984,3582739.464777286,0.03466391563415527,GPU-91e942dc-edbb-7f2a-9cea-167356bbd86a,NVIDIA H100 80GB HBM3,449.8,100.0,100.0,1980.0,2619.0,45.0,power_20260923T024053Z_7c7f5f05,power_20260923T024053Z_7c7f5f05_trial_2,vector_add-67108864-512,2,vector_add,workload,cuda,gpu_board
2026-09-23T02:44:28.953968+00:00,1790131468.9539683,3582739.7008419447,0.03714179992675781,GPU-91e942dc-edbb-7f2a-9cea-167356bbd86a,NVIDIA H100 80GB HBM3,449.76,100.0,100.0,1980.0,2619.0,46.0,power_20260923T024053Z_7c7f5f05,power_20260923T024053Z_7c7f5f05_trial_2,vector_add-67108864-512,2,vector_add,workload,cuda,gpu_board
2026-09-23T02:44:29.189794+00:00,1790131469.189794,3582739.9366705157,0.03423428535461426,GPU-91e942dc-edbb-7f2a-9cea-167356bbd86a,NVIDIA H100 80GB HBM3,449.7,100.0,100.0,1980.0,2619.0,46.0,power_20260923T024053Z_7c7f5f05,power_20260923T024053Z_7c7f5f05_trial_2,vector_add-67108864-512,2,vector_add,workload,cuda,gpu_board
2026-09-23T02:44:29.425160+00:00,1790131469.42516,3582740.1720334366,0.03619885444641113,GPU-91e942dc-edbb-7f2a-9cea-167356bbd86a,NVIDIA H100 80GB HBM3,449.7,100.0,100.0,1980.0,2619.0,46.0,power_20260923T024053Z_7c7f5f05,power_20260923T024053Z_7c7f5f05_trial_2,vector_add-67108864-512,2,vector_add,workload,cuda,gpu_board
2026-09-23T02:44:29.660587+00:00,1790131469.6605868,3582740.4074647008,0.03440451622009277,GPU-91e942dc-edbb-7f2a-9cea-167356bbd86a,NVIDIA H100 80GB HBM3,449.67,100.0,100.0,1980.0,2619.0,46.0,power_20260923T024053Z_7c7f5f05,power_20260923T024053Z_7c7f5f05_trial_2,vector_add-67108864-512,2,vector_add,workload,cuda,gpu_board
2026-09-23T02:44:29.897017+00:00,1790131469.897017,3582740.6438972205,0.038080453872680664,GPU-91e942dc-edbb-7f2a-9cea-167356bbd86a,NVIDIA H100 80GB HBM3,449.73,100.0,100.0,1980.0,2619.0,46.0,power_20260923T024053Z_7c7f5f05,power_20260923T024053Z_7c7f5f05_trial_2,vector_add-67108864-512,2,vector_add,workload,cuda,gpu_board
2026-09-23T02:44:30.133659+00:00,1790131470.1336591,3582740.8805362033,0.03486013412475586,GPU-91e942dc-edbb-7f2a-9cea-167356bbd86a,NVIDIA H100 80GB HBM3,449.77,100.0,100.0,1980.0,2619.0,46.0,power_20260923T024053Z_7c7f5f05,power_20260923T024053Z_7c7f5f05_trial_2,vector_add-67108864-512,2,vector_add,workload,cuda,gpu_board
2026-09-23T02:44:30.369436+00:00,1790131470.3694363,3582741.1163108055,0.03636598587036133,GPU-91e942dc-edbb-7f2a-9cea-167356bbd86a,NVIDIA H100 80GB HBM3,449.96,100.0,100.0,1980.0,2619.0,46.0,power_20260923T024053Z_7c7f5f05,power_20260923T024053Z_7c7f5f05_trial_2,vector_add-67108864-512,2,vector_add,workload,cuda,gpu_board
2026-09-23T02:44:30.605834+00:00,1790131470.6058335,3582741.352706547,0.0361630916595459,GPU-91e942dc-edbb-7f2a-9cea-167356bbd86a,NVIDIA H100 80GB HBM3,450.45,100.0,100.0,1980.0,2619.0,46.0,power_20260923T024053Z_7c7f5f05,power_20260923T024053Z_7c7f5f05_trial_2,vector_add-67108864-512,2,vector_add,workload,cuda,gpu_board
2026-09-23T02:44:30.841349+00:00,1790131470.8413491,3582741.5882255817,0.03463315963745117,GPU-91e942dc-edbb-7f2a-9cea-167356bbd86a,NVIDIA H100 80GB HBM3,450.67,100.0,100.0,1980.0,2619.0,46.0,power_20260923T024053Z_7c7f5f05,power_20260923T024053Z_7c7f5f05_trial_2,vector_add-67108864-512,2,vector_add,workload,cuda,gpu_board
2026-09-23T02:44:31.077456+00:00,1790131471.0774555,3582741.824333996,0.03727555274963379,GPU-91e942dc-edbb-7f2a-9cea-167356bbd86a,NVIDIA H100 80GB HBM3,450.92,100.0,100.0,1980.0,2619.0,46.0,power_20260923T024053Z_7c7f5f05,power_20260923T024053Z_7c7f5f05_trial_2,vector_add-67108864-512,2,vector_add,workload,cuda,gpu_board
2026-09-23T02:44:31.326982+00:00,1790131471.326982,3582742.073860687,0.06144905090332031,GPU-91e942dc-edbb-7f2a-9cea-167356bbd86a,NVIDIA H100 80GB HBM3,451.16,100.0,100.0,1980.0,2619.0,46.0,power_20260923T024053Z_7c7f5f05,power_20260923T024053Z_7c7f5f05_trial_2,vector_add-67108864-512,2,vector_add,workload,cuda,gpu_board
2026-09-23T02:44:31.576724+00:00,1790131471.5767236,3582742.3235979006,0.03768181800842285,GPU-91e942dc-edbb-7f2a-9cea-167356bbd86a,NVIDIA H100 80GB HBM3,451.15,100.0,100.0,1980.0,2619.0,46.0,power_20260923T024053Z_7c7f5f05,power_20260923T024053Z_7c7f5f05_trial_2,vector_add-67108864-512,2,vector_add,workload,cuda,gpu_board
2026-09-23T02:44:31.812632+00:00,1790131471.812632,3582742.559508981,0.03386950492858887,GPU-91e942dc-edbb-7f2a-9cea-167356bbd86a,NVIDIA H100 80GB HBM3,451.11,100.0,100.0,1980.0,2619.0,46.0,power_20260923T024053Z_7c7f5f05,power_20260923T024053Z_7c7f5f05_trial_2,vector_add-67108864-512,2,vector_add,workload,cuda,gpu_board
2026-09-23T02:44:32.048054+00:00,1790131472.0480535,3582742.794928573,0.03665971755981445,GPU-91e942dc-edbb-7f2a-9cea-167356bbd86a,NVIDIA H100 80GB HBM3,451.11,100.0,100.0,1980.0,2619.0,46.0,power_20260923T024053Z_7c7f5f05,power_20260923T024053Z_7c7f5f05_trial_2,vector_add-67108864-512,2,vector_add,workload,cuda,gpu_board
2026-09-23T02:44:32.283524+00:00,1790131472.2835238,3582743.0303993747,0.034027099609375,GPU-91e942dc-edbb-7f2a-9cea-167356bbd86a,NVIDIA H100 80GB HBM3,451.14,100.0,100.0,1980.0,2619.0,46.0,power_20260923T024053Z_7c7f5f05,power_20260923T024053Z_7c7f5f05_trial_2,vector_add-67108864-512,2,vector_add,workload,cuda,gpu_board
2026-09-23T02:44:32.518851+00:00,1790131472.5188513,3582743.2657240625,0.03634047508239746,GPU-91e942dc-edbb-7f2a-9cea-167356bbd86a,NVIDIA H100 80GB HBM3,451.14,100.0,100.0,1980.0,2619.0,46.0,power_20260923T024053Z_7c7f5f05,power_20260923T024053Z_7c7f5f05_trial_2,vector_add-67108864-512,2,vector_add,workload,cuda,gpu_board
2026-09-23T02:44:32.753831+00:00,1790131472.753831,3582743.5007057153,0.03337454795837402,GPU-91e942dc-edbb-7f2a-9cea-167356bbd86a,NVIDIA H100 80GB HBM3,451.18,100.0,100.0,1980.0,2619.0,46.0,power_20260923T024053Z_7c7f5f05,power_20260923T024053Z_7c7f5f05_trial_2,vector_add-67108864-512,2,vector_add,workload,cuda,gpu_board
2026-09-23T02:44:32.988724+00:00,1790131472.9887242,3582743.7356029316,0.0361330509185791,GPU-91e942dc-edbb-7f2a-9cea-167356bbd86a,NVIDIA H100 80GB HBM3,451.22,100.0,100.0,1980.0,2619.0,46.0,power_20260923T024053Z_7c7f5f05,power_20260923T024053Z_7c7f5f05_trial_2,vector_add-67108864-512,2,vector_add,workload,cuda,gpu_board
2026-09-23T02:44:33.224029+00:00,1790131473.2240286,3582743.9709044867,0.03411221504211426,GPU-91e942dc-edbb-7f2a-9cea-167356bbd86a,NVIDIA H100 80GB HBM3,451.2,100.0,100.0,1980.0,2619.0,46.0,power_20260923T024053Z_7c7f5f05,power_20260923T024053Z_7c7f5f05_trial_2,vector_add-67108864-512,2,vector_add,workload,cuda,gpu_board
2026-09-23T02:44:33.460196+00:00,1790131473.4601955,3582744.207072794,0.03791522979736328,GPU-91e942dc-edbb-7f2a-9cea-167356bbd86a,NVIDIA H100 80GB HBM3,451.2,100.0,100.0,1980.0,2619.0,46.0,power_20260923T024053Z_7c7f5f05,power_20260923T024053Z_7c7f5f05_trial_2,vector_add-67108864-512,2,vector_add,workload,cuda,gpu_board
2026-09-23T02:44:33.696149+00:00,1790131473.696149,3582744.4430240244,0.03368377685546875,GPU-91e942dc-edbb-7f2a-9cea-167356bbd86a,NVIDIA H100 80GB HBM3,451.21,100.0,100.0,1980.0,2619.0,46.0,power_20260923T024053Z_7c7f5f05,power_20260923T024053Z_7c7f5f05_trial_2,vector_add-67108864-512,2,vector_add,workload,cuda,gpu_board
2026-09-23T02:44:33.969654+00:00,1790131473.9696538,3582744.7165279817,0.11301994323730469,GPU-91e942dc-edbb-7f2a-9cea-167356bbd86a,NVIDIA H100 80GB HBM3,422.35,100.0,100.0,1980.0,2619.0,44.0,power_20260923T024053Z_7c7f5f05,power_20260923T024053Z_7c7f5f05_trial_2,vector_add-67108864-512,2,vector_add,workload,cuda,gpu_board
2026-09-23T02:44:34.241805+00:00,1790131474.2418053,3582744.9886814314,0.031008243560791016,GPU-91e942dc-edbb-7f2a-9cea-167356bbd86a,NVIDIA H100 80GB HBM3,338.3,0.0,0.0,1980.0,2619.0,42.0,power_20260923T024053Z_7c7f5f05,power_20260923T024053Z_7c7f5f05_trial_2,vector_add-67108864-128,2,vector_add,idle,cuda,gpu_board
2026-09-23T02:44:34.472680+00:00,1790131474.4726796,3582745.2195565775,0.03038191795349121,GPU-91e942dc-edbb-7f2a-9cea-167356bbd86a,NVIDIA H100 80GB HBM3,278.74,0.0,0.0,1980.0,2619.0,41.0,power_20260923T024053Z_7c7f5f05,power_20260923T024053Z_7c7f5f05_trial_2,vector_add-67108864-128,2,vector_add,idle,cuda,gpu_board
2026-09-23T02:44:34.704866+00:00,1790131474.704866,3582745.451739477,0.03368258476257324,GPU-91e942dc-edbb-7f2a-9cea-167356bbd86a,NVIDIA H100 80GB HBM3,192.63,0.0,0.0,1980.0,2619.0,41.0,power_20260923T024053Z_7c7f5f05,power_20260923T024053Z_7c7f5f05_trial_2,vector_add-67108864-128,2,vector_add,idle,cuda,gpu_board
2026-09-23T02:44:34.937599+00:00,1790131474.9375987,3582745.6844740096,0.0315244197845459,GPU-91e942dc-edbb-7f2a-9cea-167356bbd86a,NVIDIA H100 80GB HBM3,164.59,0.0,0.0,1980.0,2619.0,40.0,power_20260923T024053Z_7c7f5f05,power_20260923T024053Z_7c7f5f05_trial_2,vector_add-67108864-128,2,vector_add,idle,cuda,gpu_board
2026-09-23T02:44:35.168343+00:00,1790131475.1683426,3582745.9152150764,0.029669523239135742,GPU-91e942dc-edbb-7f2a-9cea-167356bbd86a,NVIDIA H100 80GB HBM3,164.12,0.0,0.0,1980.0,2619.0,40.0,power_20260923T024053Z_7c7f5f05,power_20260923T024053Z_7c7f5f05_trial_2,vector_add-67108864-128,2,vector_add,idle,cuda,gpu_board
2026-09-23T02:44:35.397781+00:00,1790131475.3977814,3582746.144652481,0.028975248336791992,GPU-91e942dc-edbb-7f2a-9cea-167356bbd86a,NVIDIA H100 80GB HBM3,163.57,0.0,0.0,1980.0,2619.0,40.0,power_20260923T024053Z_7c7f5f05,power_20260923T024053Z_7c7f5f05_trial_2,vector_add-67108864-128,2,vector_add,idle,cuda,gpu_board
2026-09-23T02:44:35.627820+00:00,1790131475.6278195,3582746.374690725,0.030884981155395508,GPU-91e942dc-edbb-7f2a-9cea-167356bbd86a,NVIDIA H100 80GB HBM3,163.12,0.0,0.0,435.0,2619.0,40.0,power_20260923T024053Z_7c7f5f05,power_20260923T024053Z_7c7f5f05_trial_2,vector_add-67108864-128,2,vector_add,idle,cuda,gpu_board
2026-09-23T02:44:35.858861+00:00,1790131475.8588614,3582746.605732614,0.030982494354248047,GPU-91e942dc-edbb-7f2a-9cea-167356bbd86a,NVIDIA H100 80GB HBM3,150.55,0.0,0.0,405.0,2619.0,39.0,power_20260923T024053Z_7c7f5f05,power_20260923T024053Z_7c7f5f05_trial_2,vector_add-67108864-128,2,vector_add,idle,cuda,gpu_board
2026-09-23T02:44:36.090198+00:00,1790131476.0901976,3582746.8370685647,0.031472206115722656,GPU-91e942dc-edbb-7f2a-9cea-167356bbd86a,NVIDIA H100 80GB HBM3,131.4,0.0,0.0,375.0,2619.0,38.0,power_20260923T024053Z_7c7f5f05,power_20260923T024053Z_7c7f5f05_trial_2,vector_add-67108864-128,2,vector_add,idle,cuda,gpu_board
2026-09-23T02:44:36.321323+00:00,1790131476.3213234,3582747.0681946836,0.030564546585083008,GPU-91e942dc-edbb-7f2a-9cea-167356bbd86a,NVIDIA H100 80GB HBM3,118.54,0.0,0.0,345.0,2619.0,38.0,power_20260923T024053Z_7c7f5f05,power_20260923T024053Z_7c7f5f05_trial_2,vector_add-67108864-128,2,vector_add,idle,cuda,gpu_board
2026-09-23T02:44:36.553612+00:00,1790131476.5536118,3582747.3004855374,0.03376412391662598,GPU-91e942dc-edbb-7f2a-9cea-167356bbd86a,NVIDIA H100 80GB HBM3,105.66,0.0,0.0,345.0,2619.0,38.0,power_20260923T024053Z_7c7f5f05,power_20260923T024053Z_7c7f5f05_trial_2,vector_add-67108864-128,2,vector_add,idle,cuda,gpu_board
2026-09-23T02:44:36.786296+00:00,1790131476.786296,3582747.533166771,0.03134894371032715,GPU-91e942dc-edbb-7f2a-9cea-167356bbd86a,NVIDIA H100 80GB HBM3,98.92,0.0,0.0,345.0,2619.0,37.0,power_20260923T024053Z_7c7f5f05,power_20260923T024053Z_7c7f5f05_trial_2,vector_add-67108864-128,2,vector_add,idle,cuda,gpu_board
2026-09-23T02:44:37.017449+00:00,1790131477.017449,3582747.7643197263,0.030744075775146484,GPU-91e942dc-edbb-7f2a-9cea-167356bbd86a,NVIDIA H100 80GB HBM3,98.63,0.0,0.0,345.0,2619.0,37.0,power_20260923T024053Z_7c7f5f05,power_20260923T024053Z_7c7f5f05_trial_2,vector_add-67108864-128,2,vector_add,idle,cuda,gpu_board
2026-09-23T02:44:37.248254+00:00,1790131477.2482538,3582747.9951250767,0.030656099319458008,GPU-91e942dc-edbb-7f2a-9cea-167356bbd86a,NVIDIA H100 80GB HBM3,98.51,0.0,0.0,345.0,2619.0,37.0,power_20260923T024053Z_7c7f5f05,power_20260923T024053Z_7c7f5f05_trial_2,vector_add-67108864-128,2,vector_add,idle,cuda,gpu_board
2026-09-23T02:44:37.480150+00:00,1790131477.4801497,3582748.2270212537,0.032921791076660156,GPU-91e942dc-edbb-7f2a-9cea-167356bbd86a,NVIDIA H100 80GB HBM3,98.44,0.0,0.0,345.0,2619.0,37.0,power_20260923T024053Z_7c7f5f05,power_20260923T024053Z_7c7f5f05_trial_2,vector_add-67108864-128,2,vector_add,idle,cuda,gpu_board
2026-09-23T02:44:37.714211+00:00,1790131477.714211,3582748.461082345,0.03497719764709473,GPU-91e942dc-edbb-7f2a-9cea-167356bbd86a,NVIDIA H100 80GB HBM3,98.41,0.0,0.0,345.0,2619.0,37.0,power_20260923T024053Z_7c7f5f05,power_20260923T024053Z_7c7f5f05_trial_2,vector_add-67108864-128,2,vector_add,idle,cuda,gpu_board
2026-09-23T02:44:37.947504+00:00,1790131477.9475036,3582748.6943741865,0.03138875961303711,GPU-91e942dc-edbb-7f2a-9cea-167356bbd86a,NVIDIA H100 80GB HBM3,98.36,0.0,0.0,345.0,2619.0,37.0,power_20260923T024053Z_7c7f5f05,power_20260923T024053Z_7c7f5f05_trial_2,vector_add-67108864-128,2,vector_add,idle,cuda,gpu_board
2026-09-23T02:44:38.181610+00:00,1790131478.1816096,3582748.928486654,0.03660845756530762,GPU-91e942dc-edbb-7f2a-9cea-167356bbd86a,NVIDIA H100 80GB HBM3,98.33,0.0,0.0,345.0,2619.0,37.0,power_20260923T024053Z_7c7f5f05,power_20260923T024053Z_7c7f5f05_trial_2,vector_add-67108864-128,2,vector_add,workload,cuda,gpu_board
2026-09-23T02:44:38.530691+00:00,1790131478.5306911,3582749.2775655854,0.2612583637237549,GPU-91e942dc-edbb-7f2a-9cea-167356bbd86a,NVIDIA H100 80GB HBM3,98.29,0.0,0.0,345.0,2619.0,37.0,power_20260923T024053Z_7c7f5f05,power_20260923T024053Z_7c7f5f05_trial_2,vector_add-67108864-128,2,vector_add,workload,cuda,gpu_board
2026-09-23T02:44:38.878943+00:00,1790131478.878943,3582749.6258167913,0.03497433662414551,GPU-91e942dc-edbb-7f2a-9cea-167356bbd86a,NVIDIA H100 80GB HBM3,106.3,0.0,0.0,1980.0,2619.0,37.0,power_20260923T024053Z_7c7f5f05,power_20260923T024053Z_7c7f5f05_trial_2,vector_add-67108864-128,2,vector_add,workload,cuda,gpu_board
2026-09-23T02:44:39.121683+00:00,1790131479.121683,3582749.8685563663,0.050244808197021484,GPU-91e942dc-edbb-7f2a-9cea-167356bbd86a,NVIDIA H100 80GB HBM3,181.77,100.0,95.0,1980.0,2619.0,41.0,power_20260923T024053Z_7c7f5f05,power_20260923T024053Z_7c7f5f05_trial_2,vector_add-67108864-128,2,vector_add,workload,cuda,gpu_board
2026-09-23T02:44:39.364974+00:00,1790131479.3649738,3582750.111847001,0.03607463836669922,GPU-91e942dc-edbb-7f2a-9cea-167356bbd86a,NVIDIA H100 80GB HBM3,247.74,100.0,95.0,1980.0,2619.0,42.0,power_20260923T024053Z_7c7f5f05,power_20260923T024053Z_7c7f5f05_trial_2,vector_add-67108864-128,2,vector_add,workload,cuda,gpu_board
2026-09-23T02:44:39.621587+00:00,1790131479.6215873,3582750.368458648,0.07689332962036133,GPU-91e942dc-edbb-7f2a-9cea-167356bbd86a,NVIDIA H100 80GB HBM3,346.92,100.0,95.0,1980.0,2619.0,43.0,power_20260923T024053Z_7c7f5f05,power_20260923T024053Z_7c7f5f05_trial_2,vector_add-67108864-128,2,vector_add,workload,cuda,gpu_board
2026-09-23T02:44:39.877238+00:00,1790131479.8772378,3582750.6241171607,0.034180402755737305,GPU-91e942dc-edbb-7f2a-9cea-167356bbd86a,NVIDIA H100 80GB HBM3,411.43,100.0,95.0,1980.0,2619.0,43.0,power_20260923T024053Z_7c7f5f05,power_20260923T024053Z_7c7f5f05_trial_2,vector_add-67108864-128,2,vector_add,workload,cuda,gpu_board
2026-09-23T02:44:40.112679+00:00,1790131480.1126795,3582750.8595530125,0.036366939544677734,GPU-91e942dc-edbb-7f2a-9cea-167356bbd86a,NVIDIA H100 80GB HBM3,435.7,100.0,95.0,1980.0,2619.0,43.0,power_20260923T024053Z_7c7f5f05,power_20260923T024053Z_7c7f5f05_trial_2,vector_add-67108864-128,2,vector_add,workload,cuda,gpu_board
2026-09-23T02:44:40.347794+00:00,1790131480.3477938,3582751.0946737085,0.033608436584472656,GPU-91e942dc-edbb-7f2a-9cea-167356bbd86a,NVIDIA H100 80GB HBM3,436.09,100.0,95.0,1980.0,2619.0,43.0,power_20260923T024053Z_7c7f5f05,power_20260923T024053Z_7c7f5f05_trial_2,vector_add-67108864-128,2,vector_add,workload,cuda,gpu_board
2026-09-23T02:44:40.582850+00:00,1790131480.58285,3582751.3297228683,0.03615760803222656,GPU-91e942dc-edbb-7f2a-9cea-167356bbd86a,NVIDIA H100 80GB HBM3,436.36,100.0,95.0,1980.0,2619.0,44.0,power_20260923T024053Z_7c7f5f05,power_20260923T024053Z_7c7f5f05_trial_2,vector_add-67108864-128,2,vector_add,workload,cuda,gpu_board
2026-09-23T02:44:40.817523+00:00,1790131480.8175225,3582751.5644009844,0.03291726112365723,GPU-91e942dc-edbb-7f2a-9cea-167356bbd86a,NVIDIA H100 80GB HBM3,436.68,100.0,95.0,1980.0,2619.0,44.0,power_20260923T024053Z_7c7f5f05,power_20260923T024053Z_7c7f5f05_trial_2,vector_add-67108864-128,2,vector_add,workload,cuda,gpu_board
2026-09-23T02:44:41.051200+00:00,1790131481.0512,3582751.7980756043,0.034096479415893555,GPU-91e942dc-edbb-7f2a-9cea-167356bbd86a,NVIDIA H100 80GB HBM3,436.84,100.0,95.0,1980.0,2619.0,44.0,power_20260923T024053Z_7c7f5f05,power_20260923T024053Z_7c7f5f05_trial_2,vector_add-67108864-128,2,vector_add,workload,cuda,gpu_board
2026-09-23T02:44:41.285001+00:00,1790131481.285001,3582752.0318795806,0.03322267532348633,GPU-91e942dc-edbb-7f2a-9cea-167356bbd86a,NVIDIA H100 80GB HBM3,437.0,100.0,95.0,1980.0,2619.0,44.0,power_20260923T024053Z_7c7f5f05,power_20260923T024053Z_7c7f5f05_trial_2,vector_add-67108864-128,2,vector_add,workload,cuda,gpu_board
2026-09-23T02:44:41.519557+00:00,1790131481.519557,3582752.2664304324,0.035553932189941406,GPU-91e942dc-edbb-7f2a-9cea-167356bbd86a,NVIDIA H100 80GB HBM3,437.16,100.0,95.0,1980.0,2619.0,44.0,power_20260923T024053Z_7c7f5f05,power_20260923T024053Z_7c7f5f05_trial_2,vector_add-67108864-128,2,vector_add,workload,cuda,gpu_board
2026-09-23T02:44:41.754310+00:00,1790131481.7543097,3582752.501186819,0.033669471740722656,GPU-91e942dc-edbb-7f2a-9cea-167356bbd86a,NVIDIA H100 80GB HBM3,437.25,100.0,95.0,1980.0,2619.0,44.0,power_20260923T024053Z_7c7f5f05,power_20260923T024053Z_7c7f5f05_trial_2,vector_add-67108864-128,2,vector_add,workload,cuda,gpu_board
2026-09-23T02:44:41.988520+00:00,1790131481.9885197,3582752.735392711,0.03443741798400879,GPU-91e942dc-edbb-7f2a-9cea-167356bbd86a,NVIDIA H100 80GB HBM3,437.43,100.0,95.0,1980.0,2619.0,44.0,power_20260923T024053Z_7c7f5f05,power_20260923T024053Z_7c7f5f05_trial_2,vector_add-67108864-128,2,vector_add,workload,cuda,gpu_board
2026-09-23T02:44:42.222290+00:00,1790131482.2222898,3582752.9691669103,0.03285408020019531,GPU-91e942dc-edbb-7f2a-9cea-167356bbd86a,NVIDIA H100 80GB HBM3,437.49,100.0,95.0,1980.0,2619.0,44.0,power_20260923T024053Z_7c7f5f05,power_20260923T024053Z_7c7f5f05_trial_2,vector_add-67108864-128,2,vector_add,workload,cuda,gpu_board
2026-09-23T02:44:42.457467+00:00,1790131482.457467,3582753.2043405753,0.03717398643493652,GPU-91e942dc-edbb-7f2a-9cea-167356bbd86a,NVIDIA H100 80GB HBM3,437.63,100.0,95.0,1980.0,2619.0,44.0,power_20260923T024053Z_7c7f5f05,power_20260923T024053Z_7c7f5f05_trial_2,vector_add-67108864-128,2,vector_add,workload,cuda,gpu_board
2026-09-23T02:44:42.692583+00:00,1790131482.6925826,3582753.4394586906,0.03279590606689453,GPU-91e942dc-edbb-7f2a-9cea-167356bbd86a,NVIDIA H100 80GB HBM3,437.67,100.0,95.0,1980.0,2619.0,44.0,power_20260923T024053Z_7c7f5f05,power_20260923T024053Z_7c7f5f05_trial_2,vector_add-67108864-128,2,vector_add,workload,cuda,gpu_board
2026-09-23T02:44:42.926995+00:00,1790131482.9269948,3582753.6738673844,0.03570556640625,GPU-91e942dc-edbb-7f2a-9cea-167356bbd86a,NVIDIA H100 80GB HBM3,437.81,100.0,95.0,1980.0,2619.0,45.0,power_20260923T024053Z_7c7f5f05,power_20260923T024053Z_7c7f5f05_trial_2,vector_add-67108864-128,2,vector_add,workload,cuda,gpu_board
2026-09-23T02:44:43.162019+00:00,1790131483.1620188,3582753.9088959238,0.03409886360168457,GPU-91e942dc-edbb-7f2a-9cea-167356bbd86a,NVIDIA H100 80GB HBM3,437.87,100.0,95.0,1980.0,2619.0,45.0,power_20260923T024053Z_7c7f5f05,power_20260923T024053Z_7c7f5f05_trial_2,vector_add-67108864-128,2,vector_add,workload,cuda,gpu_board
2026-09-23T02:44:43.397676+00:00,1790131483.3976755,3582754.144548785,0.03686857223510742,GPU-91e942dc-edbb-7f2a-9cea-167356bbd86a,NVIDIA H100 80GB HBM3,438.0,100.0,95.0,1980.0,2619.0,45.0,power_20260923T024053Z_7c7f5f05,power_20260923T024053Z_7c7f5f05_trial_2,vector_add-67108864-128,2,vector_add,workload,cuda,gpu_board
2026-09-23T02:44:43.632924+00:00,1790131483.632924,3582754.379801358,0.03336954116821289,GPU-91e942dc-edbb-7f2a-9cea-167356bbd86a,NVIDIA H100 80GB HBM3,438.17,100.0,95.0,1980.0,2619.0,45.0,power_20260923T024053Z_7c7f5f05,power_20260923T024053Z_7c7f5f05_trial_2,vector_add-67108864-128,2,vector_add,workload,cuda,gpu_board
2026-09-23T02:44:43.868371+00:00,1790131483.8683708,3582754.615243319,0.03720521926879883,GPU-91e942dc-edbb-7f2a-9cea-167356bbd86a,NVIDIA H100 80GB HBM3,438.26,100.0,95.0,1980.0,2619.0,45.0,power_20260923T024053Z_7c7f5f05,power_20260923T024053Z_7c7f5f05_trial_2,vector_add-67108864-128,2,vector_add,workload,cuda,gpu_board
2026-09-23T02:44:44.104132+00:00,1790131484.1041317,3582754.851010562,0.0340723991394043,GPU-91e942dc-edbb-7f2a-9cea-167356bbd86a,NVIDIA H100 80GB HBM3,438.35,100.0,95.0,1980.0,2619.0,45.0,power_20260923T024053Z_7c7f5f05,power_20260923T024053Z_7c7f5f05_trial_2,vector_add-67108864-128,2,vector_add,workload,cuda,gpu_board
2026-09-23T02:44:44.340547+00:00,1790131484.3405466,3582755.087426639,0.0383760929107666,GPU-91e942dc-edbb-7f2a-9cea-167356bbd86a,NVIDIA H100 80GB HBM3,438.37,100.0,95.0,1980.0,2619.0,45.0,power_20260923T024053Z_7c7f5f05,power_20260923T024053Z_7c7f5f05_trial_2,vector_add-67108864-128,2,vector_add,workload,cuda,gpu_board
2026-09-23T02:44:44.578413+00:00,1790131484.5784125,3582755.3252873737,0.03700566291809082,GPU-91e942dc-edbb-7f2a-9cea-167356bbd86a,NVIDIA H100 80GB HBM3,438.34,100.0,95.0,1980.0,2619.0,45.0,power_20260923T024053Z_7c7f5f05,power_20260923T024053Z_7c7f5f05_trial_2,vector_add-67108864-128,2,vector_add,workload,cuda,gpu_board
2026-09-23T02:44:44.815809+00:00,1790131484.8158085,3582755.5626877854,0.03743886947631836,GPU-91e942dc-edbb-7f2a-9cea-167356bbd86a,NVIDIA H100 80GB HBM3,438.39,100.0,95.0,1980.0,2619.0,45.0,power_20260923T024053Z_7c7f5f05,power_20260923T024053Z_7c7f5f05_trial_2,vector_add-67108864-128,2,vector_add,workload,cuda,gpu_board
2026-09-23T02:44:45.052265+00:00,1790131485.0522654,3582755.7991404096,0.03514671325683594,GPU-91e942dc-edbb-7f2a-9cea-167356bbd86a,NVIDIA H100 80GB HBM3,438.45,100.0,95.0,1980.0,2619.0,45.0,power_20260923T024053Z_7c7f5f05,power_20260923T024053Z_7c7f5f05_trial_2,vector_add-67108864-128,2,vector_add,workload,cuda,gpu_board
2026-09-23T02:44:45.292723+00:00,1790131485.2927227,3582756.0396035453,0.045495033264160156,GPU-91e942dc-edbb-7f2a-9cea-167356bbd86a,NVIDIA H100 80GB HBM3,438.49,100.0,95.0,1980.0,2619.0,45.0,power_20260923T024053Z_7c7f5f05,power_20260923T024053Z_7c7f5f05_trial_2,vector_add-67108864-128,2,vector_add,workload,cuda,gpu_board
2026-09-23T02:44:45.532779+00:00,1790131485.5327785,3582756.2796526006,0.034252166748046875,GPU-91e942dc-edbb-7f2a-9cea-167356bbd86a,NVIDIA H100 80GB HBM3,438.53,100.0,95.0,1980.0,2619.0,45.0,power_20260923T024053Z_7c7f5f05,power_20260923T024053Z_7c7f5f05_trial_2,vector_add-67108864-128,2,vector_add,workload,cuda,gpu_board
2026-09-23T02:44:45.769150+00:00,1790131485.7691495,3582756.5160333076,0.03814983367919922,GPU-91e942dc-edbb-7f2a-9cea-167356bbd86a,NVIDIA H100 80GB HBM3,438.57,100.0,95.0,1980.0,2619.0,45.0,power_20260923T024053Z_7c7f5f05,power_20260923T024053Z_7c7f5f05_trial_2,vector_add-67108864-128,2,vector_add,workload,cuda,gpu_board
2026-09-23T02:44:46.007174+00:00,1790131486.0071735,3582756.7540514236,0.03749489784240723,GPU-91e942dc-edbb-7f2a-9cea-167356bbd86a,NVIDIA H100 80GB HBM3,438.55,100.0,95.0,1980.0,2619.0,45.0,power_20260923T024053Z_7c7f5f05,power_20260923T024053Z_7c7f5f05_trial_2,vector_add-67108864-128,2,vector_add,workload,cuda,gpu_board
2026-09-23T02:44:46.244595+00:00,1790131486.244595,3582756.991471201,0.03704667091369629,GPU-91e942dc-edbb-7f2a-9cea-167356bbd86a,NVIDIA H100 80GB HBM3,438.54,100.0,95.0,1980.0,2619.0,45.0,power_20260923T024053Z_7c7f5f05,power_20260923T024053Z_7c7f5f05_trial_2,vector_add-67108864-128,2,vector_add,workload,cuda,gpu_board
2026-09-23T02:44:46.481534+00:00,1790131486.481534,3582757.228413759,0.03654074668884277,GPU-91e942dc-edbb-7f2a-9cea-167356bbd86a,NVIDIA H100 80GB HBM3,438.58,100.0,95.0,1980.0,2619.0,45.0,power_20260923T024053Z_7c7f5f05,power_20260923T024053Z_7c7f5f05_trial_2,vector_add-67108864-128,2,vector_add,workload,cuda,gpu_board
2026-09-23T02:44:46.718674+00:00,1790131486.7186742,3582757.4655524194,0.03738570213317871,GPU-91e942dc-edbb-7f2a-9cea-167356bbd86a,NVIDIA H100 80GB HBM3,438.65,100.0,95.0,1980.0,2619.0,45.0,power_20260923T024053Z_7c7f5f05,power_20260923T024053Z_7c7f5f05_trial_2,vector_add-67108864-128,2,vector_add,workload,cuda,gpu_board
2026-09-23T02:44:46.955385+00:00,1790131486.955385,3582757.7022651695,0.035703182220458984,GPU-91e942dc-edbb-7f2a-9cea-167356bbd86a,NVIDIA H100 80GB HBM3,438.68,100.0,95.0,1980.0,2619.0,45.0,power_20260923T024053Z_7c7f5f05,power_20260923T024053Z_7c7f5f05_trial_2,vector_add-67108864-128,2,vector_add,workload,cuda,gpu_board
2026-09-23T02:44:47.189828+00:00,1790131487.1898284,3582757.9367049,0.03280782699584961,GPU-91e942dc-edbb-7f2a-9cea-167356bbd86a,NVIDIA H100 80GB HBM3,438.67,100.0,95.0,1980.0,2619.0,45.0,power_20260923T024053Z_7c7f5f05,power_20260923T024053Z_7c7f5f05_trial_2,vector_add-67108864-128,2,vector_add,workload,cuda,gpu_board
2026-09-23T02:44:47.422173+00:00,1790131487.4221725,3582758.169044856,0.03157854080200195,GPU-91e942dc-edbb-7f2a-9cea-167356bbd86a,NVIDIA H100 80GB HBM3,438.67,100.0,95.0,1980.0,2619.0,45.0,power_20260923T024053Z_7c7f5f05,power_20260923T024053Z_7c7f5f05_trial_2,vector_add-67108864-128,2,vector_add,workload,cuda,gpu_board
2026-09-23T02:44:47.657346+00:00,1790131487.6573462,3582758.4042255394,0.03854012489318848,GPU-91e942dc-edbb-7f2a-9cea-167356bbd86a,NVIDIA H100 80GB HBM3,438.73,100.0,95.0,1980.0,2619.0,45.0,power_20260923T024053Z_7c7f5f05,power_20260923T024053Z_7c7f5f05_trial_2,vector_add-67108864-128,2,vector_add,workload,cuda,gpu_board
2026-09-23T02:44:47.895331+00:00,1790131487.8953314,3582758.6422072286,0.03708767890930176,GPU-91e942dc-edbb-7f2a-9cea-167356bbd86a,NVIDIA H100 80GB HBM3,438.73,100.0,95.0,1980.0,2619.0,45.0,power_20260923T024053Z_7c7f5f05,power_20260923T024053Z_7c7f5f05_trial_2,vector_add-67108864-128,2,vector_add,workload,cuda,gpu_board
2026-09-23T02:44:48.132549+00:00,1790131488.1325486,3582758.8794234702,0.03705167770385742,GPU-91e942dc-edbb-7f2a-9cea-167356bbd86a,NVIDIA H100 80GB HBM3,438.79,100.0,95.0,1980.0,2619.0,45.0,power_20260923T024053Z_7c7f5f05,power_20260923T024053Z_7c7f5f05_trial_2,vector_add-67108864-128,2,vector_add,workload,cuda,gpu_board
2026-09-23T02:44:48.369080+00:00,1790131488.36908,3582759.1159544494,0.035727500915527344,GPU-91e942dc-edbb-7f2a-9cea-167356bbd86a,NVIDIA H100 80GB HBM3,438.83,100.0,95.0,1980.0,2619.0,45.0,power_20260923T024053Z_7c7f5f05,power_20260923T024053Z_7c7f5f05_trial_2,vector_add-67108864-128,2,vector_add,workload,cuda,gpu_board
2026-09-23T02:44:48.604334+00:00,1790131488.6043339,3582759.3512066086,0.03451180458068848,GPU-91e942dc-edbb-7f2a-9cea-167356bbd86a,NVIDIA H100 80GB HBM3,438.84,100.0,95.0,1980.0,2619.0,45.0,power_20260923T024053Z_7c7f5f05,power_20260923T024053Z_7c7f5f05_trial_2,vector_add-67108864-128,2,vector_add,workload,cuda,gpu_board
2026-09-23T02:44:48.839746+00:00,1790131488.8397455,3582759.5866214735,0.03606867790222168,GPU-91e942dc-edbb-7f2a-9cea-167356bbd86a,NVIDIA H100 80GB HBM3,438.82,100.0,95.0,1980.0,2619.0,45.0,power_20260923T024053Z_7c7f5f05,power_20260923T024053Z_7c7f5f05_trial_2,vector_add-67108864-128,2,vector_add,workload,cuda,gpu_board
2026-09-23T02:44:49.076829+00:00,1790131489.0768287,3582759.823703965,0.037801265716552734,GPU-91e942dc-edbb-7f2a-9cea-167356bbd86a,NVIDIA H100 80GB HBM3,438.79,100.0,95.0,1980.0,2619.0,45.0,power_20260923T024053Z_7c7f5f05,power_20260923T024053Z_7c7f5f05_trial_2,vector_add-67108864-128,2,vector_add,workload,cuda,gpu_board
2026-09-23T02:44:49.314903+00:00,1790131489.3149035,3582760.061779636,0.038042545318603516,GPU-91e942dc-edbb-7f2a-9cea-167356bbd86a,NVIDIA H100 80GB HBM3,438.79,100.0,95.0,1980.0,2619.0,45.0,power_20260923T024053Z_7c7f5f05,power_20260923T024053Z_7c7f5f05_trial_2,vector_add-67108864-128,2,vector_add,workload,cuda,gpu_board
2026-09-23T02:44:49.551678+00:00,1790131489.5516777,3582760.298551911,0.03521585464477539,GPU-91e942dc-edbb-7f2a-9cea-167356bbd86a,NVIDIA H100 80GB HBM3,438.44,100.0,95.0,1980.0,2619.0,45.0,power_20260923T024053Z_7c7f5f05,power_20260923T024053Z_7c7f5f05_trial_2,vector_add-67108864-128,2,vector_add,workload,cuda,gpu_board
2026-09-23T02:44:49.787946+00:00,1790131489.7879465,3582760.5348273404,0.036977291107177734,GPU-91e942dc-edbb-7f2a-9cea-167356bbd86a,NVIDIA H100 80GB HBM3,438.08,100.0,95.0,1980.0,2619.0,45.0,power_20260923T024053Z_7c7f5f05,power_20260923T024053Z_7c7f5f05_trial_2,vector_add-67108864-128,2,vector_add,workload,cuda,gpu_board
2026-09-23T02:44:50.025946+00:00,1790131490.0259461,3582760.77282572,0.03865480422973633,GPU-91e942dc-edbb-7f2a-9cea-167356bbd86a,NVIDIA H100 80GB HBM3,437.54,100.0,95.0,1980.0,2619.0,45.0,power_20260923T024053Z_7c7f5f05,power_20260923T024053Z_7c7f5f05_trial_2,vector_add-67108864-128,2,vector_add,workload,cuda,gpu_board
2026-09-23T02:44:50.263406+00:00,1790131490.2634056,3582761.010280535,0.03592109680175781,GPU-91e942dc-edbb-7f2a-9cea-167356bbd86a,NVIDIA H100 80GB HBM3,437.15,100.0,95.0,1980.0,2619.0,45.0,power_20260923T024053Z_7c7f5f05,power_20260923T024053Z_7c7f5f05_trial_2,vector_add-67108864-128,2,vector_add,workload,cuda,gpu_board
2026-09-23T02:44:50.500162+00:00,1790131490.500162,3582761.2470408073,0.03731822967529297,GPU-91e942dc-edbb-7f2a-9cea-167356bbd86a,NVIDIA H100 80GB HBM3,436.92,100.0,95.0,1980.0,2619.0,45.0,power_20260923T024053Z_7c7f5f05,power_20260923T024053Z_7c7f5f05_trial_2,vector_add-67108864-128,2,vector_add,workload,cuda,gpu_board
2026-09-23T02:44:50.737261+00:00,1790131490.737261,3582761.4841413354,0.03654289245605469,GPU-91e942dc-edbb-7f2a-9cea-167356bbd86a,NVIDIA H100 80GB HBM3,436.96,100.0,95.0,1980.0,2619.0,45.0,power_20260923T024053Z_7c7f5f05,power_20260923T024053Z_7c7f5f05_trial_2,vector_add-67108864-128,2,vector_add,workload,cuda,gpu_board
2026-09-23T02:44:50.973377+00:00,1790131490.973377,3582761.7202514857,0.035327911376953125,GPU-91e942dc-edbb-7f2a-9cea-167356bbd86a,NVIDIA H100 80GB HBM3,436.98,100.0,95.0,1980.0,2619.0,45.0,power_20260923T024053Z_7c7f5f05,power_20260923T024053Z_7c7f5f05_trial_2,vector_add-67108864-128,2,vector_add,workload,cuda,gpu_board
2026-09-23T02:44:51.207433+00:00,1790131491.2074332,3582761.954306665,0.03251194953918457,GPU-91e942dc-edbb-7f2a-9cea-167356bbd86a,NVIDIA H100 80GB HBM3,437.05,100.0,95.0,1980.0,2619.0,45.0,power_20260923T024053Z_7c7f5f05,power_20260923T024053Z_7c7f5f05_trial_2,vector_add-67108864-128,2,vector_add,workload,cuda,gpu_board
2026-09-23T02:44:51.440288+00:00,1790131491.440288,3582762.1871609353,0.0329432487487793,GPU-91e942dc-edbb-7f2a-9cea-167356bbd86a,NVIDIA H100 80GB HBM3,437.02,100.0,95.0,1980.0,2619.0,45.0,power_20260923T024053Z_7c7f5f05,power_20260923T024053Z_7c7f5f05_trial_2,vector_add-67108864-128,2,vector_add,workload,cuda,gpu_board
2026-09-23T02:44:51.673244+00:00,1790131491.6732445,3582762.4201224623,0.032709360122680664,GPU-91e942dc-edbb-7f2a-9cea-167356bbd86a,NVIDIA H100 80GB HBM3,437.11,100.0,95.0,1980.0,2619.0,45.0,power_20260923T024053Z_7c7f5f05,power_20260923T024053Z_7c7f5f05_trial_2,vector_add-67108864-128,2,vector_add,workload,cuda,gpu_board
2026-09-23T02:44:51.906125+00:00,1790131491.906125,3582762.6529983617,0.032732486724853516,GPU-91e942dc-edbb-7f2a-9cea-167356bbd86a,NVIDIA H100 80GB HBM3,437.15,100.0,95.0,1980.0,2619.0,45.0,power_20260923T024053Z_7c7f5f05,power_20260923T024053Z_7c7f5f05_trial_2,vector_add-67108864-128,2,vector_add,workload,cuda,gpu_board
2026-09-23T02:44:52.141959+00:00,1790131492.1419592,3582762.88884104,0.03867149353027344,GPU-91e942dc-edbb-7f2a-9cea-167356bbd86a,NVIDIA H100 80GB HBM3,437.14,100.0,95.0,1980.0,2619.0,45.0,power_20260923T024053Z_7c7f5f05,power_20260923T024053Z_7c7f5f05_trial_2,vector_add-67108864-128,2,vector_add,workload,cuda,gpu_board
2026-09-23T02:44:52.386692+00:00,1790131492.3866918,3582763.133570387,0.050429344177246094,GPU-91e942dc-edbb-7f2a-9cea-167356bbd86a,NVIDIA H100 80GB HBM3,437.18,100.0,95.0,1980.0,2619.0,46.0,power_20260923T024053Z_7c7f5f05,power_20260923T024053Z_7c7f5f05_trial_2,vector_add-67108864-128,2,vector_add,workload,cuda,gpu_board
2026-09-23T02:44:52.630742+00:00,1790131492.630742,3582763.3776189666,0.037335872650146484,GPU-91e942dc-edbb-7f2a-9cea-167356bbd86a,NVIDIA H100 80GB HBM3,437.21,100.0,95.0,1980.0,2619.0,46.0,power_20260923T024053Z_7c7f5f05,power_20260923T024053Z_7c7f5f05_trial_2,vector_add-67108864-128,2,vector_add,workload,cuda,gpu_board
2026-09-23T02:44:52.868145+00:00,1790131492.868145,3582763.6150213545,0.03716611862182617,GPU-91e942dc-edbb-7f2a-9cea-167356bbd86a,NVIDIA H100 80GB HBM3,437.21,100.0,95.0,1980.0,2619.0,46.0,power_20260923T024053Z_7c7f5f05,power_20260923T024053Z_7c7f5f05_trial_2,vector_add-67108864-128,2,vector_add,workload,cuda,gpu_board
2026-09-23T02:44:53.105439+00:00,1790131493.1054394,3582763.8523189006,0.03712606430053711,GPU-91e942dc-edbb-7f2a-9cea-167356bbd86a,NVIDIA H100 80GB HBM3,437.23,100.0,95.0,1980.0,2619.0,46.0,power_20260923T024053Z_7c7f5f05,power_20260923T024053Z_7c7f5f05_trial_2,vector_add-67108864-128,2,vector_add,workload,cuda,gpu_board
2026-09-23T02:44:53.343096+00:00,1790131493.3430958,3582764.089971792,0.03784012794494629,GPU-91e942dc-edbb-7f2a-9cea-167356bbd86a,NVIDIA H100 80GB HBM3,437.24,100.0,95.0,1980.0,2619.0,46.0,power_20260923T024053Z_7c7f5f05,power_20260923T024053Z_7c7f5f05_trial_2,vector_add-67108864-128,2,vector_add,workload,cuda,gpu_board
2026-09-23T02:44:53.583269+00:00,1790131493.5832686,3582764.330146244,0.04222464561462402,GPU-91e942dc-edbb-7f2a-9cea-167356bbd86a,NVIDIA H100 80GB HBM3,437.19,100.0,95.0,1980.0,2619.0,46.0,power_20260923T024053Z_7c7f5f05,power_20260923T024053Z_7c7f5f05_trial_2,vector_add-67108864-128,2,vector_add,workload,cuda,gpu_board
2026-09-23T02:44:53.823196+00:00,1790131493.8231964,3582764.5700772395,0.03732466697692871,GPU-91e942dc-edbb-7f2a-9cea-167356bbd86a,NVIDIA H100 80GB HBM3,437.2,100.0,95.0,1980.0,2619.0,46.0,power_20260923T024053Z_7c7f5f05,power_20260923T024053Z_7c7f5f05_trial_2,vector_add-67108864-128,2,vector_add,workload,cuda,gpu_board
2026-09-23T02:44:54.100951+00:00,1790131494.1009512,3582764.8478293912,0.11778903007507324,GPU-91e942dc-edbb-7f2a-9cea-167356bbd86a,NVIDIA H100 80GB HBM3,412.22,42.0,27.0,1980.0,2619.0,46.0,power_20260923T024053Z_7c7f5f05,power_20260923T024053Z_7c7f5f05_trial_2,vector_add-67108864-128,2,vector_add,workload,cuda,gpu_board
2026-09-23T02:44:54.376036+00:00,1790131494.3760357,3582765.122913806,0.03205108642578125,GPU-91e942dc-edbb-7f2a-9cea-167356bbd86a,NVIDIA H100 80GB HBM3,332.22,1.0,0.0,1980.0,2619.0,42.0,power_20260923T024053Z_7c7f5f05,power_20260923T024053Z_7c7f5f05_trial_2,stencil_1d-67108864-256,2,stencil_1d,idle,cuda,gpu_board
2026-09-23T02:44:54.616783+00:00,1790131494.6167827,3582765.3636611793,0.04910087585449219,GPU-91e942dc-edbb-7f2a-9cea-167356bbd86a,NVIDIA H100 80GB HBM3,252.02,0.0,0.0,1980.0,2619.0,41.0,power_20260923T024053Z_7c7f5f05,power_20260923T024053Z_7c7f5f05_trial_2,stencil_1d-67108864-256,2,stencil_1d,idle,cuda,gpu_board
2026-09-23T02:44:54.858065+00:00,1790131494.8580654,3582765.6049459674,0.0330967903137207,GPU-91e942dc-edbb-7f2a-9cea-167356bbd86a,NVIDIA H100 80GB HBM3,198.47,0.0,0.0,1980.0,2619.0,41.0,power_20260923T024053Z_7c7f5f05,power_20260923T024053Z_7c7f5f05_trial_2,stencil_1d-67108864-256,2,stencil_1d,idle,cuda,gpu_board
2026-09-23T02:44:55.091515+00:00,1790131495.091515,3582765.838392848,0.033447980880737305,GPU-91e942dc-edbb-7f2a-9cea-167356bbd86a,NVIDIA H100 80GB HBM3,164.32,0.0,0.0,1980.0,2619.0,40.0,power_20260923T024053Z_7c7f5f05,power_20260923T024053Z_7c7f5f05_trial_2,stencil_1d-67108864-256,2,stencil_1d,idle,cuda,gpu_board
2026-09-23T02:44:55.325006+00:00,1790131495.325006,3582766.0718854507,0.03319907188415527,GPU-91e942dc-edbb-7f2a-9cea-167356bbd86a,NVIDIA H100 80GB HBM3,163.7,0.0,0.0,1980.0,2619.0,40.0,power_20260923T024053Z_7c7f5f05,power_20260923T024053Z_7c7f5f05_trial_2,stencil_1d-67108864-256,2,stencil_1d,idle,cuda,gpu_board
2026-09-23T02:44:55.558710+00:00,1790131495.5587096,3582766.3055855343,0.03387904167175293,GPU-91e942dc-edbb-7f2a-9cea-167356bbd86a,NVIDIA H100 80GB HBM3,163.35,0.0,0.0,1980.0,2619.0,40.0,power_20260923T024053Z_7c7f5f05,power_20260923T024053Z_7c7f5f05_trial_2,stencil_1d-67108864-256,2,stencil_1d,idle,cuda,gpu_board
2026-09-23T02:44:55.793502+00:00,1790131495.7935019,3582766.540380528,0.03538775444030762,GPU-91e942dc-edbb-7f2a-9cea-167356bbd86a,NVIDIA H100 80GB HBM3,163.09,0.0,0.0,1980.0,2619.0,40.0,power_20260923T024053Z_7c7f5f05,power_20260923T024053Z_7c7f5f05_trial_2,stencil_1d-67108864-256,2,stencil_1d,idle,cuda,gpu_board
2026-09-23T02:44:56.028607+00:00,1790131496.0286071,3582766.775483885,0.03449535369873047,GPU-91e942dc-edbb-7f2a-9cea-167356bbd86a,NVIDIA H100 80GB HBM3,149.15,0.0,0.0,375.0,2619.0,38.0,power_20260923T024053Z_7c7f5f05,power_20260923T024053Z_7c7f5f05_trial_2,stencil_1d-67108864-256,2,stencil_1d,idle,cuda,gpu_board
2026-09-23T02:44:56.262097+00:00,1790131496.2620974,3582767.0089694513,0.03217434883117676,GPU-91e942dc-edbb-7f2a-9cea-167356bbd86a,NVIDIA H100 80GB HBM3,136.38,0.0,0.0,345.0,2619.0,38.0,power_20260923T024053Z_7c7f5f05,power_20260923T024053Z_7c7f5f05_trial_2,stencil_1d-67108864-256,2,stencil_1d,idle,cuda,gpu_board
2026-09-23T02:44:56.495092+00:00,1790131496.4950924,3582767.2419642117,0.03358316421508789,GPU-91e942dc-edbb-7f2a-9cea-167356bbd86a,NVIDIA H100 80GB HBM3,124.34,0.0,0.0,345.0,2619.0,38.0,power_20260923T024053Z_7c7f5f05,power_20260923T024053Z_7c7f5f05_trial_2,stencil_1d-67108864-256,2,stencil_1d,idle,cuda,gpu_board
2026-09-23T02:44:56.730983+00:00,1790131496.7309833,3582767.4778614463,0.037963151931762695,GPU-91e942dc-edbb-7f2a-9cea-167356bbd86a,NVIDIA H100 80GB HBM3,104.31,0.0,0.0,345.0,2619.0,38.0,power_20260923T024053Z_7c7f5f05,power_20260923T024053Z_7c7f5f05_trial_2,stencil_1d-67108864-256,2,stencil_1d,idle,cuda,gpu_board
2026-09-23T02:44:56.967284+00:00,1790131496.9672837,3582767.71416439,0.034316301345825195,GPU-91e942dc-edbb-7f2a-9cea-167356bbd86a,NVIDIA H100 80GB HBM3,98.92,0.0,0.0,345.0,2619.0,37.0,power_20260923T024053Z_7c7f5f05,power_20260923T024053Z_7c7f5f05_trial_2,stencil_1d-67108864-256,2,stencil_1d,idle,cuda,gpu_board
2026-09-23T02:44:57.201588+00:00,1790131497.2015882,3582767.9484674903,0.03391671180725098,GPU-91e942dc-edbb-7f2a-9cea-167356bbd86a,NVIDIA H100 80GB HBM3,98.74,0.0,0.0,345.0,2619.0,37.0,power_20260923T024053Z_7c7f5f05,power_20260923T024053Z_7c7f5f05_trial_2,stencil_1d-67108864-256,2,stencil_1d,idle,cuda,gpu_board
2026-09-23T02:44:57.436771+00:00,1790131497.436771,3582768.183647666,0.03608369827270508,GPU-91e942dc-edbb-7f2a-9cea-167356bbd86a,NVIDIA H100 80GB HBM3,98.61,0.0,0.0,345.0,2619.0,37.0,power_20260923T024053Z_7c7f5f05,power_20260923T024053Z_7c7f5f05_trial_2,stencil_1d-67108864-256,2,stencil_1d,idle,cuda,gpu_board
2026-09-23T02:44:57.672777+00:00,1790131497.6727767,3582768.4196542664,0.03563952445983887,GPU-91e942dc-edbb-7f2a-9cea-167356bbd86a,NVIDIA H100 80GB HBM3,98.57,0.0,0.0,345.0,2619.0,37.0,power_20260923T024053Z_7c7f5f05,power_20260923T024053Z_7c7f5f05_trial_2,stencil_1d-67108864-256,2,stencil_1d,idle,cuda,gpu_board
2026-09-23T02:44:57.908692+00:00,1790131497.908692,3582768.65556644,0.03585362434387207,GPU-91e942dc-edbb-7f2a-9cea-167356bbd86a,NVIDIA H100 80GB HBM3,98.47,0.0,0.0,345.0,2619.0,37.0,power_20260923T024053Z_7c7f5f05,power_20260923T024053Z_7c7f5f05_trial_2,stencil_1d-67108864-256,2,stencil_1d,idle,cuda,gpu_board
2026-09-23T02:44:58.156103+00:00,1790131498.156103,3582768.902981527,0.05870389938354492,GPU-91e942dc-edbb-7f2a-9cea-167356bbd86a,NVIDIA H100 80GB HBM3,98.43,0.0,0.0,345.0,2619.0,37.0,power_20260923T024053Z_7c7f5f05,power_20260923T024053Z_7c7f5f05_trial_2,stencil_1d-67108864-256,2,stencil_1d,idle,cuda,gpu_board
2026-09-23T02:44:58.405432+00:00,1790131498.4054317,3582769.1523086913,0.0396270751953125,GPU-91e942dc-edbb-7f2a-9cea-167356bbd86a,NVIDIA H100 80GB HBM3,98.4,0.0,0.0,345.0,2619.0,37.0,power_20260923T024053Z_7c7f5f05,power_20260923T024053Z_7c7f5f05_trial_2,stencil_1d-67108864-256,2,stencil_1d,workload,cuda,gpu_board
2026-09-23T02:44:58.686957+00:00,1790131498.6869566,3582769.4338299762,0.12311220169067383,GPU-91e942dc-edbb-7f2a-9cea-167356bbd86a,NVIDIA H100 80GB HBM3,98.38,0.0,0.0,345.0,2619.0,37.0,power_20260923T024053Z_7c7f5f05,power_20260923T024053Z_7c7f5f05_trial_2,stencil_1d-67108864-256,2,stencil_1d,workload,cuda,gpu_board
2026-09-23T02:44:58.967578+00:00,1790131498.9675777,3582769.7144578104,0.037862300872802734,GPU-91e942dc-edbb-7f2a-9cea-167356bbd86a,NVIDIA H100 80GB HBM3,117.84,0.0,0.0,1980.0,2619.0,38.0,power_20260923T024053Z_7c7f5f05,power_20260923T024053Z_7c7f5f05_trial_2,stencil_1d-67108864-256,2,stencil_1d,workload,cuda,gpu_board
2026-09-23T02:44:59.205671+00:00,1790131499.205671,3582769.952549906,0.037976741790771484,GPU-91e942dc-edbb-7f2a-9cea-167356bbd86a,NVIDIA H100 80GB HBM3,191.4,64.0,48.0,1980.0,2619.0,43.0,power_20260923T024053Z_7c7f5f05,power_20260923T024053Z_7c7f5f05_trial_2,stencil_1d-67108864-256,2,stencil_1d,workload,cuda,gpu_board
2026-09-23T02:44:59.442484+00:00,1790131499.442484,3582770.1893622344,0.03529787063598633,GPU-91e942dc-edbb-7f2a-9cea-167356bbd86a,NVIDIA H100 80GB HBM3,269.22,100.0,84.0,1980.0,2619.0,44.0,power_20260923T024053Z_7c7f5f05,power_20260923T024053Z_7c7f5f05_trial_2,stencil_1d-67108864-256,2,stencil_1d,workload,cuda,gpu_board
2026-09-23T02:44:59.678112+00:00,1790131499.6781116,3582770.424991398,0.035657644271850586,GPU-91e942dc-edbb-7f2a-9cea-167356bbd86a,NVIDIA H100 80GB HBM3,377.87,100.0,84.0,1980.0,2619.0,45.0,power_20260923T024053Z_7c7f5f05,power_20260923T024053Z_7c7f5f05_trial_2,stencil_1d-67108864-256,2,stencil_1d,workload,cuda,gpu_board
2026-09-23T02:44:59.914701+00:00,1790131499.9147007,3582770.6615793463,0.037154197692871094,GPU-91e942dc-edbb-7f2a-9cea-167356bbd86a,NVIDIA H100 80GB HBM3,446.93,100.0,84.0,1980.0,2619.0,45.0,power_20260923T024053Z_7c7f5f05,power_20260923T024053Z_7c7f5f05_trial_2,stencil_1d-67108864-256,2,stencil_1d,workload,cuda,gpu_board
2026-09-23T02:45:00.151429+00:00,1790131500.1514294,3582770.898308525,0.03596639633178711,GPU-91e942dc-edbb-7f2a-9cea-167356bbd86a,NVIDIA H100 80GB HBM3,479.4,100.0,84.0,1980.0,2619.0,45.0,power_20260923T024053Z_7c7f5f05,power_20260923T024053Z_7c7f5f05_trial_2,stencil_1d-67108864-256,2,stencil_1d,workload,cuda,gpu_board
2026-09-23T02:45:00.390378+00:00,1790131500.3903775,3582771.137252565,0.041596412658691406,GPU-91e942dc-edbb-7f2a-9cea-167356bbd86a,NVIDIA H100 80GB HBM3,479.93,100.0,84.0,1980.0,2619.0,46.0,power_20260923T024053Z_7c7f5f05,power_20260923T024053Z_7c7f5f05_trial_2,stencil_1d-67108864-256,2,stencil_1d,workload,cuda,gpu_board
2026-09-23T02:45:00.626963+00:00,1790131500.6269631,3582771.373837194,0.03129076957702637,GPU-91e942dc-edbb-7f2a-9cea-167356bbd86a,NVIDIA H100 80GB HBM3,480.6,100.0,84.0,1980.0,2619.0,46.0,power_20260923T024053Z_7c7f5f05,power_20260923T024053Z_7c7f5f05_trial_2,stencil_1d-67108864-256,2,stencil_1d,workload,cuda,gpu_board
2026-09-23T02:45:00.858698+00:00,1790131500.858698,3582771.6055725534,0.031900644302368164,GPU-91e942dc-edbb-7f2a-9cea-167356bbd86a,NVIDIA H100 80GB HBM3,481.19,100.0,84.0,1980.0,2619.0,46.0,power_20260923T024053Z_7c7f5f05,power_20260923T024053Z_7c7f5f05_trial_2,stencil_1d-67108864-256,2,stencil_1d,workload,cuda,gpu_board
2026-09-23T02:45:01.094140+00:00,1790131501.09414,3582771.841020884,0.03870654106140137,GPU-91e942dc-edbb-7f2a-9cea-167356bbd86a,NVIDIA H100 80GB HBM3,481.55,100.0,84.0,1980.0,2619.0,46.0,power_20260923T024053Z_7c7f5f05,power_20260923T024053Z_7c7f5f05_trial_2,stencil_1d-67108864-256,2,stencil_1d,workload,cuda,gpu_board
2026-09-23T02:45:01.350503+00:00,1790131501.350503,3582772.0973790353,0.07365274429321289,GPU-91e942dc-edbb-7f2a-9cea-167356bbd86a,NVIDIA H100 80GB HBM3,482.09,100.0,84.0,1980.0,2619.0,47.0,power_20260923T024053Z_7c7f5f05,power_20260923T024053Z_7c7f5f05_trial_2,stencil_1d-67108864-256,2,stencil_1d,workload,cuda,gpu_board
2026-09-23T02:45:01.605081+00:00,1790131501.605081,3582772.3519565375,0.035208702087402344,GPU-91e942dc-edbb-7f2a-9cea-167356bbd86a,NVIDIA H100 80GB HBM3,482.19,100.0,84.0,1980.0,2619.0,47.0,power_20260923T024053Z_7c7f5f05,power_20260923T024053Z_7c7f5f05_trial_2,stencil_1d-67108864-256,2,stencil_1d,workload,cuda,gpu_board
2026-09-23T02:45:01.839853+00:00,1790131501.8398528,3582772.586726642,0.034064292907714844,GPU-91e942dc-edbb-7f2a-9cea-167356bbd86a,NVIDIA H100 80GB HBM3,482.35,100.0,84.0,1980.0,2619.0,47.0,power_20260923T024053Z_7c7f5f05,power_20260923T024053Z_7c7f5f05_trial_2,stencil_1d-67108864-256,2,stencil_1d,workload,cuda,gpu_board
2026-09-23T02:45:02.073501+00:00,1790131502.0735009,3582772.820373406,0.032982826232910156,GPU-91e942dc-edbb-7f2a-9cea-167356bbd86a,NVIDIA H100 80GB HBM3,482.2,100.0,84.0,1980.0,2619.0,47.0,power_20260923T024053Z_7c7f5f05,power_20260923T024053Z_7c7f5f05_trial_2,stencil_1d-67108864-256,2,stencil_1d,workload,cuda,gpu_board
2026-09-23T02:45:02.308105+00:00,1790131502.308105,3582773.0549849058,0.03598499298095703,GPU-91e942dc-edbb-7f2a-9cea-167356bbd86a,NVIDIA H100 80GB HBM3,481.8,100.0,84.0,1980.0,2619.0,47.0,power_20260923T024053Z_7c7f5f05,power_20260923T024053Z_7c7f5f05_trial_2,stencil_1d-67108864-256,2,stencil_1d,workload,cuda,gpu_board
2026-09-23T02:45:02.562453+00:00,1790131502.5624533,3582773.3093302427,0.07236027717590332,GPU-91e942dc-edbb-7f2a-9cea-167356bbd86a,NVIDIA H100 80GB HBM3,481.08,100.0,84.0,1980.0,2619.0,47.0,power_20260923T024053Z_7c7f5f05,power_20260923T024053Z_7c7f5f05_trial_2,stencil_1d-67108864-256,2,stencil_1d,workload,cuda,gpu_board
2026-09-23T02:45:02.814980+00:00,1790131502.8149796,3582773.5618526964,0.032378435134887695,GPU-91e942dc-edbb-7f2a-9cea-167356bbd86a,NVIDIA H100 80GB HBM3,480.61,100.0,84.0,1980.0,2619.0,47.0,power_20260923T024053Z_7c7f5f05,power_20260923T024053Z_7c7f5f05_trial_2,stencil_1d-67108864-256,2,stencil_1d,workload,cuda,gpu_board
2026-09-23T02:45:03.048108+00:00,1790131503.048108,3582773.7949850177,0.03359818458557129,GPU-91e942dc-edbb-7f2a-9cea-167356bbd86a,NVIDIA H100 80GB HBM3,480.25,100.0,84.0,1980.0,2619.0,47.0,power_20260923T024053Z_7c7f5f05,power_20260923T024053Z_7c7f5f05_trial_2,stencil_1d-67108864-256,2,stencil_1d,workload,cuda,gpu_board
2026-09-23T02:45:03.281439+00:00,1790131503.2814388,3582774.028312798,0.03276705741882324,GPU-91e942dc-edbb-7f2a-9cea-167356bbd86a,NVIDIA H100 80GB HBM3,480.32,100.0,84.0,1980.0,2619.0,47.0,power_20260923T024053Z_7c7f5f05,power_20260923T024053Z_7c7f5f05_trial_2,stencil_1d-67108864-256,2,stencil_1d,workload,cuda,gpu_board
2026-09-23T02:45:03.514102+00:00,1790131503.5141017,3582774.2609746414,0.03230428695678711,GPU-91e942dc-edbb-7f2a-9cea-167356bbd86a,NVIDIA H100 80GB HBM3,480.42,100.0,84.0,1980.0,2619.0,47.0,power_20260923T024053Z_7c7f5f05,power_20260923T024053Z_7c7f5f05_trial_2,stencil_1d-67108864-256,2,stencil_1d,workload,cuda,gpu_board
2026-09-23T02:45:03.746654+00:00,1790131503.746654,3582774.4935261263,0.03255939483642578,GPU-91e942dc-edbb-7f2a-9cea-167356bbd86a,NVIDIA H100 80GB HBM3,480.48,100.0,84.0,1980.0,2619.0,47.0,power_20260923T024053Z_7c7f5f05,power_20260923T024053Z_7c7f5f05_trial_2,stencil_1d-67108864-256,2,stencil_1d,workload,cuda,gpu_board
2026-09-23T02:45:03.978910+00:00,1790131503.9789104,3582774.7257815907,0.031714677810668945,GPU-91e942dc-edbb-7f2a-9cea-167356bbd86a,NVIDIA H100 80GB HBM3,480.62,100.0,84.0,1980.0,2619.0,47.0,power_20260923T024053Z_7c7f5f05,power_20260923T024053Z_7c7f5f05_trial_2,stencil_1d-67108864-256,2,stencil_1d,workload,cuda,gpu_board
2026-09-23T02:45:04.213633+00:00,1790131504.213633,3582774.960514402,0.037513017654418945,GPU-91e942dc-edbb-7f2a-9cea-167356bbd86a,NVIDIA H100 80GB HBM3,480.66,100.0,84.0,1980.0,2619.0,48.0,power_20260923T024053Z_7c7f5f05,power_20260923T024053Z_7c7f5f05_trial_2,stencil_1d-67108864-256,2,stencil_1d,workload,cuda,gpu_board
2026-09-23T02:45:04.449433+00:00,1790131504.4494333,3582775.1963091805,0.033722639083862305,GPU-91e942dc-edbb-7f2a-9cea-167356bbd86a,NVIDIA H100 80GB HBM3,480.69,100.0,84.0,1980.0,2619.0,48.0,power_20260923T024053Z_7c7f5f05,power_20260923T024053Z_7c7f5f05_trial_2,stencil_1d-67108864-256,2,stencil_1d,workload,cuda,gpu_board
2026-09-23T02:45:04.685805+00:00,1790131504.6858053,3582775.432682964,0.03873753547668457,GPU-91e942dc-edbb-7f2a-9cea-167356bbd86a,NVIDIA H100 80GB HBM3,480.79,100.0,84.0,1980.0,2619.0,48.0,power_20260923T024053Z_7c7f5f05,power_20260923T024053Z_7c7f5f05_trial_2,stencil_1d-67108864-256,2,stencil_1d,workload,cuda,gpu_board
2026-09-23T02:45:04.922850+00:00,1790131504.9228504,3582775.669730838,0.034993648529052734,GPU-91e942dc-edbb-7f2a-9cea-167356bbd86a,NVIDIA H100 80GB HBM3,480.79,100.0,84.0,1980.0,2619.0,48.0,power_20260923T024053Z_7c7f5f05,power_20260923T024053Z_7c7f5f05_trial_2,stencil_1d-67108864-256,2,stencil_1d,workload,cuda,gpu_board
2026-09-23T02:45:05.159095+00:00,1790131505.1590948,3582775.905974049,0.037140846252441406,GPU-91e942dc-edbb-7f2a-9cea-167356bbd86a,NVIDIA H100 80GB HBM3,480.8,100.0,84.0,1980.0,2619.0,48.0,power_20260923T024053Z_7c7f5f05,power_20260923T024053Z_7c7f5f05_trial_2,stencil_1d-67108864-256,2,stencil_1d,workload,cuda,gpu_board
2026-09-23T02:45:05.395087+00:00,1790131505.3950868,3582776.141963293,0.03450322151184082,GPU-91e942dc-edbb-7f2a-9cea-167356bbd86a,NVIDIA H100 80GB HBM3,480.86,100.0,84.0,1980.0,2619.0,48.0,power_20260923T024053Z_7c7f5f05,power_20260923T024053Z_7c7f5f05_trial_2,stencil_1d-67108864-256,2,stencil_1d,workload,cuda,gpu_board
2026-09-23T02:45:05.630158+00:00,1790131505.630158,3582776.3770329356,0.03533482551574707,GPU-91e942dc-edbb-7f2a-9cea-167356bbd86a,NVIDIA H100 80GB HBM3,480.9,100.0,84.0,1980.0,2619.0,48.0,power_20260923T024053Z_7c7f5f05,power_20260923T024053Z_7c7f5f05_trial_2,stencil_1d-67108864-256,2,stencil_1d,workload,cuda,gpu_board
2026-09-23T02:45:05.874542+00:00,1790131505.8745422,3582776.6214226675,0.05314826965332031,GPU-91e942dc-edbb-7f2a-9cea-167356bbd86a,NVIDIA H100 80GB HBM3,480.93,100.0,84.0,1980.0,2619.0,48.0,power_20260923T024053Z_7c7f5f05,power_20260923T024053Z_7c7f5f05_trial_2,stencil_1d-67108864-256,2,stencil_1d,workload,cuda,gpu_board
2026-09-23T02:45:06.117285+00:00,1790131506.1172848,3582776.864159388,0.031996965408325195,GPU-91e942dc-edbb-7f2a-9cea-167356bbd86a,NVIDIA H100 80GB HBM3,480.98,100.0,84.0,1980.0,2619.0,48.0,power_20260923T024053Z_7c7f5f05,power_20260923T024053Z_7c7f5f05_trial_2,stencil_1d-67108864-256,2,stencil_1d,workload,cuda,gpu_board
2026-09-23T02:45:06.349479+00:00,1790131506.3494792,3582777.0963519895,0.03213143348693848,GPU-91e942dc-edbb-7f2a-9cea-167356bbd86a,NVIDIA H100 80GB HBM3,480.99,100.0,84.0,1980.0,2619.0,48.0,power_20260923T024053Z_7c7f5f05,power_20260923T024053Z_7c7f5f05_trial_2,stencil_1d-67108864-256,2,stencil_1d,workload,cuda,gpu_board
2026-09-23T02:45:06.582722+00:00,1790131506.5827217,3582777.3295947453,0.03410816192626953,GPU-91e942dc-edbb-7f2a-9cea-167356bbd86a,NVIDIA H100 80GB HBM3,481.01,100.0,84.0,1980.0,2619.0,48.0,power_20260923T024053Z_7c7f5f05,power_20260923T024053Z_7c7f5f05_trial_2,stencil_1d-67108864-256,2,stencil_1d,workload,cuda,gpu_board
2026-09-23T02:45:06.818870+00:00,1790131506.81887,3582777.5657516764,0.03793644905090332,GPU-91e942dc-edbb-7f2a-9cea-167356bbd86a,NVIDIA H100 80GB HBM3,481.08,100.0,84.0,1980.0,2619.0,48.0,power_20260923T024053Z_7c7f5f05,power_20260923T024053Z_7c7f5f05_trial_2,stencil_1d-67108864-256,2,stencil_1d,workload,cuda,gpu_board
2026-09-23T02:45:07.054281+00:00,1790131507.0542815,3582777.801157164,0.03251791000366211,GPU-91e942dc-edbb-7f2a-9cea-167356bbd86a,NVIDIA H100 80GB HBM3,481.23,100.0,84.0,1980.0,2619.0,48.0,power_20260923T024053Z_7c7f5f05,power_20260923T024053Z_7c7f5f05_trial_2,stencil_1d-67108864-256,2,stencil_1d,workload,cuda,gpu_board
2026-09-23T02:45:07.288827+00:00,1790131507.288827,3582778.0357033163,0.03628730773925781,GPU-91e942dc-edbb-7f2a-9cea-167356bbd86a,NVIDIA H100 80GB HBM3,481.29,100.0,84.0,1980.0,2619.0,48.0,power_20260923T024053Z_7c7f5f05,power_20260923T024053Z_7c7f5f05_trial_2,stencil_1d-67108864-256,2,stencil_1d,workload,cuda,gpu_board
2026-09-23T02:45:07.523568+00:00,1790131507.5235677,3582778.2704432188,0.032906532287597656,GPU-91e942dc-edbb-7f2a-9cea-167356bbd86a,NVIDIA H100 80GB HBM3,481.39,100.0,84.0,1980.0,2619.0,48.0,power_20260923T024053Z_7c7f5f05,power_20260923T024053Z_7c7f5f05_trial_2,stencil_1d-67108864-256,2,stencil_1d,workload,cuda,gpu_board
2026-09-23T02:45:07.758294+00:00,1790131507.7582939,3582778.505171754,0.03629446029663086,GPU-91e942dc-edbb-7f2a-9cea-167356bbd86a,NVIDIA H100 80GB HBM3,481.42,100.0,84.0,1980.0,2619.0,48.0,power_20260923T024053Z_7c7f5f05,power_20260923T024053Z_7c7f5f05_trial_2,stencil_1d-67108864-256,2,stencil_1d,workload,cuda,gpu_board
2026-09-23T02:45:07.995120+00:00,1790131507.9951196,3582778.7419987116,0.03703665733337402,GPU-91e942dc-edbb-7f2a-9cea-167356bbd86a,NVIDIA H100 80GB HBM3,481.46,100.0,84.0,1980.0,2619.0,48.0,power_20260923T024053Z_7c7f5f05,power_20260923T024053Z_7c7f5f05_trial_2,stencil_1d-67108864-256,2,stencil_1d,workload,cuda,gpu_board
2026-09-23T02:45:08.230565+00:00,1790131508.2305646,3582778.9774426804,0.03352165222167969,GPU-91e942dc-edbb-7f2a-9cea-167356bbd86a,NVIDIA H100 80GB HBM3,481.51,100.0,84.0,1980.0,2619.0,48.0,power_20260923T024053Z_7c7f5f05,power_20260923T024053Z_7c7f5f05_trial_2,stencil_1d-67108864-256,2,stencil_1d,workload,cuda,gpu_board
2026-09-23T02:45:08.465265+00:00,1790131508.4652653,3582779.2121436503,0.035559654235839844,GPU-91e942dc-edbb-7f2a-9cea-167356bbd86a,NVIDIA H100 80GB HBM3,481.53,100.0,84.0,1980.0,2619.0,48.0,power_20260923T024053Z_7c7f5f05,power_20260923T024053Z_7c7f5f05_trial_2,stencil_1d-67108864-256,2,stencil_1d,workload,cuda,gpu_board
2026-09-23T02:45:08.699647+00:00,1790131508.6996474,3582779.4465254946,0.03283810615539551,GPU-91e942dc-edbb-7f2a-9cea-167356bbd86a,NVIDIA H100 80GB HBM3,481.53,100.0,84.0,1980.0,2619.0,48.0,power_20260923T024053Z_7c7f5f05,power_20260923T024053Z_7c7f5f05_trial_2,stencil_1d-67108864-256,2,stencil_1d,workload,cuda,gpu_board
2026-09-23T02:45:08.933949+00:00,1790131508.9339495,3582779.6808237825,0.03543663024902344,GPU-91e942dc-edbb-7f2a-9cea-167356bbd86a,NVIDIA H100 80GB HBM3,481.55,100.0,84.0,1980.0,2619.0,48.0,power_20260923T024053Z_7c7f5f05,power_20260923T024053Z_7c7f5f05_trial_2,stencil_1d-67108864-256,2,stencil_1d,workload,cuda,gpu_board
2026-09-23T02:45:09.168297+00:00,1790131509.1682973,3582779.9151742086,0.03299689292907715,GPU-91e942dc-edbb-7f2a-9cea-167356bbd86a,NVIDIA H100 80GB HBM3,481.57,100.0,84.0,1980.0,2619.0,48.0,power_20260923T024053Z_7c7f5f05,power_20260923T024053Z_7c7f5f05_trial_2,stencil_1d-67108864-256,2,stencil_1d,workload,cuda,gpu_board
2026-09-23T02:45:09.403162+00:00,1790131509.4031615,3582780.1500365008,0.03641104698181152,GPU-91e942dc-edbb-7f2a-9cea-167356bbd86a,NVIDIA H100 80GB HBM3,481.59,100.0,84.0,1980.0,2619.0,48.0,power_20260923T024053Z_7c7f5f05,power_20260923T024053Z_7c7f5f05_trial_2,stencil_1d-67108864-256,2,stencil_1d,workload,cuda,gpu_board
2026-09-23T02:45:09.647521+00:00,1790131509.647521,3582780.39439499,0.052037954330444336,GPU-91e942dc-edbb-7f2a-9cea-167356bbd86a,NVIDIA H100 80GB HBM3,481.77,100.0,84.0,1980.0,2619.0,48.0,power_20260923T024053Z_7c7f5f05,power_20260923T024053Z_7c7f5f05_trial_2,stencil_1d-67108864-256,2,stencil_1d,workload,cuda,gpu_board
2026-09-23T02:45:09.891810+00:00,1790131509.8918102,3582780.6386918128,0.03621864318847656,GPU-91e942dc-edbb-7f2a-9cea-167356bbd86a,NVIDIA H100 80GB HBM3,481.79,100.0,84.0,1980.0,2619.0,48.0,power_20260923T024053Z_7c7f5f05,power_20260923T024053Z_7c7f5f05_trial_2,stencil_1d-67108864-256,2,stencil_1d,workload,cuda,gpu_board
2026-09-23T02:45:10.128437+00:00,1790131510.1284368,3582780.875315775,0.036664485931396484,GPU-91e942dc-edbb-7f2a-9cea-167356bbd86a,NVIDIA H100 80GB HBM3,481.75,100.0,84.0,1980.0,2619.0,48.0,power_20260923T024053Z_7c7f5f05,power_20260923T024053Z_7c7f5f05_trial_2,stencil_1d-67108864-256,2,stencil_1d,workload,cuda,gpu_board
2026-09-23T02:45:10.363553+00:00,1790131510.3635526,3582781.110430058,0.03323841094970703,GPU-91e942dc-edbb-7f2a-9cea-167356bbd86a,NVIDIA H100 80GB HBM3,481.76,100.0,84.0,1980.0,2619.0,48.0,power_20260923T024053Z_7c7f5f05,power_20260923T024053Z_7c7f5f05_trial_2,stencil_1d-67108864-256,2,stencil_1d,workload,cuda,gpu_board
2026-09-23T02:45:10.598698+00:00,1790131510.598698,3582781.3455713047,0.036734580993652344,GPU-91e942dc-edbb-7f2a-9cea-167356bbd86a,NVIDIA H100 80GB HBM3,481.75,100.0,84.0,1980.0,2619.0,48.0,power_20260923T024053Z_7c7f5f05,power_20260923T024053Z_7c7f5f05_trial_2,stencil_1d-67108864-256,2,stencil_1d,workload,cuda,gpu_board
2026-09-23T02:45:10.833906+00:00,1790131510.8339057,3582781.580782409,0.03339719772338867,GPU-91e942dc-edbb-7f2a-9cea-167356bbd86a,NVIDIA H100 80GB HBM3,481.82,100.0,84.0,1980.0,2619.0,48.0,power_20260923T024053Z_7c7f5f05,power_20260923T024053Z_7c7f5f05_trial_2,stencil_1d-67108864-256,2,stencil_1d,workload,cuda,gpu_board
2026-09-23T02:45:11.068803+00:00,1790131511.068803,3582781.81568064,0.03610372543334961,GPU-91e942dc-edbb-7f2a-9cea-167356bbd86a,NVIDIA H100 80GB HBM3,481.92,100.0,84.0,1980.0,2619.0,48.0,power_20260923T024053Z_7c7f5f05,power_20260923T024053Z_7c7f5f05_trial_2,stencil_1d-67108864-256,2,stencil_1d,workload,cuda,gpu_board
2026-09-23T02:45:11.303448+00:00,1790131511.3034482,3582782.0503245816,0.03287863731384277,GPU-91e942dc-edbb-7f2a-9cea-167356bbd86a,NVIDIA H100 80GB HBM3,482.02,100.0,84.0,1980.0,2619.0,49.0,power_20260923T024053Z_7c7f5f05,power_20260923T024053Z_7c7f5f05_trial_2,stencil_1d-67108864-256,2,stencil_1d,workload,cuda,gpu_board
2026-09-23T02:45:11.538114+00:00,1790131511.538114,3582782.2849873356,0.03615379333496094,GPU-91e942dc-edbb-7f2a-9cea-167356bbd86a,NVIDIA H100 80GB HBM3,482.06,100.0,84.0,1980.0,2619.0,49.0,power_20260923T024053Z_7c7f5f05,power_20260923T024053Z_7c7f5f05_trial_2,stencil_1d-67108864-256,2,stencil_1d,workload,cuda,gpu_board
2026-09-23T02:45:11.772764+00:00,1790131511.7727642,3582782.5196401738,0.03287982940673828,GPU-91e942dc-edbb-7f2a-9cea-167356bbd86a,NVIDIA H100 80GB HBM3,482.02,100.0,84.0,1980.0,2619.0,49.0,power_20260923T024053Z_7c7f5f05,power_20260923T024053Z_7c7f5f05_trial_2,stencil_1d-67108864-256,2,stencil_1d,workload,cuda,gpu_board
2026-09-23T02:45:12.007510+00:00,1790131512.0075102,3582782.7543829577,0.036321401596069336,GPU-91e942dc-edbb-7f2a-9cea-167356bbd86a,NVIDIA H100 80GB HBM3,481.97,100.0,84.0,1980.0,2619.0,49.0,power_20260923T024053Z_7c7f5f05,power_20260923T024053Z_7c7f5f05_trial_2,stencil_1d-67108864-256,2,stencil_1d,workload,cuda,gpu_board
2026-09-23T02:45:12.241938+00:00,1790131512.2419376,3582782.988813621,0.03228497505187988,GPU-91e942dc-edbb-7f2a-9cea-167356bbd86a,NVIDIA H100 80GB HBM3,481.98,100.0,84.0,1980.0,2619.0,49.0,power_20260923T024053Z_7c7f5f05,power_20260923T024053Z_7c7f5f05_trial_2,stencil_1d-67108864-256,2,stencil_1d,workload,cuda,gpu_board
2026-09-23T02:45:12.476472+00:00,1790131512.4764717,3582783.22334423,0.036484718322753906,GPU-91e942dc-edbb-7f2a-9cea-167356bbd86a,NVIDIA H100 80GB HBM3,482.0,100.0,84.0,1980.0,2619.0,49.0,power_20260923T024053Z_7c7f5f05,power_20260923T024053Z_7c7f5f05_trial_2,stencil_1d-67108864-256,2,stencil_1d,workload,cuda,gpu_board
2026-09-23T02:45:12.711074+00:00,1790131512.7110739,3582783.45794922,0.032480478286743164,GPU-91e942dc-edbb-7f2a-9cea-167356bbd86a,NVIDIA H100 80GB HBM3,482.06,100.0,84.0,1980.0,2619.0,49.0,power_20260923T024053Z_7c7f5f05,power_20260923T024053Z_7c7f5f05_trial_2,stencil_1d-67108864-256,2,stencil_1d,workload,cuda,gpu_board
2026-09-23T02:45:12.944910+00:00,1790131512.9449096,3582783.6917818794,0.03489184379577637,GPU-91e942dc-edbb-7f2a-9cea-167356bbd86a,NVIDIA H100 80GB HBM3,482.1,100.0,84.0,1980.0,2619.0,49.0,power_20260923T024053Z_7c7f5f05,power_20260923T024053Z_7c7f5f05_trial_2,stencil_1d-67108864-256,2,stencil_1d,workload,cuda,gpu_board
2026-09-23T02:45:13.178661+00:00,1790131513.178661,3582783.9255367126,0.032375335693359375,GPU-91e942dc-edbb-7f2a-9cea-167356bbd86a,NVIDIA H100 80GB HBM3,482.17,100.0,84.0,1980.0,2619.0,49.0,power_20260923T024053Z_7c7f5f05,power_20260923T024053Z_7c7f5f05_trial_2,stencil_1d-67108864-256,2,stencil_1d,workload,cuda,gpu_board
2026-09-23T02:45:13.413013+00:00,1790131513.4130135,3582784.1598859327,0.036054372787475586,GPU-91e942dc-edbb-7f2a-9cea-167356bbd86a,NVIDIA H100 80GB HBM3,482.19,100.0,84.0,1980.0,2619.0,49.0,power_20260923T024053Z_7c7f5f05,power_20260923T024053Z_7c7f5f05_trial_2,stencil_1d-67108864-256,2,stencil_1d,workload,cuda,gpu_board
2026-09-23T02:45:13.647444+00:00,1790131513.6474442,3582784.394320068,0.03257155418395996,GPU-91e942dc-edbb-7f2a-9cea-167356bbd86a,NVIDIA H100 80GB HBM3,482.17,100.0,84.0,1980.0,2619.0,49.0,power_20260923T024053Z_7c7f5f05,power_20260923T024053Z_7c7f5f05_trial_2,stencil_1d-67108864-256,2,stencil_1d,workload,cuda,gpu_board
2026-09-23T02:45:13.881684+00:00,1790131513.8816838,3582784.628557306,0.03561592102050781,GPU-91e942dc-edbb-7f2a-9cea-167356bbd86a,NVIDIA H100 80GB HBM3,482.2,100.0,84.0,1980.0,2619.0,49.0,power_20260923T024053Z_7c7f5f05,power_20260923T024053Z_7c7f5f05_trial_2,stencil_1d-67108864-256,2,stencil_1d,workload,cuda,gpu_board
2026-09-23T02:45:14.140579+00:00,1790131514.1405787,3582784.8874567,0.0819089412689209,GPU-91e942dc-edbb-7f2a-9cea-167356bbd86a,NVIDIA H100 80GB HBM3,423.31,86.0,61.0,1980.0,2619.0,44.0,power_20260923T024053Z_7c7f5f05,power_20260923T024053Z_7c7f5f05_trial_2,stencil_1d-67108864-256,2,stencil_1d,workload,cuda,gpu_board
2026-09-23T02:45:14.396653+00:00,1790131514.3966532,3582785.143529414,0.029915571212768555,GPU-91e942dc-edbb-7f2a-9cea-167356bbd86a,NVIDIA H100 80GB HBM3,358.94,1.0,0.0,1980.0,2619.0,43.0,power_20260923T024053Z_7c7f5f05,power_20260923T024053Z_7c7f5f05_trial_2,gemm_naive-2048-16,2,gemm_naive,idle,cuda,gpu_board
2026-09-23T02:45:14.626199+00:00,1790131514.6261992,3582785.373073334,0.02888774871826172,GPU-91e942dc-edbb-7f2a-9cea-167356bbd86a,NVIDIA H100 80GB HBM3,299.25,0.0,0.0,1980.0,2619.0,42.0,power_20260923T024053Z_7c7f5f05,power_20260923T024053Z_7c7f5f05_trial_2,gemm_naive-2048-16,2,gemm_naive,idle,cuda,gpu_board
2026-09-23T02:45:14.856269+00:00,1790131514.8562694,3582785.60314433,0.030971765518188477,GPU-91e942dc-edbb-7f2a-9cea-167356bbd86a,NVIDIA H100 80GB HBM3,200.39,0.0,0.0,1980.0,2619.0,41.0,power_20260923T024053Z_7c7f5f05,power_20260923T024053Z_7c7f5f05_trial_2,gemm_naive-2048-16,2,gemm_naive,idle,cuda,gpu_board
2026-09-23T02:45:15.086226+00:00,1790131515.086226,3582785.833099789,0.028647661209106445,GPU-91e942dc-edbb-7f2a-9cea-167356bbd86a,NVIDIA H100 80GB HBM3,165.4,0.0,0.0,1980.0,2619.0,41.0,power_20260923T024053Z_7c7f5f05,power_20260923T024053Z_7c7f5f05_trial_2,gemm_naive-2048-16,2,gemm_naive,idle,cuda,gpu_board
2026-09-23T02:45:15.315051+00:00,1790131515.3150506,3582786.061924904,0.02874159812927246,GPU-91e942dc-edbb-7f2a-9cea-167356bbd86a,NVIDIA H100 80GB HBM3,164.9,0.0,0.0,1980.0,2619.0,41.0,power_20260923T024053Z_7c7f5f05,power_20260923T024053Z_7c7f5f05_trial_2,gemm_naive-2048-16,2,gemm_naive,idle,cuda,gpu_board
2026-09-23T02:45:15.543828+00:00,1790131515.5438285,3582786.2907024305,0.028545379638671875,GPU-91e942dc-edbb-7f2a-9cea-167356bbd86a,NVIDIA H100 80GB HBM3,164.64,0.0,0.0,1980.0,2619.0,41.0,power_20260923T024053Z_7c7f5f05,power_20260923T024053Z_7c7f5f05_trial_2,gemm_naive-2048-16,2,gemm_naive,idle,cuda,gpu_board
2026-09-23T02:45:15.773121+00:00,1790131515.7731206,3582786.519994401,0.02976703643798828,GPU-91e942dc-edbb-7f2a-9cea-167356bbd86a,NVIDIA H100 80GB HBM3,164.31,0.0,0.0,1980.0,2619.0,40.0,power_20260923T024053Z_7c7f5f05,power_20260923T024053Z_7c7f5f05_trial_2,gemm_naive-2048-16,2,gemm_naive,idle,cuda,gpu_board
2026-09-23T02:45:16.003608+00:00,1790131516.0036085,3582786.7504829476,0.030927181243896484,GPU-91e942dc-edbb-7f2a-9cea-167356bbd86a,NVIDIA H100 80GB HBM3,154.24,0.0,0.0,405.0,2619.0,39.0,power_20260923T024053Z_7c7f5f05,power_20260923T024053Z_7c7f5f05_trial_2,gemm_naive-2048-16,2,gemm_naive,idle,cuda,gpu_board
2026-09-23T02:45:16.234530+00:00,1790131516.2345304,3582786.981404163,0.030637741088867188,GPU-91e942dc-edbb-7f2a-9cea-167356bbd86a,NVIDIA H100 80GB HBM3,141.49,0.0,0.0,375.0,2619.0,39.0,power_20260923T024053Z_7c7f5f05,power_20260923T024053Z_7c7f5f05_trial_2,gemm_naive-2048-16,2,gemm_naive,idle,cuda,gpu_board
2026-09-23T02:45:16.466507+00:00,1790131516.4665074,3582787.213381741,0.03305244445800781,GPU-91e942dc-edbb-7f2a-9cea-167356bbd86a,NVIDIA H100 80GB HBM3,121.47,0.0,0.0,345.0,2619.0,38.0,power_20260923T024053Z_7c7f5f05,power_20260923T024053Z_7c7f5f05_trial_2,gemm_naive-2048-16,2,gemm_naive,idle,cuda,gpu_board
2026-09-23T02:45:16.699116+00:00,1790131516.6991158,3582787.4459899347,0.031899213790893555,GPU-91e942dc-edbb-7f2a-9cea-167356bbd86a,NVIDIA H100 80GB HBM3,109.51,0.0,0.0,345.0,2619.0,38.0,power_20260923T024053Z_7c7f5f05,power_20260923T024053Z_7c7f5f05_trial_2,gemm_naive-2048-16,2,gemm_naive,idle,cuda,gpu_board
2026-09-23T02:45:16.933360+00:00,1790131516.93336,3582787.680238619,0.03632616996765137,GPU-91e942dc-edbb-7f2a-9cea-167356bbd86a,NVIDIA H100 80GB HBM3,99.12,0.0,0.0,345.0,2619.0,38.0,power_20260923T024053Z_7c7f5f05,power_20260923T024053Z_7c7f5f05_trial_2,gemm_naive-2048-16,2,gemm_naive,idle,cuda,gpu_board
2026-09-23T02:45:17.168324+00:00,1790131517.1683238,3582787.9152015224,0.03328561782836914,GPU-91e942dc-edbb-7f2a-9cea-167356bbd86a,NVIDIA H100 80GB HBM3,98.84,0.0,0.0,345.0,2619.0,38.0,power_20260923T024053Z_7c7f5f05,power_20260923T024053Z_7c7f5f05_trial_2,gemm_naive-2048-16,2,gemm_naive,idle,cuda,gpu_board
2026-09-23T02:45:17.401276+00:00,1790131517.4012756,3582788.14815,0.032299041748046875,GPU-91e942dc-edbb-7f2a-9cea-167356bbd86a,NVIDIA H100 80GB HBM3,98.73,0.0,0.0,345.0,2619.0,38.0,power_20260923T024053Z_7c7f5f05,power_20260923T024053Z_7c7f5f05_trial_2,gemm_naive-2048-16,2,gemm_naive,idle,cuda,gpu_board
2026-09-23T02:45:17.633360+00:00,1790131517.63336,3582788.3802337614,0.031571149826049805,GPU-91e942dc-edbb-7f2a-9cea-167356bbd86a,NVIDIA H100 80GB HBM3,98.66,0.0,0.0,345.0,2619.0,38.0,power_20260923T024053Z_7c7f5f05,power_20260923T024053Z_7c7f5f05_trial_2,gemm_naive-2048-16,2,gemm_naive,idle,cuda,gpu_board
2026-09-23T02:45:17.864508+00:00,1790131517.8645082,3582788.6113819834,0.030473709106445312,GPU-91e942dc-edbb-7f2a-9cea-167356bbd86a,NVIDIA H100 80GB HBM3,98.56,0.0,0.0,345.0,2619.0,37.0,power_20260923T024053Z_7c7f5f05,power_20260923T024053Z_7c7f5f05_trial_2,gemm_naive-2048-16,2,gemm_naive,idle,cuda,gpu_board
2026-09-23T02:45:18.095080+00:00,1790131518.0950804,3582788.8419536105,0.030412912368774414,GPU-91e942dc-edbb-7f2a-9cea-167356bbd86a,NVIDIA H100 80GB HBM3,98.54,0.0,0.0,345.0,2619.0,37.0,power_20260923T024053Z_7c7f5f05,power_20260923T024053Z_7c7f5f05_trial_2,gemm_naive-2048-16,2,gemm_naive,idle,cuda,gpu_board
2026-09-23T02:45:18.417328+00:00,1790131518.417328,3582789.1642027935,0.2138223648071289,GPU-91e942dc-edbb-7f2a-9cea-167356bbd86a,NVIDIA H100 80GB HBM3,98.51,0.0,0.0,345.0,2619.0,37.0,power_20260923T024053Z_7c7f5f05,power_20260923T024053Z_7c7f5f05_trial_2,gemm_naive-2048-16,2,gemm_naive,workload,cuda,gpu_board
2026-09-23T02:45:18.740079+00:00,1790131518.7400792,3582789.4869594635,0.031402587890625,GPU-91e942dc-edbb-7f2a-9cea-167356bbd86a,NVIDIA H100 80GB HBM3,106.03,0.0,0.0,1980.0,2619.0,38.0,power_20260923T024053Z_7c7f5f05,power_20260923T024053Z_7c7f5f05_trial_2,gemm_naive-2048-16,2,gemm_naive,workload,cuda,gpu_board
2026-09-23T02:45:18.972271+00:00,1790131518.972271,3582789.7191452,0.03260540962219238,GPU-91e942dc-edbb-7f2a-9cea-167356bbd86a,NVIDIA H100 80GB HBM3,204.51,100.0,0.0,1980.0,2619.0,46.0,power_20260923T024053Z_7c7f5f05,power_20260923T024053Z_7c7f5f05_trial_2,gemm_naive-2048-16,2,gemm_naive,workload,cuda,gpu_board
2026-09-23T02:45:19.204051+00:00,1790131519.2040515,3582789.9509295225,0.030684709548950195,GPU-91e942dc-edbb-7f2a-9cea-167356bbd86a,NVIDIA H100 80GB HBM3,276.83,100.0,0.0,1980.0,2619.0,47.0,power_20260923T024053Z_7c7f5f05,power_20260923T024053Z_7c7f5f05_trial_2,gemm_naive-2048-16,2,gemm_naive,workload,cuda,gpu_board
2026-09-23T02:45:19.436441+00:00,1790131519.436441,3582790.1833133865,0.03376913070678711,GPU-91e942dc-edbb-7f2a-9cea-167356bbd86a,NVIDIA H100 80GB HBM3,344.75,100.0,0.0,1980.0,2619.0,48.0,power_20260923T024053Z_7c7f5f05,power_20260923T024053Z_7c7f5f05_trial_2,gemm_naive-2048-16,2,gemm_naive,workload,cuda,gpu_board
2026-09-23T02:45:19.669036+00:00,1790131519.669036,3582790.415914728,0.031176090240478516,GPU-91e942dc-edbb-7f2a-9cea-167356bbd86a,NVIDIA H100 80GB HBM3,446.21,100.0,0.0,1980.0,2619.0,49.0,power_20260923T024053Z_7c7f5f05,power_20260923T024053Z_7c7f5f05_trial_2,gemm_naive-2048-16,2,gemm_naive,workload,cuda,gpu_board
2026-09-23T02:45:19.901949+00:00,1790131519.901949,3582790.648822665,0.03429079055786133,GPU-91e942dc-edbb-7f2a-9cea-167356bbd86a,NVIDIA H100 80GB HBM3,463.38,100.0,0.0,1980.0,2619.0,49.0,power_20260923T024053Z_7c7f5f05,power_20260923T024053Z_7c7f5f05_trial_2,gemm_naive-2048-16,2,gemm_naive,workload,cuda,gpu_board
2026-09-23T02:45:20.135308+00:00,1790131520.1353078,3582790.8821862647,0.03216910362243652,GPU-91e942dc-edbb-7f2a-9cea-167356bbd86a,NVIDIA H100 80GB HBM3,464.05,100.0,0.0,1980.0,2619.0,49.0,power_20260923T024053Z_7c7f5f05,power_20260923T024053Z_7c7f5f05_trial_2,gemm_naive-2048-16,2,gemm_naive,workload,cuda,gpu_board
2026-09-23T02:45:20.368171+00:00,1790131520.3681707,3582791.1150439307,0.03322482109069824,GPU-91e942dc-edbb-7f2a-9cea-167356bbd86a,NVIDIA H100 80GB HBM3,465.18,100.0,0.0,1980.0,2619.0,50.0,power_20260923T024053Z_7c7f5f05,power_20260923T024053Z_7c7f5f05_trial_2,gemm_naive-2048-16,2,gemm_naive,workload,cuda,gpu_board
2026-09-23T02:45:20.600589+00:00,1790131520.6005893,3582791.3474672236,0.03135991096496582,GPU-91e942dc-edbb-7f2a-9cea-167356bbd86a,NVIDIA H100 80GB HBM3,465.39,100.0,0.0,1980.0,2619.0,50.0,power_20260923T024053Z_7c7f5f05,power_20260923T024053Z_7c7f5f05_trial_2,gemm_naive-2048-16,2,gemm_naive,workload,cuda,gpu_board
2026-09-23T02:45:20.833472+00:00,1790131520.8334718,3582791.580344484,0.03408479690551758,GPU-91e942dc-edbb-7f2a-9cea-167356bbd86a,NVIDIA H100 80GB HBM3,465.92,100.0,0.0,1980.0,2619.0,50.0,power_20260923T024053Z_7c7f5f05,power_20260923T024053Z_7c7f5f05_trial_2,gemm_naive-2048-16,2,gemm_naive,workload,cuda,gpu_board
2026-09-23T02:45:21.065853+00:00,1790131521.0658534,3582791.8127303254,0.030432701110839844,GPU-91e942dc-edbb-7f2a-9cea-167356bbd86a,NVIDIA H100 80GB HBM3,466.09,100.0,0.0,1980.0,2619.0,50.0,power_20260923T024053Z_7c7f5f05,power_20260923T024053Z_7c7f5f05_trial_2,gemm_naive-2048-16,2,gemm_naive,workload,cuda,gpu_board
2026-09-23T02:45:21.297556+00:00,1790131521.2975564,3582792.0444289623,0.032662153244018555,GPU-91e942dc-edbb-7f2a-9cea-167356bbd86a,NVIDIA H100 80GB HBM3,466.27,100.0,0.0,1980.0,2619.0,51.0,power_20260923T024053Z_7c7f5f05,power_20260923T024053Z_7c7f5f05_trial_2,gemm_naive-2048-16,2,gemm_naive,workload,cuda,gpu_board
2026-09-23T02:45:21.529533+00:00,1790131521.5295327,3582792.2764120866,0.031028270721435547,GPU-91e942dc-edbb-7f2a-9cea-167356bbd86a,NVIDIA H100 80GB HBM3,466.21,100.0,0.0,1980.0,2619.0,51.0,power_20260923T024053Z_7c7f5f05,power_20260923T024053Z_7c7f5f05_trial_2,gemm_naive-2048-16,2,gemm_naive,workload,cuda,gpu_board
2026-09-23T02:45:21.762013+00:00,1790131521.7620134,3582792.508889295,0.03355550765991211,GPU-91e942dc-edbb-7f2a-9cea-167356bbd86a,NVIDIA H100 80GB HBM3,466.52,100.0,0.0,1980.0,2619.0,51.0,power_20260923T024053Z_7c7f5f05,power_20260923T024053Z_7c7f5f05_trial_2,gemm_naive-2048-16,2,gemm_naive,workload,cuda,gpu_board
2026-09-23T02:45:21.994364+00:00,1790131521.9943643,3582792.741241458,0.03085160255432129,GPU-91e942dc-edbb-7f2a-9cea-167356bbd86a,NVIDIA H100 80GB HBM3,467.02,100.0,0.0,1980.0,2619.0,51.0,power_20260923T024053Z_7c7f5f05,power_20260923T024053Z_7c7f5f05_trial_2,gemm_naive-2048-16,2,gemm_naive,workload,cuda,gpu_board
2026-09-23T02:45:22.226418+00:00,1790131522.2264175,3582792.973291148,0.032928466796875,GPU-91e942dc-edbb-7f2a-9cea-167356bbd86a,NVIDIA H100 80GB HBM3,467.37,100.0,0.0,1980.0,2619.0,51.0,power_20260923T024053Z_7c7f5f05,power_20260923T024053Z_7c7f5f05_trial_2,gemm_naive-2048-16,2,gemm_naive,workload,cuda,gpu_board
2026-09-23T02:45:22.459602+00:00,1790131522.4596019,3582793.2064804127,0.03319048881530762,GPU-91e942dc-edbb-7f2a-9cea-167356bbd86a,NVIDIA H100 80GB HBM3,469.23,100.0,0.0,1980.0,2619.0,51.0,power_20260923T024053Z_7c7f5f05,power_20260923T024053Z_7c7f5f05_trial_2,gemm_naive-2048-16,2,gemm_naive,workload,cuda,gpu_board
2026-09-23T02:45:22.691722+00:00,1790131522.6917224,3582793.4386008624,0.030715227127075195,GPU-91e942dc-edbb-7f2a-9cea-167356bbd86a,NVIDIA H100 80GB HBM3,470.03,100.0,0.0,1980.0,2619.0,51.0,power_20260923T024053Z_7c7f5f05,power_20260923T024053Z_7c7f5f05_trial_2,gemm_naive-2048-16,2,gemm_naive,workload,cuda,gpu_board
2026-09-23T02:45:22.924345+00:00,1790131522.924345,3582793.671220827,0.03419661521911621,GPU-91e942dc-edbb-7f2a-9cea-167356bbd86a,NVIDIA H100 80GB HBM3,471.07,100.0,0.0,1980.0,2619.0,51.0,power_20260923T024053Z_7c7f5f05,power_20260923T024053Z_7c7f5f05_trial_2,gemm_naive-2048-16,2,gemm_naive,workload,cuda,gpu_board
2026-09-23T02:45:23.156428+00:00,1790131523.1564279,3582793.903307099,0.029694080352783203,GPU-91e942dc-edbb-7f2a-9cea-167356bbd86a,NVIDIA H100 80GB HBM3,472.02,100.0,0.0,1980.0,2619.0,51.0,power_20260923T024053Z_7c7f5f05,power_20260923T024053Z_7c7f5f05_trial_2,gemm_naive-2048-16,2,gemm_naive,workload,cuda,gpu_board
2026-09-23T02:45:23.388372+00:00,1790131523.388372,3582794.135250852,0.03385734558105469,GPU-91e942dc-edbb-7f2a-9cea-167356bbd86a,NVIDIA H100 80GB HBM3,471.69,100.0,0.0,1980.0,2619.0,51.0,power_20260923T024053Z_7c7f5f05,power_20260923T024053Z_7c7f5f05_trial_2,gemm_naive-2048-16,2,gemm_naive,workload,cuda,gpu_board
2026-09-23T02:45:23.621406+00:00,1790131523.621406,3582794.3682829402,0.03188920021057129,GPU-91e942dc-edbb-7f2a-9cea-167356bbd86a,NVIDIA H100 80GB HBM3,471.96,100.0,0.0,1980.0,2619.0,52.0,power_20260923T024053Z_7c7f5f05,power_20260923T024053Z_7c7f5f05_trial_2,gemm_naive-2048-16,2,gemm_naive,workload,cuda,gpu_board
2026-09-23T02:45:23.854872+00:00,1790131523.8548717,3582794.601750631,0.034734487533569336,GPU-91e942dc-edbb-7f2a-9cea-167356bbd86a,NVIDIA H100 80GB HBM3,471.76,100.0,0.0,1980.0,2619.0,52.0,power_20260923T024053Z_7c7f5f05,power_20260923T024053Z_7c7f5f05_trial_2,gemm_naive-2048-16,2,gemm_naive,workload,cuda,gpu_board
2026-09-23T02:45:24.089548+00:00,1790131524.0895483,3582794.836426431,0.034293174743652344,GPU-91e942dc-edbb-7f2a-9cea-167356bbd86a,NVIDIA H100 80GB HBM3,472.06,100.0,0.0,1980.0,2619.0,52.0,power_20260923T024053Z_7c7f5f05,power_20260923T024053Z_7c7f5f05_trial_2,gemm_naive-2048-16,2,gemm_naive,workload,cuda,gpu_board
2026-09-23T02:45:24.324294+00:00,1790131524.3242936,3582795.0711722523,0.03488969802856445,GPU-91e942dc-edbb-7f2a-9cea-167356bbd86a,NVIDIA H100 80GB HBM3,472.0,100.0,0.0,1980.0,2619.0,52.0,power_20260923T024053Z_7c7f5f05,power_20260923T024053Z_7c7f5f05_trial_2,gemm_naive-2048-16,2,gemm_naive,workload,cuda,gpu_board
2026-09-23T02:45:24.557528+00:00,1790131524.5575278,3582795.304403475,0.03125810623168945,GPU-91e942dc-edbb-7f2a-9cea-167356bbd86a,NVIDIA H100 80GB HBM3,472.01,100.0,0.0,1980.0,2619.0,52.0,power_20260923T024053Z_7c7f5f05,power_20260923T024053Z_7c7f5f05_trial_2,gemm_naive-2048-16,2,gemm_naive,workload,cuda,gpu_board
2026-09-23T02:45:24.790477+00:00,1790131524.7904773,3582795.537354676,0.034332990646362305,GPU-91e942dc-edbb-7f2a-9cea-167356bbd86a,NVIDIA H100 80GB HBM3,472.37,100.0,0.0,1980.0,2619.0,52.0,power_20260923T024053Z_7c7f5f05,power_20260923T024053Z_7c7f5f05_trial_2,gemm_naive-2048-16,2,gemm_naive,workload,cuda,gpu_board
2026-09-23T02:45:25.023308+00:00,1790131525.0233083,3582795.7701856876,0.031034231185913086,GPU-91e942dc-edbb-7f2a-9cea-167356bbd86a,NVIDIA H100 80GB HBM3,472.11,100.0,0.0,1980.0,2619.0,52.0,power_20260923T024053Z_7c7f5f05,power_20260923T024053Z_7c7f5f05_trial_2,gemm_naive-2048-16,2,gemm_naive,workload,cuda,gpu_board
2026-09-23T02:45:25.255729+00:00,1790131525.2557292,3582796.0026053605,0.033476829528808594,GPU-91e942dc-edbb-7f2a-9cea-167356bbd86a,NVIDIA H100 80GB HBM3,472.32,100.0,0.0,1980.0,2619.0,52.0,power_20260923T024053Z_7c7f5f05,power_20260923T024053Z_7c7f5f05_trial_2,gemm_naive-2048-16,2,gemm_naive,workload,cuda,gpu_board
2026-09-23T02:45:25.487890+00:00,1790131525.4878902,3582796.2347664367,0.0305631160736084,GPU-91e942dc-edbb-7f2a-9cea-167356bbd86a,NVIDIA H100 80GB HBM3,472.17,100.0,0.0,1980.0,2619.0,52.0,power_20260923T024053Z_7c7f5f05,power_20260923T024053Z_7c7f5f05_trial_2,gemm_naive-2048-16,2,gemm_naive,workload,cuda,gpu_board
2026-09-23T02:45:25.719087+00:00,1790131525.7190871,3582796.4659617487,0.031539201736450195,GPU-91e942dc-edbb-7f2a-9cea-167356bbd86a,NVIDIA H100 80GB HBM3,472.64,100.0,0.0,1980.0,2619.0,52.0,power_20260923T024053Z_7c7f5f05,power_20260923T024053Z_7c7f5f05_trial_2,gemm_naive-2048-16,2,gemm_naive,workload,cuda,gpu_board
2026-09-23T02:45:25.950373+00:00,1790131525.9503732,3582796.6972519327,0.03076767921447754,GPU-91e942dc-edbb-7f2a-9cea-167356bbd86a,NVIDIA H100 80GB HBM3,473.01,100.0,0.0,1980.0,2619.0,52.0,power_20260923T024053Z_7c7f5f05,power_20260923T024053Z_7c7f5f05_trial_2,gemm_naive-2048-16,2,gemm_naive,workload,cuda,gpu_board
2026-09-23T02:45:26.182734+00:00,1790131526.1827338,3582796.9296077616,0.03362607955932617,GPU-91e942dc-edbb-7f2a-9cea-167356bbd86a,NVIDIA H100 80GB HBM3,472.91,100.0,0.0,1980.0,2619.0,52.0,power_20260923T024053Z_7c7f5f05,power_20260923T024053Z_7c7f5f05_trial_2,gemm_naive-2048-16,2,gemm_naive,workload,cuda,gpu_board
2026-09-23T02:45:26.416569+00:00,1790131526.416569,3582797.1634402713,0.03377389907836914,GPU-91e942dc-edbb-7f2a-9cea-167356bbd86a,NVIDIA H100 80GB HBM3,473.32,100.0,0.0,1980.0,2619.0,52.0,power_20260923T024053Z_7c7f5f05,power_20260923T024053Z_7c7f5f05_trial_2,gemm_naive-2048-16,2,gemm_naive,workload,cuda,gpu_board
2026-09-23T02:45:26.649535+00:00,1790131526.6495347,3582797.3964105593,0.03193783760070801,GPU-91e942dc-edbb-7f2a-9cea-167356bbd86a,NVIDIA H100 80GB HBM3,473.08,100.0,0.0,1980.0,2619.0,52.0,power_20260923T024053Z_7c7f5f05,power_20260923T024053Z_7c7f5f05_trial_2,gemm_naive-2048-16,2,gemm_naive,workload,cuda,gpu_board
2026-09-23T02:45:26.882127+00:00,1790131526.8821266,3582797.6289992365,0.03295469284057617,GPU-91e942dc-edbb-7f2a-9cea-167356bbd86a,NVIDIA H100 80GB HBM3,473.18,100.0,0.0,1980.0,2619.0,52.0,power_20260923T024053Z_7c7f5f05,power_20260923T024053Z_7c7f5f05_trial_2,gemm_naive-2048-16,2,gemm_naive,workload,cuda,gpu_board
2026-09-23T02:45:27.114092+00:00,1790131527.1140919,3582797.8609685465,0.03073263168334961,GPU-91e942dc-edbb-7f2a-9cea-167356bbd86a,NVIDIA H100 80GB HBM3,472.89,100.0,0.0,1980.0,2619.0,52.0,power_20260923T024053Z_7c7f5f05,power_20260923T024053Z_7c7f5f05_trial_2,gemm_naive-2048-16,2,gemm_naive,workload,cuda,gpu_board
2026-09-23T02:45:27.346555+00:00,1790131527.3465548,3582798.09342725,0.033895254135131836,GPU-91e942dc-edbb-7f2a-9cea-167356bbd86a,NVIDIA H100 80GB HBM3,473.02,100.0,0.0,1980.0,2619.0,52.0,power_20260923T024053Z_7c7f5f05,power_20260923T024053Z_7c7f5f05_trial_2,gemm_naive-2048-16,2,gemm_naive,workload,cuda,gpu_board
2026-09-23T02:45:27.579094+00:00,1790131527.5790942,3582798.3259685077,0.03094768524169922,GPU-91e942dc-edbb-7f2a-9cea-167356bbd86a,NVIDIA H100 80GB HBM3,473.17,100.0,0.0,1980.0,2619.0,52.0,power_20260923T024053Z_7c7f5f05,power_20260923T024053Z_7c7f5f05_trial_2,gemm_naive-2048-16,2,gemm_naive,workload,cuda,gpu_board
2026-09-23T02:45:27.811616+00:00,1790131527.8116164,3582798.558489896,0.03382730484008789,GPU-91e942dc-edbb-7f2a-9cea-167356bbd86a,NVIDIA H100 80GB HBM3,473.07,100.0,0.0,1980.0,2619.0,52.0,power_20260923T024053Z_7c7f5f05,power_20260923T024053Z_7c7f5f05_trial_2,gemm_naive-2048-16,2,gemm_naive,workload,cuda,gpu_board
2026-09-23T02:45:28.044372+00:00,1790131528.044372,3582798.791246377,0.03142213821411133,GPU-91e942dc-edbb-7f2a-9cea-167356bbd86a,NVIDIA H100 80GB HBM3,473.45,100.0,0.0,1980.0,2619.0,52.0,power_20260923T024053Z_7c7f5f05,power_20260923T024053Z_7c7f5f05_trial_2,gemm_naive-2048-16,2,gemm_naive,workload,cuda,gpu_board
2026-09-23T02:45:28.277642+00:00,1790131528.2776425,3582799.024515528,0.03483104705810547,GPU-91e942dc-edbb-7f2a-9cea-167356bbd86a,NVIDIA H100 80GB HBM3,473.62,100.0,0.0,1980.0,2619.0,53.0,power_20260923T024053Z_7c7f5f05,power_20260923T024053Z_7c7f5f05_trial_2,gemm_naive-2048-16,2,gemm_naive,workload,cuda,gpu_board
2026-09-23T02:45:28.510758+00:00,1790131528.510758,3582799.2576332623,0.03115081787109375,GPU-91e942dc-edbb-7f2a-9cea-167356bbd86a,NVIDIA H100 80GB HBM3,474.09,100.0,0.0,1980.0,2619.0,53.0,power_20260923T024053Z_7c7f5f05,power_20260923T024053Z_7c7f5f05_trial_2,gemm_naive-2048-16,2,gemm_naive,workload,cuda,gpu_board
2026-09-23T02:45:28.743550+00:00,1790131528.7435498,3582799.49042384,0.034154653549194336,GPU-91e942dc-edbb-7f2a-9cea-167356bbd86a,NVIDIA H100 80GB HBM3,473.68,100.0,0.0,1980.0,2619.0,53.0,power_20260923T024053Z_7c7f5f05,power_20260923T024053Z_7c7f5f05_trial_2,gemm_naive-2048-16,2,gemm_naive,workload,cuda,gpu_board
2026-09-23T02:45:28.976584+00:00,1790131528.9765844,3582799.7234606515,0.03165626525878906,GPU-91e942dc-edbb-7f2a-9cea-167356bbd86a,NVIDIA H100 80GB HBM3,473.8,100.0,0.0,1980.0,2619.0,53.0,power_20260923T024053Z_7c7f5f05,power_20260923T024053Z_7c7f5f05_trial_2,gemm_naive-2048-16,2,gemm_naive,workload,cuda,gpu_board
2026-09-23T02:45:29.209393+00:00,1790131529.2093925,3582799.9562646975,0.03366374969482422,GPU-91e942dc-edbb-7f2a-9cea-167356bbd86a,NVIDIA H100 80GB HBM3,473.85,100.0,0.0,1980.0,2619.0,53.0,power_20260923T024053Z_7c7f5f05,power_20260923T024053Z_7c7f5f05_trial_2,gemm_naive-2048-16,2,gemm_naive,workload,cuda,gpu_board
2026-09-23T02:45:29.443605+00:00,1790131529.4436054,3582800.1904758955,0.03452873229980469,GPU-91e942dc-edbb-7f2a-9cea-167356bbd86a,NVIDIA H100 80GB HBM3,473.83,100.0,0.0,1980.0,2619.0,53.0,power_20260923T024053Z_7c7f5f05,power_20260923T024053Z_7c7f5f05_trial_2,gemm_naive-2048-16,2,gemm_naive,workload,cuda,gpu_board
2026-09-23T02:45:29.676954+00:00,1790131529.6769543,3582800.4238304794,0.03196406364440918,GPU-91e942dc-edbb-7f2a-9cea-167356bbd86a,NVIDIA H100 80GB HBM3,474.38,100.0,0.0,1980.0,2619.0,53.0,power_20260923T024053Z_7c7f5f05,power_20260923T024053Z_7c7f5f05_trial_2,gemm_naive-2048-16,2,gemm_naive,workload,cuda,gpu_board
2026-09-23T02:45:29.910152+00:00,1790131529.9101524,3582800.657025965,0.03412127494812012,GPU-91e942dc-edbb-7f2a-9cea-167356bbd86a,NVIDIA H100 80GB HBM3,474.23,100.0,0.0,1980.0,2619.0,53.0,power_20260923T024053Z_7c7f5f05,power_20260923T024053Z_7c7f5f05_trial_2,gemm_naive-2048-16,2,gemm_naive,workload,cuda,gpu_board
2026-09-23T02:45:30.142977+00:00,1790131530.1429772,3582800.8898554635,0.031280517578125,GPU-91e942dc-edbb-7f2a-9cea-167356bbd86a,NVIDIA H100 80GB HBM3,474.66,100.0,0.0,1980.0,2619.0,53.0,power_20260923T024053Z_7c7f5f05,power_20260923T024053Z_7c7f5f05_trial_2,gemm_naive-2048-16,2,gemm_naive,workload,cuda,gpu_board
2026-09-23T02:45:30.375912+00:00,1790131530.3759117,3582801.1227841056,0.03426718711853027,GPU-91e942dc-edbb-7f2a-9cea-167356bbd86a,NVIDIA H100 80GB HBM3,474.67,100.0,0.0,1980.0,2619.0,53.0,power_20260923T024053Z_7c7f5f05,power_20260923T024053Z_7c7f5f05_trial_2,gemm_naive-2048-16,2,gemm_naive,workload,cuda,gpu_board
2026-09-23T02:45:30.609045+00:00,1790131530.609045,3582801.355920758,0.031763315200805664,GPU-91e942dc-edbb-7f2a-9cea-167356bbd86a,NVIDIA H100 80GB HBM3,474.61,100.0,0.0,1980.0,2619.0,53.0,power_20260923T024053Z_7c7f5f05,power_20260923T024053Z_7c7f5f05_trial_2,gemm_naive-2048-16,2,gemm_naive,workload,cuda,gpu_board
2026-09-23T02:45:30.841691+00:00,1790131530.8416913,3582801.5885677985,0.033242225646972656,GPU-91e942dc-edbb-7f2a-9cea-167356bbd86a,NVIDIA H100 80GB HBM3,474.62,100.0,0.0,1980.0,2619.0,53.0,power_20260923T024053Z_7c7f5f05,power_20260923T024053Z_7c7f5f05_trial_2,gemm_naive-2048-16,2,gemm_naive,workload,cuda,gpu_board
2026-09-23T02:45:31.074000+00:00,1790131531.0740004,3582801.8208793085,0.031069517135620117,GPU-91e942dc-edbb-7f2a-9cea-167356bbd86a,NVIDIA H100 80GB HBM3,474.29,100.0,0.0,1980.0,2619.0,53.0,power_20260923T024053Z_7c7f5f05,power_20260923T024053Z_7c7f5f05_trial_2,gemm_naive-2048-16,2,gemm_naive,workload,cuda,gpu_board
2026-09-23T02:45:31.328336+00:00,1790131531.3283365,3582802.0752103487,0.07728099822998047,GPU-91e942dc-edbb-7f2a-9cea-167356bbd86a,NVIDIA H100 80GB HBM3,474.58,100.0,0.0,1980.0,2619.0,53.0,power_20260923T024053Z_7c7f5f05,power_20260923T024053Z_7c7f5f05_trial_2,gemm_naive-2048-16,2,gemm_naive,workload,cuda,gpu_board
2026-09-23T02:45:31.583262+00:00,1790131531.583262,3582802.3301367443,0.03229641914367676,GPU-91e942dc-edbb-7f2a-9cea-167356bbd86a,NVIDIA H100 80GB HBM3,474.35,100.0,0.0,1980.0,2619.0,53.0,power_20260923T024053Z_7c7f5f05,power_20260923T024053Z_7c7f5f05_trial_2,gemm_naive-2048-16,2,gemm_naive,workload,cuda,gpu_board
2026-09-23T02:45:31.816605+00:00,1790131531.8166049,3582802.56347809,0.034108638763427734,GPU-91e942dc-edbb-7f2a-9cea-167356bbd86a,NVIDIA H100 80GB HBM3,474.25,100.0,0.0,1980.0,2619.0,53.0,power_20260923T024053Z_7c7f5f05,power_20260923T024053Z_7c7f5f05_trial_2,gemm_naive-2048-16,2,gemm_naive,workload,cuda,gpu_board
2026-09-23T02:45:32.049404+00:00,1790131532.0494041,3582802.7962835627,0.03123784065246582,GPU-91e942dc-edbb-7f2a-9cea-167356bbd86a,NVIDIA H100 80GB HBM3,474.45,100.0,0.0,1980.0,2619.0,53.0,power_20260923T024053Z_7c7f5f05,power_20260923T024053Z_7c7f5f05_trial_2,gemm_naive-2048-16,2,gemm_naive,workload,cuda,gpu_board
2026-09-23T02:45:32.281827+00:00,1790131532.281827,3582803.0286992323,0.03326106071472168,GPU-91e942dc-edbb-7f2a-9cea-167356bbd86a,NVIDIA H100 80GB HBM3,474.47,100.0,0.0,1980.0,2619.0,53.0,power_20260923T024053Z_7c7f5f05,power_20260923T024053Z_7c7f5f05_trial_2,gemm_naive-2048-16,2,gemm_naive,workload,cuda,gpu_board
2026-09-23T02:45:32.514002+00:00,1790131532.5140023,3582803.26087948,0.030850648880004883,GPU-91e942dc-edbb-7f2a-9cea-167356bbd86a,NVIDIA H100 80GB HBM3,474.94,100.0,0.0,1980.0,2619.0,53.0,power_20260923T024053Z_7c7f5f05,power_20260923T024053Z_7c7f5f05_trial_2,gemm_naive-2048-16,2,gemm_naive,workload,cuda,gpu_board
2026-09-23T02:45:32.746258+00:00,1790131532.7462585,3582803.4931304925,0.03334188461303711,GPU-91e942dc-edbb-7f2a-9cea-167356bbd86a,NVIDIA H100 80GB HBM3,474.74,100.0,0.0,1980.0,2619.0,53.0,power_20260923T024053Z_7c7f5f05,power_20260923T024053Z_7c7f5f05_trial_2,gemm_naive-2048-16,2,gemm_naive,workload,cuda,gpu_board
2026-09-23T02:45:32.978417+00:00,1790131532.978417,3582803.7252925686,0.030739545822143555,GPU-91e942dc-edbb-7f2a-9cea-167356bbd86a,NVIDIA H100 80GB HBM3,475.13,100.0,0.0,1980.0,2619.0,53.0,power_20260923T024053Z_7c7f5f05,power_20260923T024053Z_7c7f5f05_trial_2,gemm_naive-2048-16,2,gemm_naive,workload,cuda,gpu_board
2026-09-23T02:45:33.210341+00:00,1790131533.2103412,3582803.957213256,0.03280782699584961,GPU-91e942dc-edbb-7f2a-9cea-167356bbd86a,NVIDIA H100 80GB HBM3,475.23,100.0,0.0,1980.0,2619.0,53.0,power_20260923T024053Z_7c7f5f05,power_20260923T024053Z_7c7f5f05_trial_2,gemm_naive-2048-16,2,gemm_naive,workload,cuda,gpu_board
2026-09-23T02:45:33.442063+00:00,1790131533.4420633,3582804.188938896,0.0304110050201416,GPU-91e942dc-edbb-7f2a-9cea-167356bbd86a,NVIDIA H100 80GB HBM3,475.24,100.0,0.0,1980.0,2619.0,53.0,power_20260923T024053Z_7c7f5f05,power_20260923T024053Z_7c7f5f05_trial_2,gemm_naive-2048-16,2,gemm_naive,workload,cuda,gpu_board
2026-09-23T02:45:33.673867+00:00,1790131533.6738672,3582804.4207399515,0.03291010856628418,GPU-91e942dc-edbb-7f2a-9cea-167356bbd86a,NVIDIA H100 80GB HBM3,475.35,100.0,0.0,1980.0,2619.0,53.0,power_20260923T024053Z_7c7f5f05,power_20260923T024053Z_7c7f5f05_trial_2,gemm_naive-2048-16,2,gemm_naive,workload,cuda,gpu_board
2026-09-23T02:45:33.905764+00:00,1790131533.9057636,3582804.6526410356,0.03063511848449707,GPU-91e942dc-edbb-7f2a-9cea-167356bbd86a,NVIDIA H100 80GB HBM3,474.99,100.0,0.0,1980.0,2619.0,53.0,power_20260923T024053Z_7c7f5f05,power_20260923T024053Z_7c7f5f05_trial_2,gemm_naive-2048-16,2,gemm_naive,workload,cuda,gpu_board
2026-09-23T02:45:34.185457+00:00,1790131534.1854572,3582804.9323304687,0.12839865684509277,GPU-91e942dc-edbb-7f2a-9cea-167356bbd86a,NVIDIA H100 80GB HBM3,464.54,100.0,0.0,1980.0,2619.0,53.0,power_20260923T024053Z_7c7f5f05,power_20260923T024053Z_7c7f5f05_trial_2,gemm_naive-2048-16,2,gemm_naive,workload,cuda,gpu_board
2026-09-23T02:45:34.465129+00:00,1790131534.4651287,3582805.2120066066,0.030687332153320312,GPU-91e942dc-edbb-7f2a-9cea-167356bbd86a,NVIDIA H100 80GB HBM3,372.66,2.0,0.0,1980.0,2619.0,44.0,power_20260923T024053Z_7c7f5f05,power_20260923T024053Z_7c7f5f05_trial_2,reduction-67108864-256,2,reduction,idle,cuda,gpu_board
2026-09-23T02:45:34.697667+00:00,1790131534.6976666,3582805.4445394212,0.03406071662902832,GPU-91e942dc-edbb-7f2a-9cea-167356bbd86a,NVIDIA H100 80GB HBM3,310.79,0.0,0.0,1980.0,2619.0,43.0,power_20260923T024053Z_7c7f5f05,power_20260923T024053Z_7c7f5f05_trial_2,reduction-67108864-256,2,reduction,idle,cuda,gpu_board
2026-09-23T02:45:34.930430+00:00,1790131534.9304304,3582805.677307795,0.031219482421875,GPU-91e942dc-edbb-7f2a-9cea-167356bbd86a,NVIDIA H100 80GB HBM3,253.54,0.0,0.0,1980.0,2619.0,43.0,power_20260923T024053Z_7c7f5f05,power_20260923T024053Z_7c7f5f05_trial_2,reduction-67108864-256,2,reduction,idle,cuda,gpu_board
2026-09-23T02:45:35.161278+00:00,1790131535.1612778,3582805.9081510226,0.03016352653503418,GPU-91e942dc-edbb-7f2a-9cea-167356bbd86a,NVIDIA H100 80GB HBM3,167.42,0.0,0.0,1980.0,2619.0,42.0,power_20260923T024053Z_7c7f5f05,power_20260923T024053Z_7c7f5f05_trial_2,reduction-67108864-256,2,reduction,idle,cuda,gpu_board
2026-09-23T02:45:35.390975+00:00,1790131535.3909752,3582806.1378480964,0.028985977172851562,GPU-91e942dc-edbb-7f2a-9cea-167356bbd86a,NVIDIA H100 80GB HBM3,166.01,0.0,0.0,1980.0,2619.0,42.0,power_20260923T024053Z_7c7f5f05,power_20260923T024053Z_7c7f5f05_trial_2,reduction-67108864-256,2,reduction,idle,cuda,gpu_board
2026-09-23T02:45:35.619798+00:00,1790131535.6197977,3582806.3666686853,0.02841925621032715,GPU-91e942dc-edbb-7f2a-9cea-167356bbd86a,NVIDIA H100 80GB HBM3,165.52,0.0,0.0,1980.0,2619.0,42.0,power_20260923T024053Z_7c7f5f05,power_20260923T024053Z_7c7f5f05_trial_2,reduction-67108864-256,2,reduction,idle,cuda,gpu_board
2026-09-23T02:45:35.848554+00:00,1790131535.848554,3582806.59542837,0.02886486053466797,GPU-91e942dc-edbb-7f2a-9cea-167356bbd86a,NVIDIA H100 80GB HBM3,165.22,0.0,0.0,1980.0,2619.0,41.0,power_20260923T024053Z_7c7f5f05,power_20260923T024053Z_7c7f5f05_trial_2,reduction-67108864-256,2,reduction,idle,cuda,gpu_board
2026-09-23T02:45:36.078405+00:00,1790131536.0784047,3582806.82527922,0.030550003051757812,GPU-91e942dc-edbb-7f2a-9cea-167356bbd86a,NVIDIA H100 80GB HBM3,161.19,0.0,0.0,405.0,2619.0,40.0,power_20260923T024053Z_7c7f5f05,power_20260923T024053Z_7c7f5f05_trial_2,reduction-67108864-256,2,reduction,idle,cuda,gpu_board
2026-09-23T02:45:36.309012+00:00,1790131536.3090124,3582807.0558840954,0.030395984649658203,GPU-91e942dc-edbb-7f2a-9cea-167356bbd86a,NVIDIA H100 80GB HBM3,148.38,0.0,0.0,375.0,2619.0,40.0,power_20260923T024053Z_7c7f5f05,power_20260923T024053Z_7c7f5f05_trial_2,reduction-67108864-256,2,reduction,idle,cuda,gpu_board
2026-09-23T02:45:36.539641+00:00,1790131536.5396414,3582807.2865164587,0.030631542205810547,GPU-91e942dc-edbb-7f2a-9cea-167356bbd86a,NVIDIA H100 80GB HBM3,135.55,0.0,0.0,345.0,2619.0,39.0,power_20260923T024053Z_7c7f5f05,power_20260923T024053Z_7c7f5f05_trial_2,reduction-67108864-256,2,reduction,idle,cuda,gpu_board
2026-09-23T02:45:36.770627+00:00,1790131536.770627,3582807.517500962,0.031069040298461914,GPU-91e942dc-edbb-7f2a-9cea-167356bbd86a,NVIDIA H100 80GB HBM3,116.27,0.0,0.0,345.0,2619.0,39.0,power_20260923T024053Z_7c7f5f05,power_20260923T024053Z_7c7f5f05_trial_2,reduction-67108864-256,2,reduction,idle,cuda,gpu_board
2026-09-23T02:45:37.003372+00:00,1790131537.0033722,3582807.75024857,0.03411602973937988,GPU-91e942dc-edbb-7f2a-9cea-167356bbd86a,NVIDIA H100 80GB HBM3,102.18,0.0,0.0,345.0,2619.0,39.0,power_20260923T024053Z_7c7f5f05,power_20260923T024053Z_7c7f5f05_trial_2,reduction-67108864-256,2,reduction,idle,cuda,gpu_board
2026-09-23T02:45:37.236869+00:00,1790131537.236869,3582807.983741571,0.0325779914855957,GPU-91e942dc-edbb-7f2a-9cea-167356bbd86a,NVIDIA H100 80GB HBM3,99.33,0.0,0.0,345.0,2619.0,39.0,power_20260923T024053Z_7c7f5f05,power_20260923T024053Z_7c7f5f05_trial_2,reduction-67108864-256,2,reduction,idle,cuda,gpu_board
2026-09-23T02:45:37.469309+00:00,1790131537.4693093,3582808.2161807343,0.0320742130279541,GPU-91e942dc-edbb-7f2a-9cea-167356bbd86a,NVIDIA H100 80GB HBM3,99.07,0.0,0.0,345.0,2619.0,38.0,power_20260923T024053Z_7c7f5f05,power_20260923T024053Z_7c7f5f05_trial_2,reduction-67108864-256,2,reduction,idle,cuda,gpu_board
2026-09-23T02:45:37.701582+00:00,1790131537.7015817,3582808.4484528983,0.03225374221801758,GPU-91e942dc-edbb-7f2a-9cea-167356bbd86a,NVIDIA H100 80GB HBM3,98.92,0.0,0.0,345.0,2619.0,38.0,power_20260923T024053Z_7c7f5f05,power_20260923T024053Z_7c7f5f05_trial_2,reduction-67108864-256,2,reduction,idle,cuda,gpu_board
2026-09-23T02:45:37.933299+00:00,1790131537.933299,3582808.6801696154,0.03096795082092285,GPU-91e942dc-edbb-7f2a-9cea-167356bbd86a,NVIDIA H100 80GB HBM3,98.85,0.0,0.0,345.0,2619.0,38.0,power_20260923T024053Z_7c7f5f05,power_20260923T024053Z_7c7f5f05_trial_2,reduction-67108864-256,2,reduction,idle,cuda,gpu_board
2026-09-23T02:45:38.164784+00:00,1790131538.1647844,3582808.9116553683,0.03179621696472168,GPU-91e942dc-edbb-7f2a-9cea-167356bbd86a,NVIDIA H100 80GB HBM3,98.78,0.0,0.0,345.0,2619.0,38.0,power_20260923T024053Z_7c7f5f05,power_20260923T024053Z_7c7f5f05_trial_2,reduction-67108864-256,2,reduction,idle,cuda,gpu_board
2026-09-23T02:45:38.533499+00:00,1790131538.5334995,3582809.280373729,0.3054203987121582,GPU-91e942dc-edbb-7f2a-9cea-167356bbd86a,NVIDIA H100 80GB HBM3,98.76,0.0,0.0,345.0,2619.0,38.0,power_20260923T024053Z_7c7f5f05,power_20260923T024053Z_7c7f5f05_trial_2,reduction-67108864-256,2,reduction,workload,cuda,gpu_board
2026-09-23T02:45:38.902167+00:00,1790131538.902167,3582809.649042279,0.03164100646972656,GPU-91e942dc-edbb-7f2a-9cea-167356bbd86a,NVIDIA H100 80GB HBM3,107.47,0.0,0.0,1980.0,2619.0,39.0,power_20260923T024053Z_7c7f5f05,power_20260923T024053Z_7c7f5f05_trial_2,reduction-67108864-256,2,reduction,workload,cuda,gpu_board
2026-09-23T02:45:39.139657+00:00,1790131539.139657,3582809.8865280943,0.04305529594421387,GPU-91e942dc-edbb-7f2a-9cea-167356bbd86a,NVIDIA H100 80GB HBM3,186.32,100.0,33.0,1980.0,2619.0,44.0,power_20260923T024053Z_7c7f5f05,power_20260923T024053Z_7c7f5f05_trial_2,reduction-67108864-256,2,reduction,workload,cuda,gpu_board
2026-09-23T02:45:39.378581+00:00,1790131539.378581,3582810.125453997,0.03457283973693848,GPU-91e942dc-edbb-7f2a-9cea-167356bbd86a,NVIDIA H100 80GB HBM3,246.42,100.0,33.0,1980.0,2619.0,45.0,power_20260923T024053Z_7c7f5f05,power_20260923T024053Z_7c7f5f05_trial_2,reduction-67108864-256,2,reduction,workload,cuda,gpu_board
2026-09-23T02:45:39.631779+00:00,1790131539.6317794,3582810.378657357,0.0715780258178711,GPU-91e942dc-edbb-7f2a-9cea-167356bbd86a,NVIDIA H100 80GB HBM3,341.33,100.0,33.0,1980.0,2619.0,45.0,power_20260923T024053Z_7c7f5f05,power_20260923T024053Z_7c7f5f05_trial_2,reduction-67108864-256,2,reduction,workload,cuda,gpu_board
2026-09-23T02:45:39.884073+00:00,1790131539.8840733,3582810.630947411,0.0326535701751709,GPU-91e942dc-edbb-7f2a-9cea-167356bbd86a,NVIDIA H100 80GB HBM3,394.27,100.0,33.0,1980.0,2619.0,45.0,power_20260923T024053Z_7c7f5f05,power_20260923T024053Z_7c7f5f05_trial_2,reduction-67108864-256,2,reduction,workload,cuda,gpu_board
2026-09-23T02:45:40.117544+00:00,1790131540.1175442,3582810.864421743,0.034026384353637695,GPU-91e942dc-edbb-7f2a-9cea-167356bbd86a,NVIDIA H100 80GB HBM3,406.16,100.0,33.0,1980.0,2619.0,46.0,power_20260923T024053Z_7c7f5f05,power_20260923T024053Z_7c7f5f05_trial_2,reduction-67108864-256,2,reduction,workload,cuda,gpu_board
2026-09-23T02:45:40.350787+00:00,1790131540.3507872,3582811.09766088,0.032135725021362305,GPU-91e942dc-edbb-7f2a-9cea-167356bbd86a,NVIDIA H100 80GB HBM3,406.99,100.0,33.0,1980.0,2619.0,46.0,power_20260923T024053Z_7c7f5f05,power_20260923T024053Z_7c7f5f05_trial_2,reduction-67108864-256,2,reduction,workload,cuda,gpu_board
2026-09-23T02:45:40.584265+00:00,1790131540.5842655,3582811.3311427333,0.03455829620361328,GPU-91e942dc-edbb-7f2a-9cea-167356bbd86a,NVIDIA H100 80GB HBM3,407.51,100.0,33.0,1980.0,2619.0,46.0,power_20260923T024053Z_7c7f5f05,power_20260923T024053Z_7c7f5f05_trial_2,reduction-67108864-256,2,reduction,workload,cuda,gpu_board
2026-09-23T02:45:40.817425+00:00,1790131540.8174248,3582811.5642987583,0.03145599365234375,GPU-91e942dc-edbb-7f2a-9cea-167356bbd86a,NVIDIA H100 80GB HBM3,407.53,100.0,33.0,1980.0,2619.0,46.0,power_20260923T024053Z_7c7f5f05,power_20260923T024053Z_7c7f5f05_trial_2,reduction-67108864-256,2,reduction,workload,cuda,gpu_board
2026-09-23T02:45:41.050322+00:00,1790131541.050322,3582811.797199806,0.034071922302246094,GPU-91e942dc-edbb-7f2a-9cea-167356bbd86a,NVIDIA H100 80GB HBM3,406.78,100.0,33.0,1980.0,2619.0,46.0,power_20260923T024053Z_7c7f5f05,power_20260923T024053Z_7c7f5f05_trial_2,reduction-67108864-256,2,reduction,workload,cuda,gpu_board
2026-09-23T02:45:41.282984+00:00,1790131541.2829838,3582812.0298592076,0.030946016311645508,GPU-91e942dc-edbb-7f2a-9cea-167356bbd86a,NVIDIA H100 80GB HBM3,406.34,100.0,33.0,1980.0,2619.0,46.0,power_20260923T024053Z_7c7f5f05,power_20260923T024053Z_7c7f5f05_trial_2,reduction-67108864-256,2,reduction,workload,cuda,gpu_board
2026-09-23T02:45:41.514715+00:00,1790131541.5147154,3582812.2615925,0.03217315673828125,GPU-91e942dc-edbb-7f2a-9cea-167356bbd86a,NVIDIA H100 80GB HBM3,405.84,100.0,33.0,1980.0,2619.0,46.0,power_20260923T024053Z_7c7f5f05,power_20260923T024053Z_7c7f5f05_trial_2,reduction-67108864-256,2,reduction,workload,cuda,gpu_board
2026-09-23T02:45:41.748750+00:00,1790131541.7487497,3582812.4956333055,0.03554582595825195,GPU-91e942dc-edbb-7f2a-9cea-167356bbd86a,NVIDIA H100 80GB HBM3,405.37,100.0,33.0,1980.0,2619.0,46.0,power_20260923T024053Z_7c7f5f05,power_20260923T024053Z_7c7f5f05_trial_2,reduction-67108864-256,2,reduction,workload,cuda,gpu_board
2026-09-23T02:45:41.983039+00:00,1790131541.983039,3582812.72991864,0.032646894454956055,GPU-91e942dc-edbb-7f2a-9cea-167356bbd86a,NVIDIA H100 80GB HBM3,405.44,100.0,33.0,1980.0,2619.0,47.0,power_20260923T024053Z_7c7f5f05,power_20260923T024053Z_7c7f5f05_trial_2,reduction-67108864-256,2,reduction,workload,cuda,gpu_board
2026-09-23T02:45:42.216796+00:00,1790131542.216796,3582812.9636725103,0.03452873229980469,GPU-91e942dc-edbb-7f2a-9cea-167356bbd86a,NVIDIA H100 80GB HBM3,405.47,100.0,33.0,1980.0,2619.0,47.0,power_20260923T024053Z_7c7f5f05,power_20260923T024053Z_7c7f5f05_trial_2,reduction-67108864-256,2,reduction,workload,cuda,gpu_board
2026-09-23T02:45:42.450266+00:00,1790131542.4502661,3582813.1971434252,0.03209877014160156,GPU-91e942dc-edbb-7f2a-9cea-167356bbd86a,NVIDIA H100 80GB HBM3,405.5,100.0,33.0,1980.0,2619.0,47.0,power_20260923T024053Z_7c7f5f05,power_20260923T024053Z_7c7f5f05_trial_2,reduction-67108864-256,2,reduction,workload,cuda,gpu_board
2026-09-23T02:45:42.683553+00:00,1790131542.6835527,3582813.430429654,0.034166574478149414,GPU-91e942dc-edbb-7f2a-9cea-167356bbd86a,NVIDIA H100 80GB HBM3,405.54,100.0,33.0,1980.0,2619.0,47.0,power_20260923T024053Z_7c7f5f05,power_20260923T024053Z_7c7f5f05_trial_2,reduction-67108864-256,2,reduction,workload,cuda,gpu_board
2026-09-23T02:45:42.916521+00:00,1790131542.916521,3582813.6633973587,0.031473398208618164,GPU-91e942dc-edbb-7f2a-9cea-167356bbd86a,NVIDIA H100 80GB HBM3,405.57,100.0,33.0,1980.0,2619.0,47.0,power_20260923T024053Z_7c7f5f05,power_20260923T024053Z_7c7f5f05_trial_2,reduction-67108864-256,2,reduction,workload,cuda,gpu_board
2026-09-23T02:45:43.149554+00:00,1790131543.1495543,3582813.8964317255,0.034285783767700195,GPU-91e942dc-edbb-7f2a-9cea-167356bbd86a,NVIDIA H100 80GB HBM3,405.67,100.0,33.0,1980.0,2619.0,47.0,power_20260923T024053Z_7c7f5f05,power_20260923T024053Z_7c7f5f05_trial_2,reduction-67108864-256,2,reduction,workload,cuda,gpu_board
2026-09-23T02:45:43.382930+00:00,1790131543.3829303,3582814.1298066257,0.032152652740478516,GPU-91e942dc-edbb-7f2a-9cea-167356bbd86a,NVIDIA H100 80GB HBM3,405.74,100.0,33.0,1980.0,2619.0,47.0,power_20260923T024053Z_7c7f5f05,power_20260923T024053Z_7c7f5f05_trial_2,reduction-67108864-256,2,reduction,workload,cuda,gpu_board
2026-09-23T02:45:43.615262+00:00,1790131543.6152623,3582814.3621367035,0.03219270706176758,GPU-91e942dc-edbb-7f2a-9cea-167356bbd86a,NVIDIA H100 80GB HBM3,405.79,100.0,33.0,1980.0,2619.0,47.0,power_20260923T024053Z_7c7f5f05,power_20260923T024053Z_7c7f5f05_trial_2,reduction-67108864-256,2,reduction,workload,cuda,gpu_board
2026-09-23T02:45:43.848773+00:00,1790131543.8487735,3582814.5956499926,0.03455805778503418,GPU-91e942dc-edbb-7f2a-9cea-167356bbd86a,NVIDIA H100 80GB HBM3,405.83,100.0,33.0,1980.0,2619.0,47.0,power_20260923T024053Z_7c7f5f05,power_20260923T024053Z_7c7f5f05_trial_2,reduction-67108864-256,2,reduction,workload,cuda,gpu_board
2026-09-23T02:45:44.082321+00:00,1790131544.0823207,3582814.829200553,0.032227277755737305,GPU-91e942dc-edbb-7f2a-9cea-167356bbd86a,NVIDIA H100 80GB HBM3,405.85,100.0,33.0,1980.0,2619.0,47.0,power_20260923T024053Z_7c7f5f05,power_20260923T024053Z_7c7f5f05_trial_2,reduction-67108864-256,2,reduction,workload,cuda,gpu_board
2026-09-23T02:45:44.316335+00:00,1790131544.3163352,3582815.063211127,0.03542613983154297,GPU-91e942dc-edbb-7f2a-9cea-167356bbd86a,NVIDIA H100 80GB HBM3,405.82,100.0,33.0,1980.0,2619.0,47.0,power_20260923T024053Z_7c7f5f05,power_20260923T024053Z_7c7f5f05_trial_2,reduction-67108864-256,2,reduction,workload,cuda,gpu_board
2026-09-23T02:45:44.550255+00:00,1790131544.5502546,3582815.297132029,0.03211259841918945,GPU-91e942dc-edbb-7f2a-9cea-167356bbd86a,NVIDIA H100 80GB HBM3,405.86,100.0,33.0,1980.0,2619.0,47.0,power_20260923T024053Z_7c7f5f05,power_20260923T024053Z_7c7f5f05_trial_2,reduction-67108864-256,2,reduction,workload,cuda,gpu_board
2026-09-23T02:45:44.783696+00:00,1790131544.7836962,3582815.530575511,0.03444790840148926,GPU-91e942dc-edbb-7f2a-9cea-167356bbd86a,NVIDIA H100 80GB HBM3,405.89,100.0,33.0,1980.0,2619.0,47.0,power_20260923T024053Z_7c7f5f05,power_20260923T024053Z_7c7f5f05_trial_2,reduction-67108864-256,2,reduction,workload,cuda,gpu_board
2026-09-23T02:45:45.017565+00:00,1790131545.0175648,3582815.764442323,0.03295016288757324,GPU-91e942dc-edbb-7f2a-9cea-167356bbd86a,NVIDIA H100 80GB HBM3,405.84,100.0,33.0,1980.0,2619.0,47.0,power_20260923T024053Z_7c7f5f05,power_20260923T024053Z_7c7f5f05_trial_2,reduction-67108864-256,2,reduction,workload,cuda,gpu_board
2026-09-23T02:45:45.251343+00:00,1790131545.2513433,3582815.9982200963,0.034296512603759766,GPU-91e942dc-edbb-7f2a-9cea-167356bbd86a,NVIDIA H100 80GB HBM3,405.93,100.0,33.0,1980.0,2619.0,47.0,power_20260923T024053Z_7c7f5f05,power_20260923T024053Z_7c7f5f05_trial_2,reduction-67108864-256,2,reduction,workload,cuda,gpu_board
2026-09-23T02:45:45.484342+00:00,1790131545.4843423,3582816.231218635,0.03139829635620117,GPU-91e942dc-edbb-7f2a-9cea-167356bbd86a,NVIDIA H100 80GB HBM3,405.98,100.0,33.0,1980.0,2619.0,47.0,power_20260923T024053Z_7c7f5f05,power_20260923T024053Z_7c7f5f05_trial_2,reduction-67108864-256,2,reduction,workload,cuda,gpu_board
2026-09-23T02:45:45.716625+00:00,1790131545.7166247,3582816.4635011666,0.03287053108215332,GPU-91e942dc-edbb-7f2a-9cea-167356bbd86a,NVIDIA H100 80GB HBM3,406.03,100.0,33.0,1980.0,2619.0,47.0,power_20260923T024053Z_7c7f5f05,power_20260923T024053Z_7c7f5f05_trial_2,reduction-67108864-256,2,reduction,workload,cuda,gpu_board
2026-09-23T02:45:45.948853+00:00,1790131545.948853,3582816.695729236,0.03127694129943848,GPU-91e942dc-edbb-7f2a-9cea-167356bbd86a,NVIDIA H100 80GB HBM3,406.05,100.0,33.0,1980.0,2619.0,47.0,power_20260923T024053Z_7c7f5f05,power_20260923T024053Z_7c7f5f05_trial_2,reduction-67108864-256,2,reduction,workload,cuda,gpu_board
2026-09-23T02:45:46.181664+00:00,1790131546.1816645,3582816.928540522,0.03405594825744629,GPU-91e942dc-edbb-7f2a-9cea-167356bbd86a,NVIDIA H100 80GB HBM3,406.04,100.0,33.0,1980.0,2619.0,47.0,power_20260923T024053Z_7c7f5f05,power_20260923T024053Z_7c7f5f05_trial_2,reduction-67108864-256,2,reduction,workload,cuda,gpu_board
2026-09-23T02:45:46.414611+00:00,1790131546.4146113,3582817.1614850606,0.031531572341918945,GPU-91e942dc-edbb-7f2a-9cea-167356bbd86a,NVIDIA H100 80GB HBM3,405.98,100.0,33.0,1980.0,2619.0,47.0,power_20260923T024053Z_7c7f5f05,power_20260923T024053Z_7c7f5f05_trial_2,reduction-67108864-256,2,reduction,workload,cuda,gpu_board
2026-09-23T02:45:46.647756+00:00,1790131546.6477556,3582817.394630844,0.034491777420043945,GPU-91e942dc-edbb-7f2a-9cea-167356bbd86a,NVIDIA H100 80GB HBM3,405.91,100.0,33.0,1980.0,2619.0,47.0,power_20260923T024053Z_7c7f5f05,power_20260923T024053Z_7c7f5f05_trial_2,reduction-67108864-256,2,reduction,workload,cuda,gpu_board
2026-09-23T02:45:46.880779+00:00,1790131546.8807786,3582817.6276528398,0.0312347412109375,GPU-91e942dc-edbb-7f2a-9cea-167356bbd86a,NVIDIA H100 80GB HBM3,405.92,100.0,33.0,1980.0,2619.0,47.0,power_20260923T024053Z_7c7f5f05,power_20260923T024053Z_7c7f5f05_trial_2,reduction-67108864-256,2,reduction,workload,cuda,gpu_board
2026-09-23T02:45:47.113489+00:00,1790131547.1134894,3582817.8603665605,0.03392505645751953,GPU-91e942dc-edbb-7f2a-9cea-167356bbd86a,NVIDIA H100 80GB HBM3,405.98,100.0,33.0,1980.0,2619.0,47.0,power_20260923T024053Z_7c7f5f05,power_20260923T024053Z_7c7f5f05_trial_2,reduction-67108864-256,2,reduction,workload,cuda,gpu_board
2026-09-23T02:45:47.346383+00:00,1790131547.3463833,3582818.0932573476,0.03155183792114258,GPU-91e942dc-edbb-7f2a-9cea-167356bbd86a,NVIDIA H100 80GB HBM3,406.02,100.0,33.0,1980.0,2619.0,47.0,power_20260923T024053Z_7c7f5f05,power_20260923T024053Z_7c7f5f05_trial_2,reduction-67108864-256,2,reduction,workload,cuda,gpu_board
2026-09-23T02:45:47.579382+00:00,1790131547.579382,3582818.326257675,0.03418469429016113,GPU-91e942dc-edbb-7f2a-9cea-167356bbd86a,NVIDIA H100 80GB HBM3,406.03,100.0,33.0,1980.0,2619.0,47.0,power_20260923T024053Z_7c7f5f05,power_20260923T024053Z_7c7f5f05_trial_2,reduction-67108864-256,2,reduction,workload,cuda,gpu_board
2026-09-23T02:45:47.811823+00:00,1790131547.8118234,3582818.5586961424,0.030407190322875977,GPU-91e942dc-edbb-7f2a-9cea-167356bbd86a,NVIDIA H100 80GB HBM3,406.02,100.0,33.0,1980.0,2619.0,47.0,power_20260923T024053Z_7c7f5f05,power_20260923T024053Z_7c7f5f05_trial_2,reduction-67108864-256,2,reduction,workload,cuda,gpu_board
2026-09-23T02:45:48.044122+00:00,1790131548.0441215,3582818.7909971047,0.03394269943237305,GPU-91e942dc-edbb-7f2a-9cea-167356bbd86a,NVIDIA H100 80GB HBM3,406.0,100.0,33.0,1980.0,2619.0,47.0,power_20260923T024053Z_7c7f5f05,power_20260923T024053Z_7c7f5f05_trial_2,reduction-67108864-256,2,reduction,workload,cuda,gpu_board
2026-09-23T02:45:48.276845+00:00,1790131548.2768445,3582819.023717263,0.031205177307128906,GPU-91e942dc-edbb-7f2a-9cea-167356bbd86a,NVIDIA H100 80GB HBM3,405.96,100.0,33.0,1980.0,2619.0,47.0,power_20260923T024053Z_7c7f5f05,power_20260923T024053Z_7c7f5f05_trial_2,reduction-67108864-256,2,reduction,workload,cuda,gpu_board
2026-09-23T02:45:48.509449+00:00,1790131548.5094495,3582819.256326824,0.03376126289367676,GPU-91e942dc-edbb-7f2a-9cea-167356bbd86a,NVIDIA H100 80GB HBM3,405.93,100.0,33.0,1980.0,2619.0,47.0,power_20260923T024053Z_7c7f5f05,power_20260923T024053Z_7c7f5f05_trial_2,reduction-67108864-256,2,reduction,workload,cuda,gpu_board
2026-09-23T02:45:48.741916+00:00,1790131548.7419164,3582819.4887891673,0.030852317810058594,GPU-91e942dc-edbb-7f2a-9cea-167356bbd86a,NVIDIA H100 80GB HBM3,405.92,100.0,33.0,1980.0,2619.0,47.0,power_20260923T024053Z_7c7f5f05,power_20260923T024053Z_7c7f5f05_trial_2,reduction-67108864-256,2,reduction,workload,cuda,gpu_board
2026-09-23T02:45:48.974230+00:00,1790131548.9742303,3582819.721106898,0.03353381156921387,GPU-91e942dc-edbb-7f2a-9cea-167356bbd86a,NVIDIA H100 80GB HBM3,405.94,100.0,33.0,1980.0,2619.0,47.0,power_20260923T024053Z_7c7f5f05,power_20260923T024053Z_7c7f5f05_trial_2,reduction-67108864-256,2,reduction,workload,cuda,gpu_board
2026-09-23T02:45:49.206743+00:00,1790131549.2067428,3582819.95361552,0.031195878982543945,GPU-91e942dc-edbb-7f2a-9cea-167356bbd86a,NVIDIA H100 80GB HBM3,405.95,100.0,33.0,1980.0,2619.0,47.0,power_20260923T024053Z_7c7f5f05,power_20260923T024053Z_7c7f5f05_trial_2,reduction-67108864-256,2,reduction,workload,cuda,gpu_board
2026-09-23T02:45:49.439660+00:00,1790131549.43966,3582820.1865356294,0.034388065338134766,GPU-91e942dc-edbb-7f2a-9cea-167356bbd86a,NVIDIA H100 80GB HBM3,406.02,100.0,33.0,1980.0,2619.0,47.0,power_20260923T024053Z_7c7f5f05,power_20260923T024053Z_7c7f5f05_trial_2,reduction-67108864-256,2,reduction,workload,cuda,gpu_board
2026-09-23T02:45:49.673538+00:00,1790131549.6735377,3582820.420412628,0.03307366371154785,GPU-91e942dc-edbb-7f2a-9cea-167356bbd86a,NVIDIA H100 80GB HBM3,406.0,100.0,33.0,1980.0,2619.0,47.0,power_20260923T024053Z_7c7f5f05,power_20260923T024053Z_7c7f5f05_trial_2,reduction-67108864-256,2,reduction,workload,cuda,gpu_board
2026-09-23T02:45:49.906629+00:00,1790131549.9066288,3582820.6535082357,0.032781124114990234,GPU-91e942dc-edbb-7f2a-9cea-167356bbd86a,NVIDIA H100 80GB HBM3,405.97,100.0,33.0,1980.0,2619.0,47.0,power_20260923T024053Z_7c7f5f05,power_20260923T024053Z_7c7f5f05_trial_2,reduction-67108864-256,2,reduction,workload,cuda,gpu_board
2026-09-23T02:45:50.140561+00:00,1790131550.140561,3582820.8874387755,0.03475189208984375,GPU-91e942dc-edbb-7f2a-9cea-167356bbd86a,NVIDIA H100 80GB HBM3,405.94,100.0,33.0,1980.0,2619.0,47.0,power_20260923T024053Z_7c7f5f05,power_20260923T024053Z_7c7f5f05_trial_2,reduction-67108864-256,2,reduction,workload,cuda,gpu_board
2026-09-23T02:45:50.373993+00:00,1790131550.373993,3582821.1208676556,0.0317840576171875,GPU-91e942dc-edbb-7f2a-9cea-167356bbd86a,NVIDIA H100 80GB HBM3,405.95,100.0,33.0,1980.0,2619.0,47.0,power_20260923T024053Z_7c7f5f05,power_20260923T024053Z_7c7f5f05_trial_2,reduction-67108864-256,2,reduction,workload,cuda,gpu_board
2026-09-23T02:45:50.607205+00:00,1790131550.607205,3582821.354081941,0.03436684608459473,GPU-91e942dc-edbb-7f2a-9cea-167356bbd86a,NVIDIA H100 80GB HBM3,405.96,100.0,33.0,1980.0,2619.0,47.0,power_20260923T024053Z_7c7f5f05,power_20260923T024053Z_7c7f5f05_trial_2,reduction-67108864-256,2,reduction,workload,cuda,gpu_board
2026-09-23T02:45:50.840206+00:00,1790131550.8402064,3582821.587080471,0.03132057189941406,GPU-91e942dc-edbb-7f2a-9cea-167356bbd86a,NVIDIA H100 80GB HBM3,406.02,100.0,33.0,1980.0,2619.0,47.0,power_20260923T024053Z_7c7f5f05,power_20260923T024053Z_7c7f5f05_trial_2,reduction-67108864-256,2,reduction,workload,cuda,gpu_board
2026-09-23T02:45:51.072994+00:00,1790131551.0729938,3582821.8198700505,0.03396153450012207,GPU-91e942dc-edbb-7f2a-9cea-167356bbd86a,NVIDIA H100 80GB HBM3,406.08,100.0,33.0,1980.0,2619.0,47.0,power_20260923T024053Z_7c7f5f05,power_20260923T024053Z_7c7f5f05_trial_2,reduction-67108864-256,2,reduction,workload,cuda,gpu_board
2026-09-23T02:45:51.305992+00:00,1790131551.3059916,3582822.0528694754,0.03174567222595215,GPU-91e942dc-edbb-7f2a-9cea-167356bbd86a,NVIDIA H100 80GB HBM3,406.11,100.0,33.0,1980.0,2619.0,47.0,power_20260923T024053Z_7c7f5f05,power_20260923T024053Z_7c7f5f05_trial_2,reduction-67108864-256,2,reduction,workload,cuda,gpu_board
2026-09-23T02:45:51.539663+00:00,1790131551.5396628,3582822.2865399932,0.03525376319885254,GPU-91e942dc-edbb-7f2a-9cea-167356bbd86a,NVIDIA H100 80GB HBM3,406.18,100.0,33.0,1980.0,2619.0,47.0,power_20260923T024053Z_7c7f5f05,power_20260923T024053Z_7c7f5f05_trial_2,reduction-67108864-256,2,reduction,workload,cuda,gpu_board
2026-09-23T02:45:51.772958+00:00,1790131551.7729583,3582822.519835203,0.031029939651489258,GPU-91e942dc-edbb-7f2a-9cea-167356bbd86a,NVIDIA H100 80GB HBM3,406.22,100.0,33.0,1980.0,2619.0,47.0,power_20260923T024053Z_7c7f5f05,power_20260923T024053Z_7c7f5f05_trial_2,reduction-67108864-256,2,reduction,workload,cuda,gpu_board
2026-09-23T02:45:52.005228+00:00,1790131552.0052283,3582822.7521040114,0.03320169448852539,GPU-91e942dc-edbb-7f2a-9cea-167356bbd86a,NVIDIA H100 80GB HBM3,406.2,100.0,33.0,1980.0,2619.0,47.0,power_20260923T024053Z_7c7f5f05,power_20260923T024053Z_7c7f5f05_trial_2,reduction-67108864-256,2,reduction,workload,cuda,gpu_board
2026-09-23T02:45:52.237653+00:00,1790131552.237653,3582822.9845310845,0.03135538101196289,GPU-91e942dc-edbb-7f2a-9cea-167356bbd86a,NVIDIA H100 80GB HBM3,406.15,100.0,33.0,1980.0,2619.0,47.0,power_20260923T024053Z_7c7f5f05,power_20260923T024053Z_7c7f5f05_trial_2,reduction-67108864-256,2,reduction,workload,cuda,gpu_board
2026-09-23T02:45:52.471032+00:00,1790131552.4710317,3582823.2179087913,0.03505229949951172,GPU-91e942dc-edbb-7f2a-9cea-167356bbd86a,NVIDIA H100 80GB HBM3,406.1,100.0,33.0,1980.0,2619.0,47.0,power_20260923T024053Z_7c7f5f05,power_20260923T024053Z_7c7f5f05_trial_2,reduction-67108864-256,2,reduction,workload,cuda,gpu_board
2026-09-23T02:45:52.704892+00:00,1790131552.704892,3582823.4517681506,0.0323638916015625,GPU-91e942dc-edbb-7f2a-9cea-167356bbd86a,NVIDIA H100 80GB HBM3,406.12,100.0,33.0,1980.0,2619.0,47.0,power_20260923T024053Z_7c7f5f05,power_20260923T024053Z_7c7f5f05_trial_2,reduction-67108864-256,2,reduction,workload,cuda,gpu_board
2026-09-23T02:45:52.938543+00:00,1790131552.9385433,3582823.685419718,0.03462672233581543,GPU-91e942dc-edbb-7f2a-9cea-167356bbd86a,NVIDIA H100 80GB HBM3,406.14,100.0,33.0,1980.0,2619.0,47.0,power_20260923T024053Z_7c7f5f05,power_20260923T024053Z_7c7f5f05_trial_2,reduction-67108864-256,2,reduction,workload,cuda,gpu_board
2026-09-23T02:45:53.171603+00:00,1790131553.171603,3582823.9184779176,0.03119802474975586,GPU-91e942dc-edbb-7f2a-9cea-167356bbd86a,NVIDIA H100 80GB HBM3,406.12,100.0,33.0,1980.0,2619.0,47.0,power_20260923T024053Z_7c7f5f05,power_20260923T024053Z_7c7f5f05_trial_2,reduction-67108864-256,2,reduction,workload,cuda,gpu_board
2026-09-23T02:45:53.404162+00:00,1790131553.404162,3582824.1510405703,0.03360438346862793,GPU-91e942dc-edbb-7f2a-9cea-167356bbd86a,NVIDIA H100 80GB HBM3,406.12,100.0,33.0,1980.0,2619.0,47.0,power_20260923T024053Z_7c7f5f05,power_20260923T024053Z_7c7f5f05_trial_2,reduction-67108864-256,2,reduction,workload,cuda,gpu_board
2026-09-23T02:45:53.636691+00:00,1790131553.6366909,3582824.3835682143,0.031136035919189453,GPU-91e942dc-edbb-7f2a-9cea-167356bbd86a,NVIDIA H100 80GB HBM3,406.09,100.0,33.0,1980.0,2619.0,47.0,power_20260923T024053Z_7c7f5f05,power_20260923T024053Z_7c7f5f05_trial_2,reduction-67108864-256,2,reduction,workload,cuda,gpu_board
2026-09-23T02:45:53.869583+00:00,1790131553.8695827,3582824.616459187,0.0343327522277832,GPU-91e942dc-edbb-7f2a-9cea-167356bbd86a,NVIDIA H100 80GB HBM3,406.08,100.0,33.0,1980.0,2619.0,47.0,power_20260923T024053Z_7c7f5f05,power_20260923T024053Z_7c7f5f05_trial_2,reduction-67108864-256,2,reduction,workload,cuda,gpu_board
2026-09-23T02:45:54.102152+00:00,1790131554.1021516,3582824.8490288695,0.030493736267089844,GPU-91e942dc-edbb-7f2a-9cea-167356bbd86a,NVIDIA H100 80GB HBM3,379.58,33.0,11.0,1980.0,2619.0,43.0,power_20260923T024053Z_7c7f5f05,power_20260923T024053Z_7c7f5f05_trial_2,vector_add-67108864-256,2,vector_add,idle,cuda,gpu_board
2026-09-23T02:45:54.332974+00:00,1790131554.332974,3582825.079849341,0.030835628509521484,GPU-91e942dc-edbb-7f2a-9cea-167356bbd86a,NVIDIA H100 80GB HBM3,309.36,0.0,0.0,1980.0,2619.0,41.0,power_20260923T024053Z_7c7f5f05,power_20260923T024053Z_7c7f5f05_trial_2,vector_add-67108864-256,2,vector_add,idle,cuda,gpu_board
2026-09-23T02:45:54.563494+00:00,1790131554.5634942,3582825.310368755,0.0299222469329834,GPU-91e942dc-edbb-7f2a-9cea-167356bbd86a,NVIDIA H100 80GB HBM3,259.15,0.0,0.0,1980.0,2619.0,41.0,power_20260923T024053Z_7c7f5f05,power_20260923T024053Z_7c7f5f05_trial_2,vector_add-67108864-256,2,vector_add,idle,cuda,gpu_board
2026-09-23T02:45:54.794162+00:00,1790131554.7941623,3582825.5410372056,0.031133413314819336,GPU-91e942dc-edbb-7f2a-9cea-167356bbd86a,NVIDIA H100 80GB HBM3,214.65,0.0,0.0,1980.0,2619.0,40.0,power_20260923T024053Z_7c7f5f05,power_20260923T024053Z_7c7f5f05_trial_2,vector_add-67108864-256,2,vector_add,idle,cuda,gpu_board
2026-09-23T02:45:55.025101+00:00,1790131555.0251012,3582825.7719754484,0.03046107292175293,GPU-91e942dc-edbb-7f2a-9cea-167356bbd86a,NVIDIA H100 80GB HBM3,167.28,0.0,0.0,1980.0,2619.0,40.0,power_20260923T024053Z_7c7f5f05,power_20260923T024053Z_7c7f5f05_trial_2,vector_add-67108864-256,2,vector_add,idle,cuda,gpu_board
2026-09-23T02:45:55.254961+00:00,1790131555.2549605,3582826.001838144,0.02898883819580078,GPU-91e942dc-edbb-7f2a-9cea-167356bbd86a,NVIDIA H100 80GB HBM3,164.25,0.0,0.0,1980.0,2619.0,40.0,power_20260923T024053Z_7c7f5f05,power_20260923T024053Z_7c7f5f05_trial_2,vector_add-67108864-256,2,vector_add,idle,cuda,gpu_board
2026-09-23T02:45:55.485171+00:00,1790131555.485171,3582826.232047203,0.03110361099243164,GPU-91e942dc-edbb-7f2a-9cea-167356bbd86a,NVIDIA H100 80GB HBM3,163.83,0.0,0.0,1980.0,2619.0,40.0,power_20260923T024053Z_7c7f5f05,power_20260923T024053Z_7c7f5f05_trial_2,vector_add-67108864-256,2,vector_add,idle,cuda,gpu_board
2026-09-23T02:45:55.715599+00:00,1790131555.715599,3582826.462471784,0.029455900192260742,GPU-91e942dc-edbb-7f2a-9cea-167356bbd86a,NVIDIA H100 80GB HBM3,163.5,0.0,0.0,1980.0,2619.0,40.0,power_20260923T024053Z_7c7f5f05,power_20260923T024053Z_7c7f5f05_trial_2,vector_add-67108864-256,2,vector_add,idle,cuda,gpu_board
2026-09-23T02:45:55.946278+00:00,1790131555.9462776,3582826.693149914,0.0316622257232666,GPU-91e942dc-edbb-7f2a-9cea-167356bbd86a,NVIDIA H100 80GB HBM3,154.33,0.0,0.0,405.0,2619.0,38.0,power_20260923T024053Z_7c7f5f05,power_20260923T024053Z_7c7f5f05_trial_2,vector_add-67108864-256,2,vector_add,idle,cuda,gpu_board
2026-09-23T02:45:56.178204+00:00,1790131556.1782036,3582826.9250760274,0.03194928169250488,GPU-91e942dc-edbb-7f2a-9cea-167356bbd86a,NVIDIA H100 80GB HBM3,141.37,0.0,0.0,375.0,2619.0,38.0,power_20260923T024053Z_7c7f5f05,power_20260923T024053Z_7c7f5f05_trial_2,vector_add-67108864-256,2,vector_add,idle,cuda,gpu_board
2026-09-23T02:45:56.409838+00:00,1790131556.4098377,3582827.1567103816,0.0310823917388916,GPU-91e942dc-edbb-7f2a-9cea-167356bbd86a,NVIDIA H100 80GB HBM3,128.52,0.0,0.0,345.0,2619.0,38.0,power_20260923T024053Z_7c7f5f05,power_20260923T024053Z_7c7f5f05_trial_2,vector_add-67108864-256,2,vector_add,idle,cuda,gpu_board
2026-09-23T02:45:56.641522+00:00,1790131556.6415224,3582827.3883938603,0.03206276893615723,GPU-91e942dc-edbb-7f2a-9cea-167356bbd86a,NVIDIA H100 80GB HBM3,109.28,0.0,0.0,345.0,2619.0,37.0,power_20260923T024053Z_7c7f5f05,power_20260923T024053Z_7c7f5f05_trial_2,vector_add-67108864-256,2,vector_add,idle,cuda,gpu_board
2026-09-23T02:45:56.873709+00:00,1790131556.8737092,3582827.6205812357,0.03208756446838379,GPU-91e942dc-edbb-7f2a-9cea-167356bbd86a,NVIDIA H100 80GB HBM3,98.84,0.0,0.0,345.0,2619.0,37.0,power_20260923T024053Z_7c7f5f05,power_20260923T024053Z_7c7f5f05_trial_2,vector_add-67108864-256,2,vector_add,idle,cuda,gpu_board
2026-09-23T02:45:57.105278+00:00,1790131557.1052778,3582827.8521484034,0.03082275390625,GPU-91e942dc-edbb-7f2a-9cea-167356bbd86a,NVIDIA H100 80GB HBM3,98.6,0.0,0.0,345.0,2619.0,37.0,power_20260923T024053Z_7c7f5f05,power_20260923T024053Z_7c7f5f05_trial_2,vector_add-67108864-256,2,vector_add,idle,cuda,gpu_board
2026-09-23T02:45:57.336488+00:00,1790131557.3364882,3582828.0833594026,0.031388282775878906,GPU-91e942dc-edbb-7f2a-9cea-167356bbd86a,NVIDIA H100 80GB HBM3,98.48,0.0,0.0,345.0,2619.0,37.0,power_20260923T024053Z_7c7f5f05,power_20260923T024053Z_7c7f5f05_trial_2,vector_add-67108864-256,2,vector_add,idle,cuda,gpu_board
2026-09-23T02:45:57.567747+00:00,1790131557.5677466,3582828.3146167463,0.03091263771057129,GPU-91e942dc-edbb-7f2a-9cea-167356bbd86a,NVIDIA H100 80GB HBM3,98.43,0.0,0.0,345.0,2619.0,37.0,power_20260923T024053Z_7c7f5f05,power_20260923T024053Z_7c7f5f05_trial_2,vector_add-67108864-256,2,vector_add,idle,cuda,gpu_board
2026-09-23T02:45:57.798702+00:00,1790131557.7987022,3582828.545572781,0.030795812606811523,GPU-91e942dc-edbb-7f2a-9cea-167356bbd86a,NVIDIA H100 80GB HBM3,98.38,0.0,0.0,345.0,2619.0,37.0,power_20260923T024053Z_7c7f5f05,power_20260923T024053Z_7c7f5f05_trial_2,vector_add-67108864-256,2,vector_add,idle,cuda,gpu_board
2026-09-23T02:45:58.030967+00:00,1790131558.0309665,3582828.777837106,0.03351736068725586,GPU-91e942dc-edbb-7f2a-9cea-167356bbd86a,NVIDIA H100 80GB HBM3,98.35,0.0,0.0,345.0,2619.0,37.0,power_20260923T024053Z_7c7f5f05,power_20260923T024053Z_7c7f5f05_trial_2,vector_add-67108864-256,2,vector_add,idle,cuda,gpu_board
2026-09-23T02:45:58.266806+00:00,1790131558.2668061,3582829.0136868367,0.03794693946838379,GPU-91e942dc-edbb-7f2a-9cea-167356bbd86a,NVIDIA H100 80GB HBM3,98.3,0.0,0.0,345.0,2619.0,37.0,power_20260923T024053Z_7c7f5f05,power_20260923T024053Z_7c7f5f05_trial_2,vector_add-67108864-256,2,vector_add,workload,cuda,gpu_board
2026-09-23T02:45:58.596022+00:00,1790131558.5960221,3582829.3428975465,0.22012972831726074,GPU-91e942dc-edbb-7f2a-9cea-167356bbd86a,NVIDIA H100 80GB HBM3,98.25,0.0,0.0,345.0,2619.0,36.0,power_20260923T024053Z_7c7f5f05,power_20260923T024053Z_7c7f5f05_trial_2,vector_add-67108864-256,2,vector_add,workload,cuda,gpu_board
2026-09-23T02:45:58.924424+00:00,1790131558.9244244,3582829.67130147,0.03632640838623047,GPU-91e942dc-edbb-7f2a-9cea-167356bbd86a,NVIDIA H100 80GB HBM3,105.39,0.0,0.0,1980.0,2619.0,37.0,power_20260923T024053Z_7c7f5f05,power_20260923T024053Z_7c7f5f05_trial_2,vector_add-67108864-256,2,vector_add,workload,cuda,gpu_board
2026-09-23T02:45:59.161789+00:00,1790131559.1617894,3582829.9086663723,0.03810381889343262,GPU-91e942dc-edbb-7f2a-9cea-167356bbd86a,NVIDIA H100 80GB HBM3,189.23,87.0,88.0,1980.0,2619.0,41.0,power_20260923T024053Z_7c7f5f05,power_20260923T024053Z_7c7f5f05_trial_2,vector_add-67108864-256,2,vector_add,workload,cuda,gpu_board
2026-09-23T02:45:59.400440+00:00,1790131559.4004402,3582830.147316421,0.038904428482055664,GPU-91e942dc-edbb-7f2a-9cea-167356bbd86a,NVIDIA H100 80GB HBM3,259.67,100.0,100.0,1980.0,2619.0,42.0,power_20260923T024053Z_7c7f5f05,power_20260923T024053Z_7c7f5f05_trial_2,vector_add-67108864-256,2,vector_add,workload,cuda,gpu_board
2026-09-23T02:45:59.638295+00:00,1790131559.6382947,3582830.3851730195,0.036493778228759766,GPU-91e942dc-edbb-7f2a-9cea-167356bbd86a,NVIDIA H100 80GB HBM3,334.89,100.0,100.0,1980.0,2619.0,43.0,power_20260923T024053Z_7c7f5f05,power_20260923T024053Z_7c7f5f05_trial_2,vector_add-67108864-256,2,vector_add,workload,cuda,gpu_board
2026-09-23T02:45:59.875819+00:00,1790131559.8758187,3582830.622700014,0.03823733329772949,GPU-91e942dc-edbb-7f2a-9cea-167356bbd86a,NVIDIA H100 80GB HBM3,430.28,100.0,100.0,1980.0,2619.0,43.0,power_20260923T024053Z_7c7f5f05,power_20260923T024053Z_7c7f5f05_trial_2,vector_add-67108864-256,2,vector_add,workload,cuda,gpu_board
2026-09-23T02:46:00.113343+00:00,1790131560.1133432,3582830.8602221515,0.03645586967468262,GPU-91e942dc-edbb-7f2a-9cea-167356bbd86a,NVIDIA H100 80GB HBM3,458.06,100.0,100.0,1980.0,2619.0,43.0,power_20260923T024053Z_7c7f5f05,power_20260923T024053Z_7c7f5f05_trial_2,vector_add-67108864-256,2,vector_add,workload,cuda,gpu_board
2026-09-23T02:46:00.350687+00:00,1790131560.3506866,3582831.0975654293,0.03790473937988281,GPU-91e942dc-edbb-7f2a-9cea-167356bbd86a,NVIDIA H100 80GB HBM3,458.74,100.0,100.0,1980.0,2619.0,44.0,power_20260923T024053Z_7c7f5f05,power_20260923T024053Z_7c7f5f05_trial_2,vector_add-67108864-256,2,vector_add,workload,cuda,gpu_board
2026-09-23T02:46:00.587408+00:00,1790131560.5874083,3582831.334282484,0.03518104553222656,GPU-91e942dc-edbb-7f2a-9cea-167356bbd86a,NVIDIA H100 80GB HBM3,459.04,100.0,100.0,1980.0,2619.0,44.0,power_20260923T024053Z_7c7f5f05,power_20260923T024053Z_7c7f5f05_trial_2,vector_add-67108864-256,2,vector_add,workload,cuda,gpu_board
2026-09-23T02:46:00.823944+00:00,1790131560.8239436,3582831.5708195353,0.03762030601501465,GPU-91e942dc-edbb-7f2a-9cea-167356bbd86a,NVIDIA H100 80GB HBM3,459.38,100.0,100.0,1980.0,2619.0,44.0,power_20260923T024053Z_7c7f5f05,power_20260923T024053Z_7c7f5f05_trial_2,vector_add-67108864-256,2,vector_add,workload,cuda,gpu_board
2026-09-23T02:46:01.060189+00:00,1790131561.0601892,3582831.807063666,0.034575700759887695,GPU-91e942dc-edbb-7f2a-9cea-167356bbd86a,NVIDIA H100 80GB HBM3,459.65,100.0,100.0,1980.0,2619.0,44.0,power_20260923T024053Z_7c7f5f05,power_20260923T024053Z_7c7f5f05_trial_2,vector_add-67108864-256,2,vector_add,workload,cuda,gpu_board
2026-09-23T02:46:01.320423+00:00,1790131561.3204231,3582832.0673014373,0.08560585975646973,GPU-91e942dc-edbb-7f2a-9cea-167356bbd86a,NVIDIA H100 80GB HBM3,459.83,100.0,100.0,1980.0,2619.0,44.0,power_20260923T024053Z_7c7f5f05,power_20260923T024053Z_7c7f5f05_trial_2,vector_add-67108864-256,2,vector_add,workload,cuda,gpu_board
2026-09-23T02:46:01.581165+00:00,1790131561.5811648,3582832.3280408047,0.0355525016784668,GPU-91e942dc-edbb-7f2a-9cea-167356bbd86a,NVIDIA H100 80GB HBM3,460.06,100.0,100.0,1980.0,2619.0,45.0,power_20260923T024053Z_7c7f5f05,power_20260923T024053Z_7c7f5f05_trial_2,vector_add-67108864-256,2,vector_add,workload,cuda,gpu_board
2026-09-23T02:46:01.817606+00:00,1790131561.8176057,3582832.564484049,0.03704357147216797,GPU-91e942dc-edbb-7f2a-9cea-167356bbd86a,NVIDIA H100 80GB HBM3,460.15,100.0,100.0,1980.0,2619.0,45.0,power_20260923T024053Z_7c7f5f05,power_20260923T024053Z_7c7f5f05_trial_2,vector_add-67108864-256,2,vector_add,workload,cuda,gpu_board
2026-09-23T02:46:02.053006+00:00,1790131562.053006,3582832.799879466,0.033464908599853516,GPU-91e942dc-edbb-7f2a-9cea-167356bbd86a,NVIDIA H100 80GB HBM3,460.32,100.0,100.0,1980.0,2619.0,45.0,power_20260923T024053Z_7c7f5f05,power_20260923T024053Z_7c7f5f05_trial_2,vector_add-67108864-256,2,vector_add,workload,cuda,gpu_board
2026-09-23T02:46:02.288920+00:00,1790131562.28892,3582833.0357944937,0.03810882568359375,GPU-91e942dc-edbb-7f2a-9cea-167356bbd86a,NVIDIA H100 80GB HBM3,460.39,100.0,100.0,1980.0,2619.0,45.0,power_20260923T024053Z_7c7f5f05,power_20260923T024053Z_7c7f5f05_trial_2,vector_add-67108864-256,2,vector_add,workload,cuda,gpu_board
2026-09-23T02:46:02.525360+00:00,1790131562.5253596,3582833.2722327565,0.034508466720581055,GPU-91e942dc-edbb-7f2a-9cea-167356bbd86a,NVIDIA H100 80GB HBM3,460.49,100.0,100.0,1980.0,2619.0,45.0,power_20260923T024053Z_7c7f5f05,power_20260923T024053Z_7c7f5f05_trial_2,vector_add-67108864-256,2,vector_add,workload,cuda,gpu_board
2026-09-23T02:46:02.761692+00:00,1790131562.7616923,3582833.5085672815,0.037905216217041016,GPU-91e942dc-edbb-7f2a-9cea-167356bbd86a,NVIDIA H100 80GB HBM3,460.6,100.0,100.0,1980.0,2619.0,45.0,power_20260923T024053Z_7c7f5f05,power_20260923T024053Z_7c7f5f05_trial_2,vector_add-67108864-256,2,vector_add,workload,cuda,gpu_board
2026-09-23T02:46:02.998100+00:00,1790131562.9980996,3582833.744972005,0.034635066986083984,GPU-91e942dc-edbb-7f2a-9cea-167356bbd86a,NVIDIA H100 80GB HBM3,460.71,100.0,100.0,1980.0,2619.0,45.0,power_20260923T024053Z_7c7f5f05,power_20260923T024053Z_7c7f5f05_trial_2,vector_add-67108864-256,2,vector_add,workload,cuda,gpu_board
2026-09-23T02:46:03.234197+00:00,1790131563.2341971,3582833.9810714964,0.03731799125671387,GPU-91e942dc-edbb-7f2a-9cea-167356bbd86a,NVIDIA H100 80GB HBM3,460.37,100.0,100.0,1980.0,2619.0,45.0,power_20260923T024053Z_7c7f5f05,power_20260923T024053Z_7c7f5f05_trial_2,vector_add-67108864-256,2,vector_add,workload,cuda,gpu_board
2026-09-23T02:46:03.470110+00:00,1790131563.47011,3582834.216983136,0.03425478935241699,GPU-91e942dc-edbb-7f2a-9cea-167356bbd86a,NVIDIA H100 80GB HBM3,459.88,100.0,100.0,1980.0,2619.0,45.0,power_20260923T024053Z_7c7f5f05,power_20260923T024053Z_7c7f5f05_trial_2,vector_add-67108864-256,2,vector_add,workload,cuda,gpu_board
2026-09-23T02:46:03.705999+00:00,1790131563.7059991,3582834.452872848,0.03725767135620117,GPU-91e942dc-edbb-7f2a-9cea-167356bbd86a,NVIDIA H100 80GB HBM3,459.65,100.0,100.0,1980.0,2619.0,45.0,power_20260923T024053Z_7c7f5f05,power_20260923T024053Z_7c7f5f05_trial_2,vector_add-67108864-256,2,vector_add,workload,cuda,gpu_board
2026-09-23T02:46:03.942427+00:00,1790131563.9424267,3582834.689299813,0.03533220291137695,GPU-91e942dc-edbb-7f2a-9cea-167356bbd86a,NVIDIA H100 80GB HBM3,459.43,100.0,100.0,1980.0,2619.0,45.0,power_20260923T024053Z_7c7f5f05,power_20260923T024053Z_7c7f5f05_trial_2,vector_add-67108864-256,2,vector_add,workload,cuda,gpu_board
2026-09-23T02:46:04.177763+00:00,1790131564.1777627,3582834.924634019,0.03507566452026367,GPU-91e942dc-edbb-7f2a-9cea-167356bbd86a,NVIDIA H100 80GB HBM3,459.73,100.0,100.0,1980.0,2619.0,45.0,power_20260923T024053Z_7c7f5f05,power_20260923T024053Z_7c7f5f05_trial_2,vector_add-67108864-256,2,vector_add,workload,cuda,gpu_board
2026-09-23T02:46:04.414392+00:00,1790131564.414392,3582835.1612655655,0.037969350814819336,GPU-91e942dc-edbb-7f2a-9cea-167356bbd86a,NVIDIA H100 80GB HBM3,460.09,100.0,100.0,1980.0,2619.0,45.0,power_20260923T024053Z_7c7f5f05,power_20260923T024053Z_7c7f5f05_trial_2,vector_add-67108864-256,2,vector_add,workload,cuda,gpu_board
2026-09-23T02:46:04.651635+00:00,1790131564.6516347,3582835.3985093995,0.036208152770996094,GPU-91e942dc-edbb-7f2a-9cea-167356bbd86a,NVIDIA H100 80GB HBM3,460.55,100.0,100.0,1980.0,2619.0,45.0,power_20260923T024053Z_7c7f5f05,power_20260923T024053Z_7c7f5f05_trial_2,vector_add-67108864-256,2,vector_add,workload,cuda,gpu_board
2026-09-23T02:46:04.891216+00:00,1790131564.8912158,3582835.6380964667,0.04268336296081543,GPU-91e942dc-edbb-7f2a-9cea-167356bbd86a,NVIDIA H100 80GB HBM3,460.79,100.0,100.0,1980.0,2619.0,45.0,power_20260923T024053Z_7c7f5f05,power_20260923T024053Z_7c7f5f05_trial_2,vector_add-67108864-256,2,vector_add,workload,cuda,gpu_board
2026-09-23T02:46:05.130257+00:00,1790131565.130257,3582835.8771343892,0.0350499153137207,GPU-91e942dc-edbb-7f2a-9cea-167356bbd86a,NVIDIA H100 80GB HBM3,460.84,100.0,100.0,1980.0,2619.0,45.0,power_20260923T024053Z_7c7f5f05,power_20260923T024053Z_7c7f5f05_trial_2,vector_add-67108864-256,2,vector_add,workload,cuda,gpu_board
2026-09-23T02:46:05.366946+00:00,1790131565.3669455,3582836.113819496,0.03801584243774414,GPU-91e942dc-edbb-7f2a-9cea-167356bbd86a,NVIDIA H100 80GB HBM3,460.84,100.0,100.0,1980.0,2619.0,45.0,power_20260923T024053Z_7c7f5f05,power_20260923T024053Z_7c7f5f05_trial_2,vector_add-67108864-256,2,vector_add,workload,cuda,gpu_board
2026-09-23T02:46:05.603718+00:00,1790131565.6037176,3582836.350594525,0.035269737243652344,GPU-91e942dc-edbb-7f2a-9cea-167356bbd86a,NVIDIA H100 80GB HBM3,460.89,100.0,100.0,1980.0,2619.0,46.0,power_20260923T024053Z_7c7f5f05,power_20260923T024053Z_7c7f5f05_trial_2,vector_add-67108864-256,2,vector_add,workload,cuda,gpu_board
2026-09-23T02:46:05.841033+00:00,1790131565.841033,3582836.587907418,0.039055824279785156,GPU-91e942dc-edbb-7f2a-9cea-167356bbd86a,NVIDIA H100 80GB HBM3,460.94,100.0,100.0,1980.0,2619.0,46.0,power_20260923T024053Z_7c7f5f05,power_20260923T024053Z_7c7f5f05_trial_2,vector_add-67108864-256,2,vector_add,workload,cuda,gpu_board
2026-09-23T02:46:06.078184+00:00,1790131566.0781837,3582836.8250603788,0.03498578071594238,GPU-91e942dc-edbb-7f2a-9cea-167356bbd86a,NVIDIA H100 80GB HBM3,460.99,100.0,100.0,1980.0,2619.0,46.0,power_20260923T024053Z_7c7f5f05,power_20260923T024053Z_7c7f5f05_trial_2,vector_add-67108864-256,2,vector_add,workload,cuda,gpu_board
2026-09-23T02:46:06.314377+00:00,1790131566.3143768,3582837.0612501334,0.03710794448852539,GPU-91e942dc-edbb-7f2a-9cea-167356bbd86a,NVIDIA H100 80GB HBM3,461.08,100.0,100.0,1980.0,2619.0,46.0,power_20260923T024053Z_7c7f5f05,power_20260923T024053Z_7c7f5f05_trial_2,vector_add-67108864-256,2,vector_add,workload,cuda,gpu_board
2026-09-23T02:46:06.550670+00:00,1790131566.5506701,3582837.297543889,0.035231828689575195,GPU-91e942dc-edbb-7f2a-9cea-167356bbd86a,NVIDIA H100 80GB HBM3,461.14,100.0,100.0,1980.0,2619.0,46.0,power_20260923T024053Z_7c7f5f05,power_20260923T024053Z_7c7f5f05_trial_2,vector_add-67108864-256,2,vector_add,workload,cuda,gpu_board
2026-09-23T02:46:06.787492+00:00,1790131566.7874918,3582837.534365353,0.038152456283569336,GPU-91e942dc-edbb-7f2a-9cea-167356bbd86a,NVIDIA H100 80GB HBM3,461.16,100.0,100.0,1980.0,2619.0,46.0,power_20260923T024053Z_7c7f5f05,power_20260923T024053Z_7c7f5f05_trial_2,vector_add-67108864-256,2,vector_add,workload,cuda,gpu_board
2026-09-23T02:46:07.024272+00:00,1790131567.0242722,3582837.77114556,0.03515195846557617,GPU-91e942dc-edbb-7f2a-9cea-167356bbd86a,NVIDIA H100 80GB HBM3,461.22,100.0,100.0,1980.0,2619.0,46.0,power_20260923T024053Z_7c7f5f05,power_20260923T024053Z_7c7f5f05_trial_2,vector_add-67108864-256,2,vector_add,workload,cuda,gpu_board
2026-09-23T02:46:07.260758+00:00,1790131567.2607584,3582838.007630473,0.03756904602050781,GPU-91e942dc-edbb-7f2a-9cea-167356bbd86a,NVIDIA H100 80GB HBM3,461.26,100.0,100.0,1980.0,2619.0,46.0,power_20260923T024053Z_7c7f5f05,power_20260923T024053Z_7c7f5f05_trial_2,vector_add-67108864-256,2,vector_add,workload,cuda,gpu_board
2026-09-23T02:46:07.497009+00:00,1790131567.4970088,3582838.2438811455,0.034684181213378906,GPU-91e942dc-edbb-7f2a-9cea-167356bbd86a,NVIDIA H100 80GB HBM3,461.31,100.0,100.0,1980.0,2619.0,46.0,power_20260923T024053Z_7c7f5f05,power_20260923T024053Z_7c7f5f05_trial_2,vector_add-67108864-256,2,vector_add,workload,cuda,gpu_board
2026-09-23T02:46:07.745558+00:00,1790131567.7455583,3582838.4924317207,0.06217646598815918,GPU-91e942dc-edbb-7f2a-9cea-167356bbd86a,NVIDIA H100 80GB HBM3,461.37,100.0,100.0,1980.0,2619.0,46.0,power_20260923T024053Z_7c7f5f05,power_20260923T024053Z_7c7f5f05_trial_2,vector_add-67108864-256,2,vector_add,workload,cuda,gpu_board
2026-09-23T02:46:07.994262+00:00,1790131567.9942622,3582838.741136372,0.03497004508972168,GPU-91e942dc-edbb-7f2a-9cea-167356bbd86a,NVIDIA H100 80GB HBM3,461.48,100.0,100.0,1980.0,2619.0,46.0,power_20260923T024053Z_7c7f5f05,power_20260923T024053Z_7c7f5f05_trial_2,vector_add-67108864-256,2,vector_add,workload,cuda,gpu_board
2026-09-23T02:46:08.230924+00:00,1790131568.2309237,3582838.9777963087,0.03807997703552246,GPU-91e942dc-edbb-7f2a-9cea-167356bbd86a,NVIDIA H100 80GB HBM3,461.49,100.0,100.0,1980.0,2619.0,46.0,power_20260923T024053Z_7c7f5f05,power_20260923T024053Z_7c7f5f05_trial_2,vector_add-67108864-256,2,vector_add,workload,cuda,gpu_board
2026-09-23T02:46:08.468983+00:00,1790131568.4689832,3582839.2158539086,0.0377957820892334,GPU-91e942dc-edbb-7f2a-9cea-167356bbd86a,NVIDIA H100 80GB HBM3,461.51,100.0,100.0,1980.0,2619.0,46.0,power_20260923T024053Z_7c7f5f05,power_20260923T024053Z_7c7f5f05_trial_2,vector_add-67108864-256,2,vector_add,workload,cuda,gpu_board
2026-09-23T02:46:08.707272+00:00,1790131568.707272,3582839.4541494213,0.03857064247131348,GPU-91e942dc-edbb-7f2a-9cea-167356bbd86a,NVIDIA H100 80GB HBM3,461.57,100.0,100.0,1980.0,2619.0,46.0,power_20260923T024053Z_7c7f5f05,power_20260923T024053Z_7c7f5f05_trial_2,vector_add-67108864-256,2,vector_add,workload,cuda,gpu_board
2026-09-23T02:46:08.945304+00:00,1790131568.945304,3582839.692184509,0.037177324295043945,GPU-91e942dc-edbb-7f2a-9cea-167356bbd86a,NVIDIA H100 80GB HBM3,461.54,100.0,100.0,1980.0,2619.0,46.0,power_20260923T024053Z_7c7f5f05,power_20260923T024053Z_7c7f5f05_trial_2,vector_add-67108864-256,2,vector_add,workload,cuda,gpu_board
2026-09-23T02:46:09.182006+00:00,1790131569.182006,3582839.9288833924,0.03583645820617676,GPU-91e942dc-edbb-7f2a-9cea-167356bbd86a,NVIDIA H100 80GB HBM3,461.6,100.0,100.0,1980.0,2619.0,46.0,power_20260923T024053Z_7c7f5f05,power_20260923T024053Z_7c7f5f05_trial_2,vector_add-67108864-256,2,vector_add,workload,cuda,gpu_board
2026-09-23T02:46:09.417738+00:00,1790131569.4177384,3582840.1646117214,0.03531289100646973,GPU-91e942dc-edbb-7f2a-9cea-167356bbd86a,NVIDIA H100 80GB HBM3,461.66,100.0,100.0,1980.0,2619.0,46.0,power_20260923T024053Z_7c7f5f05,power_20260923T024053Z_7c7f5f05_trial_2,vector_add-67108864-256,2,vector_add,workload,cuda,gpu_board
2026-09-23T02:46:09.656472+00:00,1790131569.6564722,3582840.4033557754,0.04191303253173828,GPU-91e942dc-edbb-7f2a-9cea-167356bbd86a,NVIDIA H100 80GB HBM3,461.61,100.0,100.0,1980.0,2619.0,46.0,power_20260923T024053Z_7c7f5f05,power_20260923T024053Z_7c7f5f05_trial_2,vector_add-67108864-256,2,vector_add,workload,cuda,gpu_board
2026-09-23T02:46:09.896615+00:00,1790131569.8966146,3582840.643496274,0.037933349609375,GPU-91e942dc-edbb-7f2a-9cea-167356bbd86a,NVIDIA H100 80GB HBM3,461.58,100.0,100.0,1980.0,2619.0,46.0,power_20260923T024053Z_7c7f5f05,power_20260923T024053Z_7c7f5f05_trial_2,vector_add-67108864-256,2,vector_add,workload,cuda,gpu_board
2026-09-23T02:46:10.152514+00:00,1790131570.1525145,3582840.899392072,0.07348799705505371,GPU-91e942dc-edbb-7f2a-9cea-167356bbd86a,NVIDIA H100 80GB HBM3,461.61,100.0,100.0,1980.0,2619.0,46.0,power_20260923T024053Z_7c7f5f05,power_20260923T024053Z_7c7f5f05_trial_2,vector_add-67108864-256,2,vector_add,workload,cuda,gpu_board
2026-09-23T02:46:10.406837+00:00,1790131570.4068367,3582841.153709475,0.034821510314941406,GPU-91e942dc-edbb-7f2a-9cea-167356bbd86a,NVIDIA H100 80GB HBM3,461.63,100.0,100.0,1980.0,2619.0,46.0,power_20260923T024053Z_7c7f5f05,power_20260923T024053Z_7c7f5f05_trial_2,vector_add-67108864-256,2,vector_add,workload,cuda,gpu_board
2026-09-23T02:46:10.644461+00:00,1790131570.6444612,3582841.391341705,0.040168046951293945,GPU-91e942dc-edbb-7f2a-9cea-167356bbd86a,NVIDIA H100 80GB HBM3,461.67,100.0,100.0,1980.0,2619.0,46.0,power_20260923T024053Z_7c7f5f05,power_20260923T024053Z_7c7f5f05_trial_2,vector_add-67108864-256,2,vector_add,workload,cuda,gpu_board
2026-09-23T02:46:10.882739+00:00,1790131570.882739,3582841.6296179406,0.03603672981262207,GPU-91e942dc-edbb-7f2a-9cea-167356bbd86a,NVIDIA H100 80GB HBM3,461.76,100.0,100.0,1980.0,2619.0,46.0,power_20260923T024053Z_7c7f5f05,power_20260923T024053Z_7c7f5f05_trial_2,vector_add-67108864-256,2,vector_add,workload,cuda,gpu_board
2026-09-23T02:46:11.118757+00:00,1790131571.1187572,3582841.86563426,0.03563857078552246,GPU-91e942dc-edbb-7f2a-9cea-167356bbd86a,NVIDIA H100 80GB HBM3,461.76,100.0,100.0,1980.0,2619.0,46.0,power_20260923T024053Z_7c7f5f05,power_20260923T024053Z_7c7f5f05_trial_2,vector_add-67108864-256,2,vector_add,workload,cuda,gpu_board
2026-09-23T02:46:11.356710+00:00,1790131571.35671,3582842.10358725,0.03992581367492676,GPU-91e942dc-edbb-7f2a-9cea-167356bbd86a,NVIDIA H100 80GB HBM3,461.84,100.0,100.0,1980.0,2619.0,46.0,power_20260923T024053Z_7c7f5f05,power_20260923T024053Z_7c7f5f05_trial_2,vector_add-67108864-256,2,vector_add,workload,cuda,gpu_board
2026-09-23T02:46:11.595803+00:00,1790131571.5958033,3582842.342680677,0.03796243667602539,GPU-91e942dc-edbb-7f2a-9cea-167356bbd86a,NVIDIA H100 80GB HBM3,461.89,100.0,100.0,1980.0,2619.0,46.0,power_20260923T024053Z_7c7f5f05,power_20260923T024053Z_7c7f5f05_trial_2,vector_add-67108864-256,2,vector_add,workload,cuda,gpu_board
2026-09-23T02:46:11.833993+00:00,1790131571.8339934,3582842.5808724193,0.03808856010437012,GPU-91e942dc-edbb-7f2a-9cea-167356bbd86a,NVIDIA H100 80GB HBM3,461.9,100.0,100.0,1980.0,2619.0,46.0,power_20260923T024053Z_7c7f5f05,power_20260923T024053Z_7c7f5f05_trial_2,vector_add-67108864-256,2,vector_add,workload,cuda,gpu_board
2026-09-23T02:46:12.072256+00:00,1790131572.0722558,3582842.819131842,0.03809165954589844,GPU-91e942dc-edbb-7f2a-9cea-167356bbd86a,NVIDIA H100 80GB HBM3,461.9,100.0,100.0,1980.0,2619.0,46.0,power_20260923T024053Z_7c7f5f05,power_20260923T024053Z_7c7f5f05_trial_2,vector_add-67108864-256,2,vector_add,workload,cuda,gpu_board
2026-09-23T02:46:12.309647+00:00,1790131572.3096466,3582843.056523814,0.03639054298400879,GPU-91e942dc-edbb-7f2a-9cea-167356bbd86a,NVIDIA H100 80GB HBM3,461.88,100.0,100.0,1980.0,2619.0,46.0,power_20260923T024053Z_7c7f5f05,power_20260923T024053Z_7c7f5f05_trial_2,vector_add-67108864-256,2,vector_add,workload,cuda,gpu_board
2026-09-23T02:46:12.547335+00:00,1790131572.5473351,3582843.294212442,0.03866839408874512,GPU-91e942dc-edbb-7f2a-9cea-167356bbd86a,NVIDIA H100 80GB HBM3,461.93,100.0,100.0,1980.0,2619.0,46.0,power_20260923T024053Z_7c7f5f05,power_20260923T024053Z_7c7f5f05_trial_2,vector_add-67108864-256,2,vector_add,workload,cuda,gpu_board
2026-09-23T02:46:12.786325+00:00,1790131572.786325,3582843.533203942,0.03897500038146973,GPU-91e942dc-edbb-7f2a-9cea-167356bbd86a,NVIDIA H100 80GB HBM3,462.0,100.0,100.0,1980.0,2619.0,46.0,power_20260923T024053Z_7c7f5f05,power_20260923T024053Z_7c7f5f05_trial_2,vector_add-67108864-256,2,vector_add,workload,cuda,gpu_board
2026-09-23T02:46:13.023567+00:00,1790131573.0235672,3582843.7704407,0.03516983985900879,GPU-91e942dc-edbb-7f2a-9cea-167356bbd86a,NVIDIA H100 80GB HBM3,461.96,100.0,100.0,1980.0,2619.0,46.0,power_20260923T024053Z_7c7f5f05,power_20260923T024053Z_7c7f5f05_trial_2,vector_add-67108864-256,2,vector_add,workload,cuda,gpu_board
2026-09-23T02:46:13.258495+00:00,1790131573.2584949,3582844.005367108,0.034432411193847656,GPU-91e942dc-edbb-7f2a-9cea-167356bbd86a,NVIDIA H100 80GB HBM3,462.05,100.0,100.0,1980.0,2619.0,46.0,power_20260923T024053Z_7c7f5f05,power_20260923T024053Z_7c7f5f05_trial_2,vector_add-67108864-256,2,vector_add,workload,cuda,gpu_board
2026-09-23T02:46:13.495331+00:00,1790131573.4953306,3582844.2422086718,0.039010047912597656,GPU-91e942dc-edbb-7f2a-9cea-167356bbd86a,NVIDIA H100 80GB HBM3,462.02,100.0,100.0,1980.0,2619.0,46.0,power_20260923T024053Z_7c7f5f05,power_20260923T024053Z_7c7f5f05_trial_2,vector_add-67108864-256,2,vector_add,workload,cuda,gpu_board
2026-09-23T02:46:13.733795+00:00,1790131573.7337947,3582844.480673002,0.037566423416137695,GPU-91e942dc-edbb-7f2a-9cea-167356bbd86a,NVIDIA H100 80GB HBM3,462.02,100.0,100.0,1980.0,2619.0,46.0,power_20260923T024053Z_7c7f5f05,power_20260923T024053Z_7c7f5f05_trial_2,vector_add-67108864-256,2,vector_add,workload,cuda,gpu_board
2026-09-23T02:46:13.970264+00:00,1790131573.9702644,3582844.7171422155,0.03505110740661621,GPU-91e942dc-edbb-7f2a-9cea-167356bbd86a,NVIDIA H100 80GB HBM3,458.42,100.0,100.0,1980.0,2619.0,46.0,power_20260923T024053Z_7c7f5f05,power_20260923T024053Z_7c7f5f05_trial_2,vector_add-67108864-256,2,vector_add,workload,cuda,gpu_board
2026-09-23T02:46:14.203925+00:00,1790131574.2039251,3582844.950804916,0.03194904327392578,GPU-91e942dc-edbb-7f2a-9cea-167356bbd86a,NVIDIA H100 80GB HBM3,400.84,67.0,56.0,1980.0,2619.0,43.0,power_20260923T024053Z_7c7f5f05,power_20260923T024053Z_7c7f5f05_trial_2,vector_add-67108864-256,2,vector_add,workload,cuda,gpu_board
2026-09-23T02:46:14.434942+00:00,1790131574.4349415,3582845.18181526,0.02974987030029297,GPU-91e942dc-edbb-7f2a-9cea-167356bbd86a,NVIDIA H100 80GB HBM3,342.78,1.0,0.0,1980.0,2619.0,42.0,power_20260923T024053Z_7c7f5f05,power_20260923T024053Z_7c7f5f05_trial_3,memcpy_bandwidth-67108864-256,3,memcpy_bandwidth,idle,cuda,gpu_board
2026-09-23T02:46:14.665136+00:00,1790131574.6651363,3582845.4120091973,0.03038644790649414,GPU-91e942dc-edbb-7f2a-9cea-167356bbd86a,NVIDIA H100 80GB HBM3,251.29,0.0,0.0,1980.0,2619.0,41.0,power_20260923T024053Z_7c7f5f05,power_20260923T024053Z_7c7f5f05_trial_3,memcpy_bandwidth-67108864-256,3,memcpy_bandwidth,idle,cuda,gpu_board
2026-09-23T02:46:14.895623+00:00,1790131574.8956227,3582845.642500074,0.030323028564453125,GPU-91e942dc-edbb-7f2a-9cea-167356bbd86a,NVIDIA H100 80GB HBM3,191.77,0.0,0.0,1980.0,2619.0,41.0,power_20260923T024053Z_7c7f5f05,power_20260923T024053Z_7c7f5f05_trial_3,memcpy_bandwidth-67108864-256,3,memcpy_bandwidth,idle,cuda,gpu_board
2026-09-23T02:46:15.125343+00:00,1790131575.1253428,3582845.8722202294,0.02878880500793457,GPU-91e942dc-edbb-7f2a-9cea-167356bbd86a,NVIDIA H100 80GB HBM3,165.12,0.0,0.0,1980.0,2619.0,41.0,power_20260923T024053Z_7c7f5f05,power_20260923T024053Z_7c7f5f05_trial_3,memcpy_bandwidth-67108864-256,3,memcpy_bandwidth,idle,cuda,gpu_board
2026-09-23T02:46:15.354383+00:00,1790131575.354383,3582846.1012601955,0.028949975967407227,GPU-91e942dc-edbb-7f2a-9cea-167356bbd86a,NVIDIA H100 80GB HBM3,164.66,0.0,0.0,1980.0,2619.0,40.0,power_20260923T024053Z_7c7f5f05,power_20260923T024053Z_7c7f5f05_trial_3,memcpy_bandwidth-67108864-256,3,memcpy_bandwidth,idle,cuda,gpu_board
2026-09-23T02:46:15.583224+00:00,1790131575.5832243,3582846.3301001345,0.028418779373168945,GPU-91e942dc-edbb-7f2a-9cea-167356bbd86a,NVIDIA H100 80GB HBM3,164.49,0.0,0.0,1980.0,2619.0,40.0,power_20260923T024053Z_7c7f5f05,power_20260923T024053Z_7c7f5f05_trial_3,memcpy_bandwidth-67108864-256,3,memcpy_bandwidth,idle,cuda,gpu_board
2026-09-23T02:46:15.812815+00:00,1790131575.8128154,3582846.559691343,0.030458450317382812,GPU-91e942dc-edbb-7f2a-9cea-167356bbd86a,NVIDIA H100 80GB HBM3,164.31,0.0,0.0,1980.0,2619.0,40.0,power_20260923T024053Z_7c7f5f05,power_20260923T024053Z_7c7f5f05_trial_3,memcpy_bandwidth-67108864-256,3,memcpy_bandwidth,idle,cuda,gpu_board
2026-09-23T02:46:16.043593+00:00,1790131576.043593,3582846.790465442,0.030806541442871094,GPU-91e942dc-edbb-7f2a-9cea-167356bbd86a,NVIDIA H100 80GB HBM3,155.64,0.0,0.0,420.0,2619.0,39.0,power_20260923T024053Z_7c7f5f05,power_20260923T024053Z_7c7f5f05_trial_3,memcpy_bandwidth-67108864-256,3,memcpy_bandwidth,idle,cuda,gpu_board
2026-09-23T02:46:16.275337+00:00,1790131576.2753372,3582847.0222140774,0.03245711326599121,GPU-91e942dc-edbb-7f2a-9cea-167356bbd86a,NVIDIA H100 80GB HBM3,136.04,0.0,0.0,345.0,2619.0,38.0,power_20260923T024053Z_7c7f5f05,power_20260923T024053Z_7c7f5f05_trial_3,memcpy_bandwidth-67108864-256,3,memcpy_bandwidth,idle,cuda,gpu_board
2026-09-23T02:46:16.507610+00:00,1790131576.5076103,3582847.254484874,0.03176093101501465,GPU-91e942dc-edbb-7f2a-9cea-167356bbd86a,NVIDIA H100 80GB HBM3,122.95,0.0,0.0,345.0,2619.0,38.0,power_20260923T024053Z_7c7f5f05,power_20260923T024053Z_7c7f5f05_trial_3,memcpy_bandwidth-67108864-256,3,memcpy_bandwidth,idle,cuda,gpu_board
2026-09-23T02:46:16.739070+00:00,1790131576.7390702,3582847.485942133,0.030888080596923828,GPU-91e942dc-edbb-7f2a-9cea-167356bbd86a,NVIDIA H100 80GB HBM3,109.88,0.0,0.0,345.0,2619.0,38.0,power_20260923T024053Z_7c7f5f05,power_20260923T024053Z_7c7f5f05_trial_3,memcpy_bandwidth-67108864-256,3,memcpy_bandwidth,idle,cuda,gpu_board
2026-09-23T02:46:16.971689+00:00,1790131576.971689,3582847.718565823,0.03408479690551758,GPU-91e942dc-edbb-7f2a-9cea-167356bbd86a,NVIDIA H100 80GB HBM3,98.86,0.0,0.0,345.0,2619.0,38.0,power_20260923T024053Z_7c7f5f05,power_20260923T024053Z_7c7f5f05_trial_3,memcpy_bandwidth-67108864-256,3,memcpy_bandwidth,idle,cuda,gpu_board
2026-09-23T02:46:17.206040+00:00,1790131577.20604,3582847.952917518,0.0342714786529541,GPU-91e942dc-edbb-7f2a-9cea-167356bbd86a,NVIDIA H100 80GB HBM3,98.74,0.0,0.0,345.0,2619.0,38.0,power_20260923T024053Z_7c7f5f05,power_20260923T024053Z_7c7f5f05_trial_3,memcpy_bandwidth-67108864-256,3,memcpy_bandwidth,idle,cuda,gpu_board
2026-09-23T02:46:17.438945+00:00,1790131577.438945,3582848.1858174014,0.031225204467773438,GPU-91e942dc-edbb-7f2a-9cea-167356bbd86a,NVIDIA H100 80GB HBM3,98.69,0.0,0.0,345.0,2619.0,37.0,power_20260923T024053Z_7c7f5f05,power_20260923T024053Z_7c7f5f05_trial_3,memcpy_bandwidth-67108864-256,3,memcpy_bandwidth,idle,cuda,gpu_board
2026-09-23T02:46:17.670719+00:00,1790131577.6707191,3582848.417595896,0.032068729400634766,GPU-91e942dc-edbb-7f2a-9cea-167356bbd86a,NVIDIA H100 80GB HBM3,98.58,0.0,0.0,345.0,2619.0,37.0,power_20260923T024053Z_7c7f5f05,power_20260923T024053Z_7c7f5f05_trial_3,memcpy_bandwidth-67108864-256,3,memcpy_bandwidth,idle,cuda,gpu_board
2026-09-23T02:46:17.902517+00:00,1790131577.9025173,3582848.649391778,0.031231164932250977,GPU-91e942dc-edbb-7f2a-9cea-167356bbd86a,NVIDIA H100 80GB HBM3,98.47,0.0,0.0,345.0,2619.0,37.0,power_20260923T024053Z_7c7f5f05,power_20260923T024053Z_7c7f5f05_trial_3,memcpy_bandwidth-67108864-256,3,memcpy_bandwidth,idle,cuda,gpu_board
2026-09-23T02:46:18.133487+00:00,1790131578.1334867,3582848.880364262,0.030467748641967773,GPU-91e942dc-edbb-7f2a-9cea-167356bbd86a,NVIDIA H100 80GB HBM3,98.45,0.0,0.0,345.0,2619.0,37.0,power_20260923T024053Z_7c7f5f05,power_20260923T024053Z_7c7f5f05_trial_3,memcpy_bandwidth-67108864-256,3,memcpy_bandwidth,idle,cuda,gpu_board
2026-09-23T02:46:18.367650+00:00,1790131578.36765,3582849.1145343157,0.03753662109375,GPU-91e942dc-edbb-7f2a-9cea-167356bbd86a,NVIDIA H100 80GB HBM3,98.38,0.0,0.0,345.0,2619.0,37.0,power_20260923T024053Z_7c7f5f05,power_20260923T024053Z_7c7f5f05_trial_3,memcpy_bandwidth-67108864-256,3,memcpy_bandwidth,workload,cuda,gpu_board
2026-09-23T02:46:18.660916+00:00,1790131578.6609156,3582849.40779467,0.14860200881958008,GPU-91e942dc-edbb-7f2a-9cea-167356bbd86a,NVIDIA H100 80GB HBM3,98.36,0.0,0.0,345.0,2619.0,37.0,power_20260923T024053Z_7c7f5f05,power_20260923T024053Z_7c7f5f05_trial_3,memcpy_bandwidth-67108864-256,3,memcpy_bandwidth,workload,cuda,gpu_board
2026-09-23T02:46:18.954289+00:00,1790131578.954289,3582849.701167045,0.03777670860290527,GPU-91e942dc-edbb-7f2a-9cea-167356bbd86a,NVIDIA H100 80GB HBM3,105.74,0.0,0.0,1980.0,2619.0,39.0,power_20260923T024053Z_7c7f5f05,power_20260923T024053Z_7c7f5f05_trial_3,memcpy_bandwidth-67108864-256,3,memcpy_bandwidth,workload,cuda,gpu_board
2026-09-23T02:46:19.189926+00:00,1790131579.1899261,3582849.9368043477,0.03318023681640625,GPU-91e942dc-edbb-7f2a-9cea-167356bbd86a,NVIDIA H100 80GB HBM3,187.97,95.0,85.0,1980.0,2619.0,41.0,power_20260923T024053Z_7c7f5f05,power_20260923T024053Z_7c7f5f05_trial_3,memcpy_bandwidth-67108864-256,3,memcpy_bandwidth,workload,cuda,gpu_board
2026-09-23T02:46:19.425022+00:00,1790131579.4250216,3582850.171899177,0.036673784255981445,GPU-91e942dc-edbb-7f2a-9cea-167356bbd86a,NVIDIA H100 80GB HBM3,250.76,100.0,91.0,1980.0,2619.0,42.0,power_20260923T024053Z_7c7f5f05,power_20260923T024053Z_7c7f5f05_trial_3,memcpy_bandwidth-67108864-256,3,memcpy_bandwidth,workload,cuda,gpu_board
2026-09-23T02:46:19.660862+00:00,1790131579.660862,3582850.407740686,0.03468799591064453,GPU-91e942dc-edbb-7f2a-9cea-167356bbd86a,NVIDIA H100 80GB HBM3,340.44,100.0,91.0,1980.0,2619.0,43.0,power_20260923T024053Z_7c7f5f05,power_20260923T024053Z_7c7f5f05_trial_3,memcpy_bandwidth-67108864-256,3,memcpy_bandwidth,workload,cuda,gpu_board
2026-09-23T02:46:19.896691+00:00,1790131579.896691,3582850.6435703756,0.036627769470214844,GPU-91e942dc-edbb-7f2a-9cea-167356bbd86a,NVIDIA H100 80GB HBM3,396.38,100.0,91.0,1980.0,2619.0,43.0,power_20260923T024053Z_7c7f5f05,power_20260923T024053Z_7c7f5f05_trial_3,memcpy_bandwidth-67108864-256,3,memcpy_bandwidth,workload,cuda,gpu_board
2026-09-23T02:46:20.132297+00:00,1790131580.1322966,3582850.8791748993,0.03426098823547363,GPU-91e942dc-edbb-7f2a-9cea-167356bbd86a,NVIDIA H100 80GB HBM3,413.4,100.0,91.0,1980.0,2619.0,43.0,power_20260923T024053Z_7c7f5f05,power_20260923T024053Z_7c7f5f05_trial_3,memcpy_bandwidth-67108864-256,3,memcpy_bandwidth,workload,cuda,gpu_board
2026-09-23T02:46:20.368050+00:00,1790131580.36805,3582851.1149261165,0.03690338134765625,GPU-91e942dc-edbb-7f2a-9cea-167356bbd86a,NVIDIA H100 80GB HBM3,414.09,100.0,91.0,1980.0,2619.0,43.0,power_20260923T024053Z_7c7f5f05,power_20260923T024053Z_7c7f5f05_trial_3,memcpy_bandwidth-67108864-256,3,memcpy_bandwidth,workload,cuda,gpu_board
2026-09-23T02:46:20.603217+00:00,1790131580.6032171,3582851.3500950783,0.03313636779785156,GPU-91e942dc-edbb-7f2a-9cea-167356bbd86a,NVIDIA H100 80GB HBM3,414.41,100.0,91.0,1980.0,2619.0,44.0,power_20260923T024053Z_7c7f5f05,power_20260923T024053Z_7c7f5f05_trial_3,memcpy_bandwidth-67108864-256,3,memcpy_bandwidth,workload,cuda,gpu_board
2026-09-23T02:46:20.837857+00:00,1790131580.837857,3582851.584733432,0.03580760955810547,GPU-91e942dc-edbb-7f2a-9cea-167356bbd86a,NVIDIA H100 80GB HBM3,414.61,100.0,91.0,1980.0,2619.0,44.0,power_20260923T024053Z_7c7f5f05,power_20260923T024053Z_7c7f5f05_trial_3,memcpy_bandwidth-67108864-256,3,memcpy_bandwidth,workload,cuda,gpu_board
2026-09-23T02:46:21.072516+00:00,1790131581.0725164,3582851.8193962364,0.033228397369384766,GPU-91e942dc-edbb-7f2a-9cea-167356bbd86a,NVIDIA H100 80GB HBM3,414.76,100.0,91.0,1980.0,2619.0,44.0,power_20260923T024053Z_7c7f5f05,power_20260923T024053Z_7c7f5f05_trial_3,memcpy_bandwidth-67108864-256,3,memcpy_bandwidth,workload,cuda,gpu_board
2026-09-23T02:46:21.307786+00:00,1790131581.307786,3582852.054662293,0.03696799278259277,GPU-91e942dc-edbb-7f2a-9cea-167356bbd86a,NVIDIA H100 80GB HBM3,414.92,100.0,91.0,1980.0,2619.0,44.0,power_20260923T024053Z_7c7f5f05,power_20260923T024053Z_7c7f5f05_trial_3,memcpy_bandwidth-67108864-256,3,memcpy_bandwidth,workload,cuda,gpu_board
2026-09-23T02:46:21.543365+00:00,1790131581.5433648,3582852.2902425407,0.03389167785644531,GPU-91e942dc-edbb-7f2a-9cea-167356bbd86a,NVIDIA H100 80GB HBM3,415.08,100.0,91.0,1980.0,2619.0,44.0,power_20260923T024053Z_7c7f5f05,power_20260923T024053Z_7c7f5f05_trial_3,memcpy_bandwidth-67108864-256,3,memcpy_bandwidth,workload,cuda,gpu_board
2026-09-23T02:46:21.778900+00:00,1790131581.7789001,3582852.5257762214,0.03684401512145996,GPU-91e942dc-edbb-7f2a-9cea-167356bbd86a,NVIDIA H100 80GB HBM3,415.21,100.0,91.0,1980.0,2619.0,44.0,power_20260923T024053Z_7c7f5f05,power_20260923T024053Z_7c7f5f05_trial_3,memcpy_bandwidth-67108864-256,3,memcpy_bandwidth,workload,cuda,gpu_board
2026-09-23T02:46:22.013705+00:00,1790131582.0137045,3582852.760582073,0.03247356414794922,GPU-91e942dc-edbb-7f2a-9cea-167356bbd86a,NVIDIA H100 80GB HBM3,415.35,100.0,91.0,1980.0,2619.0,44.0,power_20260923T024053Z_7c7f5f05,power_20260923T024053Z_7c7f5f05_trial_3,memcpy_bandwidth-67108864-256,3,memcpy_bandwidth,workload,cuda,gpu_board
2026-09-23T02:46:22.247927+00:00,1790131582.2479274,3582852.9948033122,0.03563976287841797,GPU-91e942dc-edbb-7f2a-9cea-167356bbd86a,NVIDIA H100 80GB HBM3,415.43,100.0,91.0,1980.0,2619.0,44.0,power_20260923T024053Z_7c7f5f05,power_20260923T024053Z_7c7f5f05_trial_3,memcpy_bandwidth-67108864-256,3,memcpy_bandwidth,workload,cuda,gpu_board
2026-09-23T02:46:22.482271+00:00,1790131582.4822707,3582853.2291479725,0.03274893760681152,GPU-91e942dc-edbb-7f2a-9cea-167356bbd86a,NVIDIA H100 80GB HBM3,415.43,100.0,91.0,1980.0,2619.0,44.0,power_20260923T024053Z_7c7f5f05,power_20260923T024053Z_7c7f5f05_trial_3,memcpy_bandwidth-67108864-256,3,memcpy_bandwidth,workload,cuda,gpu_board
2026-09-23T02:46:22.714684+00:00,1790131582.7146845,3582853.461559993,0.03174614906311035,GPU-91e942dc-edbb-7f2a-9cea-167356bbd86a,NVIDIA H100 80GB HBM3,415.44,100.0,91.0,1980.0,2619.0,44.0,power_20260923T024053Z_7c7f5f05,power_20260923T024053Z_7c7f5f05_trial_3,memcpy_bandwidth-67108864-256,3,memcpy_bandwidth,workload,cuda,gpu_board
2026-09-23T02:46:22.949032+00:00,1790131582.9490318,3582853.6959080733,0.036649227142333984,GPU-91e942dc-edbb-7f2a-9cea-167356bbd86a,NVIDIA H100 80GB HBM3,415.42,100.0,91.0,1980.0,2619.0,44.0,power_20260923T024053Z_7c7f5f05,power_20260923T024053Z_7c7f5f05_trial_3,memcpy_bandwidth-67108864-256,3,memcpy_bandwidth,workload,cuda,gpu_board
2026-09-23T02:46:23.184362+00:00,1790131583.1843624,3582853.931240136,0.033715009689331055,GPU-91e942dc-edbb-7f2a-9cea-167356bbd86a,NVIDIA H100 80GB HBM3,415.45,100.0,91.0,1980.0,2619.0,44.0,power_20260923T024053Z_7c7f5f05,power_20260923T024053Z_7c7f5f05_trial_3,memcpy_bandwidth-67108864-256,3,memcpy_bandwidth,workload,cuda,gpu_board
2026-09-23T02:46:23.420882+00:00,1790131583.4208822,3582854.1677581817,0.03899240493774414,GPU-91e942dc-edbb-7f2a-9cea-167356bbd86a,NVIDIA H100 80GB HBM3,415.52,100.0,91.0,1980.0,2619.0,44.0,power_20260923T024053Z_7c7f5f05,power_20260923T024053Z_7c7f5f05_trial_3,memcpy_bandwidth-67108864-256,3,memcpy_bandwidth,workload,cuda,gpu_board
2026-09-23T02:46:23.657443+00:00,1790131583.6574426,3582854.404319316,0.03381776809692383,GPU-91e942dc-edbb-7f2a-9cea-167356bbd86a,NVIDIA H100 80GB HBM3,415.57,100.0,91.0,1980.0,2619.0,44.0,power_20260923T024053Z_7c7f5f05,power_20260923T024053Z_7c7f5f05_trial_3,memcpy_bandwidth-67108864-256,3,memcpy_bandwidth,workload,cuda,gpu_board
2026-09-23T02:46:23.892736+00:00,1790131583.892736,3582854.639613428,0.036451101303100586,GPU-91e942dc-edbb-7f2a-9cea-167356bbd86a,NVIDIA H100 80GB HBM3,415.74,100.0,91.0,1980.0,2619.0,44.0,power_20260923T024053Z_7c7f5f05,power_20260923T024053Z_7c7f5f05_trial_3,memcpy_bandwidth-67108864-256,3,memcpy_bandwidth,workload,cuda,gpu_board
2026-09-23T02:46:24.131596+00:00,1790131584.1315956,3582854.878474118,0.04095339775085449,GPU-91e942dc-edbb-7f2a-9cea-167356bbd86a,NVIDIA H100 80GB HBM3,415.84,100.0,91.0,1980.0,2619.0,44.0,power_20260923T024053Z_7c7f5f05,power_20260923T024053Z_7c7f5f05_trial_3,memcpy_bandwidth-67108864-256,3,memcpy_bandwidth,workload,cuda,gpu_board
2026-09-23T02:46:24.373876+00:00,1790131584.3738759,3582855.1207536655,0.04326343536376953,GPU-91e942dc-edbb-7f2a-9cea-167356bbd86a,NVIDIA H100 80GB HBM3,415.84,100.0,91.0,1980.0,2619.0,44.0,power_20260923T024053Z_7c7f5f05,power_20260923T024053Z_7c7f5f05_trial_3,memcpy_bandwidth-67108864-256,3,memcpy_bandwidth,workload,cuda,gpu_board
2026-09-23T02:46:24.612094+00:00,1790131584.6120942,3582855.3589715688,0.032863616943359375,GPU-91e942dc-edbb-7f2a-9cea-167356bbd86a,NVIDIA H100 80GB HBM3,415.83,100.0,91.0,1980.0,2619.0,44.0,power_20260923T024053Z_7c7f5f05,power_20260923T024053Z_7c7f5f05_trial_3,memcpy_bandwidth-67108864-256,3,memcpy_bandwidth,workload,cuda,gpu_board
2026-09-23T02:46:24.847162+00:00,1790131584.8471615,3582855.5940429214,0.03694581985473633,GPU-91e942dc-edbb-7f2a-9cea-167356bbd86a,NVIDIA H100 80GB HBM3,415.78,100.0,91.0,1980.0,2619.0,44.0,power_20260923T024053Z_7c7f5f05,power_20260923T024053Z_7c7f5f05_trial_3,memcpy_bandwidth-67108864-256,3,memcpy_bandwidth,workload,cuda,gpu_board
2026-09-23T02:46:25.082945+00:00,1790131585.0829449,3582855.829823483,0.03425955772399902,GPU-91e942dc-edbb-7f2a-9cea-167356bbd86a,NVIDIA H100 80GB HBM3,415.8,100.0,91.0,1980.0,2619.0,45.0,power_20260923T024053Z_7c7f5f05,power_20260923T024053Z_7c7f5f05_trial_3,memcpy_bandwidth-67108864-256,3,memcpy_bandwidth,workload,cuda,gpu_board
2026-09-23T02:46:25.318699+00:00,1790131585.3186994,3582856.0655767634,0.0368804931640625,GPU-91e942dc-edbb-7f2a-9cea-167356bbd86a,NVIDIA H100 80GB HBM3,415.87,100.0,91.0,1980.0,2619.0,45.0,power_20260923T024053Z_7c7f5f05,power_20260923T024053Z_7c7f5f05_trial_3,memcpy_bandwidth-67108864-256,3,memcpy_bandwidth,workload,cuda,gpu_board
2026-09-23T02:46:25.553439+00:00,1790131585.5534387,3582856.300315763,0.03229093551635742,GPU-91e942dc-edbb-7f2a-9cea-167356bbd86a,NVIDIA H100 80GB HBM3,415.86,100.0,91.0,1980.0,2619.0,45.0,power_20260923T024053Z_7c7f5f05,power_20260923T024053Z_7c7f5f05_trial_3,memcpy_bandwidth-67108864-256,3,memcpy_bandwidth,workload,cuda,gpu_board
2026-09-23T02:46:25.786535+00:00,1790131585.7865353,3582856.5334112085,0.03357243537902832,GPU-91e942dc-edbb-7f2a-9cea-167356bbd86a,NVIDIA H100 80GB HBM3,416.05,100.0,91.0,1980.0,2619.0,45.0,power_20260923T024053Z_7c7f5f05,power_20260923T024053Z_7c7f5f05_trial_3,memcpy_bandwidth-67108864-256,3,memcpy_bandwidth,workload,cuda,gpu_board
2026-09-23T02:46:26.021810+00:00,1790131586.0218103,3582856.7686872706,0.03667640686035156,GPU-91e942dc-edbb-7f2a-9cea-167356bbd86a,NVIDIA H100 80GB HBM3,416.09,100.0,91.0,1980.0,2619.0,45.0,power_20260923T024053Z_7c7f5f05,power_20260923T024053Z_7c7f5f05_trial_3,memcpy_bandwidth-67108864-256,3,memcpy_bandwidth,workload,cuda,gpu_board
2026-09-23T02:46:26.257057+00:00,1790131586.2570574,3582857.003934901,0.033518314361572266,GPU-91e942dc-edbb-7f2a-9cea-167356bbd86a,NVIDIA H100 80GB HBM3,416.08,100.0,91.0,1980.0,2619.0,45.0,power_20260923T024053Z_7c7f5f05,power_20260923T024053Z_7c7f5f05_trial_3,memcpy_bandwidth-67108864-256,3,memcpy_bandwidth,workload,cuda,gpu_board
2026-09-23T02:46:26.492145+00:00,1790131586.492145,3582857.239024289,0.03632378578186035,GPU-91e942dc-edbb-7f2a-9cea-167356bbd86a,NVIDIA H100 80GB HBM3,416.05,100.0,91.0,1980.0,2619.0,45.0,power_20260923T024053Z_7c7f5f05,power_20260923T024053Z_7c7f5f05_trial_3,memcpy_bandwidth-67108864-256,3,memcpy_bandwidth,workload,cuda,gpu_board
2026-09-23T02:46:26.727310+00:00,1790131586.7273097,3582857.4741878808,0.03366684913635254,GPU-91e942dc-edbb-7f2a-9cea-167356bbd86a,NVIDIA H100 80GB HBM3,416.04,100.0,91.0,1980.0,2619.0,45.0,power_20260923T024053Z_7c7f5f05,power_20260923T024053Z_7c7f5f05_trial_3,memcpy_bandwidth-67108864-256,3,memcpy_bandwidth,workload,cuda,gpu_board
2026-09-23T02:46:26.962826+00:00,1790131586.9628258,3582857.709703152,0.03704047203063965,GPU-91e942dc-edbb-7f2a-9cea-167356bbd86a,NVIDIA H100 80GB HBM3,416.04,100.0,91.0,1980.0,2619.0,45.0,power_20260923T024053Z_7c7f5f05,power_20260923T024053Z_7c7f5f05_trial_3,memcpy_bandwidth-67108864-256,3,memcpy_bandwidth,workload,cuda,gpu_board
2026-09-23T02:46:27.198212+00:00,1790131587.1982117,3582857.945089128,0.033425092697143555,GPU-91e942dc-edbb-7f2a-9cea-167356bbd86a,NVIDIA H100 80GB HBM3,416.12,100.0,91.0,1980.0,2619.0,45.0,power_20260923T024053Z_7c7f5f05,power_20260923T024053Z_7c7f5f05_trial_3,memcpy_bandwidth-67108864-256,3,memcpy_bandwidth,workload,cuda,gpu_board
2026-09-23T02:46:27.433280+00:00,1790131587.4332805,3582858.1801575175,0.0363764762878418,GPU-91e942dc-edbb-7f2a-9cea-167356bbd86a,NVIDIA H100 80GB HBM3,416.17,100.0,91.0,1980.0,2619.0,45.0,power_20260923T024053Z_7c7f5f05,power_20260923T024053Z_7c7f5f05_trial_3,memcpy_bandwidth-67108864-256,3,memcpy_bandwidth,workload,cuda,gpu_board
2026-09-23T02:46:27.668195+00:00,1790131587.6681955,3582858.4150723172,0.03314781188964844,GPU-91e942dc-edbb-7f2a-9cea-167356bbd86a,NVIDIA H100 80GB HBM3,416.25,100.0,91.0,1980.0,2619.0,45.0,power_20260923T024053Z_7c7f5f05,power_20260923T024053Z_7c7f5f05_trial_3,memcpy_bandwidth-67108864-256,3,memcpy_bandwidth,workload,cuda,gpu_board
2026-09-23T02:46:27.903464+00:00,1790131587.9034636,3582858.650339923,0.03706836700439453,GPU-91e942dc-edbb-7f2a-9cea-167356bbd86a,NVIDIA H100 80GB HBM3,416.26,100.0,91.0,1980.0,2619.0,45.0,power_20260923T024053Z_7c7f5f05,power_20260923T024053Z_7c7f5f05_trial_3,memcpy_bandwidth-67108864-256,3,memcpy_bandwidth,workload,cuda,gpu_board
2026-09-23T02:46:28.138598+00:00,1790131588.1385982,3582858.8854751005,0.03289079666137695,GPU-91e942dc-edbb-7f2a-9cea-167356bbd86a,NVIDIA H100 80GB HBM3,416.23,100.0,91.0,1980.0,2619.0,45.0,power_20260923T024053Z_7c7f5f05,power_20260923T024053Z_7c7f5f05_trial_3,memcpy_bandwidth-67108864-256,3,memcpy_bandwidth,workload,cuda,gpu_board
2026-09-23T02:46:28.373642+00:00,1790131588.3736424,3582859.12051892,0.03687858581542969,GPU-91e942dc-edbb-7f2a-9cea-167356bbd86a,NVIDIA H100 80GB HBM3,416.1,100.0,91.0,1980.0,2619.0,45.0,power_20260923T024053Z_7c7f5f05,power_20260923T024053Z_7c7f5f05_trial_3,memcpy_bandwidth-67108864-256,3,memcpy_bandwidth,workload,cuda,gpu_board
2026-09-23T02:46:28.610225+00:00,1790131588.6102254,3582859.3570997342,0.035985469818115234,GPU-91e942dc-edbb-7f2a-9cea-167356bbd86a,NVIDIA H100 80GB HBM3,416.08,100.0,91.0,1980.0,2619.0,45.0,power_20260923T024053Z_7c7f5f05,power_20260923T024053Z_7c7f5f05_trial_3,memcpy_bandwidth-67108864-256,3,memcpy_bandwidth,workload,cuda,gpu_board
2026-09-23T02:46:28.845063+00:00,1790131588.8450634,3582859.5919404305,0.03342294692993164,GPU-91e942dc-edbb-7f2a-9cea-167356bbd86a,NVIDIA H100 80GB HBM3,416.17,100.0,91.0,1980.0,2619.0,45.0,power_20260923T024053Z_7c7f5f05,power_20260923T024053Z_7c7f5f05_trial_3,memcpy_bandwidth-67108864-256,3,memcpy_bandwidth,workload,cuda,gpu_board
2026-09-23T02:46:29.080918+00:00,1790131589.0809183,3582859.827793626,0.03797006607055664,GPU-91e942dc-edbb-7f2a-9cea-167356bbd86a,NVIDIA H100 80GB HBM3,416.26,100.0,91.0,1980.0,2619.0,45.0,power_20260923T024053Z_7c7f5f05,power_20260923T024053Z_7c7f5f05_trial_3,memcpy_bandwidth-67108864-256,3,memcpy_bandwidth,workload,cuda,gpu_board
2026-09-23T02:46:29.316392+00:00,1790131589.3163924,3582860.063270141,0.03269481658935547,GPU-91e942dc-edbb-7f2a-9cea-167356bbd86a,NVIDIA H100 80GB HBM3,416.39,100.0,91.0,1980.0,2619.0,45.0,power_20260923T024053Z_7c7f5f05,power_20260923T024053Z_7c7f5f05_trial_3,memcpy_bandwidth-67108864-256,3,memcpy_bandwidth,workload,cuda,gpu_board
2026-09-23T02:46:29.550864+00:00,1790131589.5508642,3582860.297739389,0.03590893745422363,GPU-91e942dc-edbb-7f2a-9cea-167356bbd86a,NVIDIA H100 80GB HBM3,416.4,100.0,91.0,1980.0,2619.0,45.0,power_20260923T024053Z_7c7f5f05,power_20260923T024053Z_7c7f5f05_trial_3,memcpy_bandwidth-67108864-256,3,memcpy_bandwidth,workload,cuda,gpu_board
2026-09-23T02:46:29.787149+00:00,1790131589.787149,3582860.5340284784,0.03633379936218262,GPU-91e942dc-edbb-7f2a-9cea-167356bbd86a,NVIDIA H100 80GB HBM3,416.29,100.0,91.0,1980.0,2619.0,45.0,power_20260923T024053Z_7c7f5f05,power_20260923T024053Z_7c7f5f05_trial_3,memcpy_bandwidth-67108864-256,3,memcpy_bandwidth,workload,cuda,gpu_board
2026-09-23T02:46:30.023583+00:00,1790131590.0235834,3582860.7704620855,0.03618359565734863,GPU-91e942dc-edbb-7f2a-9cea-167356bbd86a,NVIDIA H100 80GB HBM3,416.2,100.0,91.0,1980.0,2619.0,45.0,power_20260923T024053Z_7c7f5f05,power_20260923T024053Z_7c7f5f05_trial_3,memcpy_bandwidth-67108864-256,3,memcpy_bandwidth,workload,cuda,gpu_board
2026-09-23T02:46:30.258482+00:00,1790131590.2584825,3582861.0053619463,0.03329634666442871,GPU-91e942dc-edbb-7f2a-9cea-167356bbd86a,NVIDIA H100 80GB HBM3,416.2,100.0,91.0,1980.0,2619.0,45.0,power_20260923T024053Z_7c7f5f05,power_20260923T024053Z_7c7f5f05_trial_3,memcpy_bandwidth-67108864-256,3,memcpy_bandwidth,workload,cuda,gpu_board
2026-09-23T02:46:30.493430+00:00,1790131590.4934304,3582861.2403065898,0.036237239837646484,GPU-91e942dc-edbb-7f2a-9cea-167356bbd86a,NVIDIA H100 80GB HBM3,416.21,100.0,91.0,1980.0,2619.0,45.0,power_20260923T024053Z_7c7f5f05,power_20260923T024053Z_7c7f5f05_trial_3,memcpy_bandwidth-67108864-256,3,memcpy_bandwidth,workload,cuda,gpu_board
2026-09-23T02:46:30.728130+00:00,1790131590.72813,3582861.475007994,0.03287315368652344,GPU-91e942dc-edbb-7f2a-9cea-167356bbd86a,NVIDIA H100 80GB HBM3,416.26,100.0,91.0,1980.0,2619.0,45.0,power_20260923T024053Z_7c7f5f05,power_20260923T024053Z_7c7f5f05_trial_3,memcpy_bandwidth-67108864-256,3,memcpy_bandwidth,workload,cuda,gpu_board
2026-09-23T02:46:30.963283+00:00,1790131590.9632826,3582861.710161552,0.03707575798034668,GPU-91e942dc-edbb-7f2a-9cea-167356bbd86a,NVIDIA H100 80GB HBM3,416.42,100.0,91.0,1980.0,2619.0,45.0,power_20260923T024053Z_7c7f5f05,power_20260923T024053Z_7c7f5f05_trial_3,memcpy_bandwidth-67108864-256,3,memcpy_bandwidth,workload,cuda,gpu_board
2026-09-23T02:46:31.198816+00:00,1790131591.1988158,3582861.945693774,0.03367114067077637,GPU-91e942dc-edbb-7f2a-9cea-167356bbd86a,NVIDIA H100 80GB HBM3,416.53,100.0,91.0,1980.0,2619.0,45.0,power_20260923T024053Z_7c7f5f05,power_20260923T024053Z_7c7f5f05_trial_3,memcpy_bandwidth-67108864-256,3,memcpy_bandwidth,workload,cuda,gpu_board
2026-09-23T02:46:31.433945+00:00,1790131591.4339447,3582862.180821742,0.03625345230102539,GPU-91e942dc-edbb-7f2a-9cea-167356bbd86a,NVIDIA H100 80GB HBM3,416.58,100.0,91.0,1980.0,2619.0,45.0,power_20260923T024053Z_7c7f5f05,power_20260923T024053Z_7c7f5f05_trial_3,memcpy_bandwidth-67108864-256,3,memcpy_bandwidth,workload,cuda,gpu_board
2026-09-23T02:46:31.670214+00:00,1790131591.6702144,3582862.4170884015,0.03597688674926758,GPU-91e942dc-edbb-7f2a-9cea-167356bbd86a,NVIDIA H100 80GB HBM3,416.44,100.0,91.0,1980.0,2619.0,45.0,power_20260923T024053Z_7c7f5f05,power_20260923T024053Z_7c7f5f05_trial_3,memcpy_bandwidth-67108864-256,3,memcpy_bandwidth,workload,cuda,gpu_board
2026-09-23T02:46:31.905105+00:00,1790131591.9051054,3582862.6519838176,0.03354835510253906,GPU-91e942dc-edbb-7f2a-9cea-167356bbd86a,NVIDIA H100 80GB HBM3,416.37,100.0,91.0,1980.0,2619.0,45.0,power_20260923T024053Z_7c7f5f05,power_20260923T024053Z_7c7f5f05_trial_3,memcpy_bandwidth-67108864-256,3,memcpy_bandwidth,workload,cuda,gpu_board
2026-09-23T02:46:32.139955+00:00,1790131592.1399546,3582862.8868330456,0.0357973575592041,GPU-91e942dc-edbb-7f2a-9cea-167356bbd86a,NVIDIA H100 80GB HBM3,416.33,100.0,91.0,1980.0,2619.0,45.0,power_20260923T024053Z_7c7f5f05,power_20260923T024053Z_7c7f5f05_trial_3,memcpy_bandwidth-67108864-256,3,memcpy_bandwidth,workload,cuda,gpu_board
2026-09-23T02:46:32.374830+00:00,1790131592.3748302,3582863.121708114,0.033635854721069336,GPU-91e942dc-edbb-7f2a-9cea-167356bbd86a,NVIDIA H100 80GB HBM3,416.45,100.0,91.0,1980.0,2619.0,45.0,power_20260923T024053Z_7c7f5f05,power_20260923T024053Z_7c7f5f05_trial_3,memcpy_bandwidth-67108864-256,3,memcpy_bandwidth,workload,cuda,gpu_board
2026-09-23T02:46:32.609916+00:00,1790131592.6099162,3582863.356792302,0.03619503974914551,GPU-91e942dc-edbb-7f2a-9cea-167356bbd86a,NVIDIA H100 80GB HBM3,416.66,100.0,91.0,1980.0,2619.0,45.0,power_20260923T024053Z_7c7f5f05,power_20260923T024053Z_7c7f5f05_trial_3,memcpy_bandwidth-67108864-256,3,memcpy_bandwidth,workload,cuda,gpu_board
2026-09-23T02:46:32.844542+00:00,1790131592.8445415,3582863.591419422,0.03278350830078125,GPU-91e942dc-edbb-7f2a-9cea-167356bbd86a,NVIDIA H100 80GB HBM3,417.04,100.0,91.0,1980.0,2619.0,45.0,power_20260923T024053Z_7c7f5f05,power_20260923T024053Z_7c7f5f05_trial_3,memcpy_bandwidth-67108864-256,3,memcpy_bandwidth,workload,cuda,gpu_board
2026-09-23T02:46:33.079262+00:00,1790131593.0792625,3582863.826138192,0.03631782531738281,GPU-91e942dc-edbb-7f2a-9cea-167356bbd86a,NVIDIA H100 80GB HBM3,417.38,100.0,91.0,1980.0,2619.0,45.0,power_20260923T024053Z_7c7f5f05,power_20260923T024053Z_7c7f5f05_trial_3,memcpy_bandwidth-67108864-256,3,memcpy_bandwidth,workload,cuda,gpu_board
2026-09-23T02:46:33.313977+00:00,1790131593.3139775,3582864.060855218,0.032828330993652344,GPU-91e942dc-edbb-7f2a-9cea-167356bbd86a,NVIDIA H100 80GB HBM3,417.63,100.0,91.0,1980.0,2619.0,45.0,power_20260923T024053Z_7c7f5f05,power_20260923T024053Z_7c7f5f05_trial_3,memcpy_bandwidth-67108864-256,3,memcpy_bandwidth,workload,cuda,gpu_board
2026-09-23T02:46:33.548291+00:00,1790131593.5482907,3582864.2951661823,0.03546476364135742,GPU-91e942dc-edbb-7f2a-9cea-167356bbd86a,NVIDIA H100 80GB HBM3,417.8,100.0,91.0,1980.0,2619.0,45.0,power_20260923T024053Z_7c7f5f05,power_20260923T024053Z_7c7f5f05_trial_3,memcpy_bandwidth-67108864-256,3,memcpy_bandwidth,workload,cuda,gpu_board
2026-09-23T02:46:33.782861+00:00,1790131593.7828608,3582864.529737146,0.03339076042175293,GPU-91e942dc-edbb-7f2a-9cea-167356bbd86a,NVIDIA H100 80GB HBM3,417.82,100.0,91.0,1980.0,2619.0,45.0,power_20260923T024053Z_7c7f5f05,power_20260923T024053Z_7c7f5f05_trial_3,memcpy_bandwidth-67108864-256,3,memcpy_bandwidth,workload,cuda,gpu_board
2026-09-23T02:46:34.025120+00:00,1790131594.0251198,3582864.77199904,0.050791025161743164,GPU-91e942dc-edbb-7f2a-9cea-167356bbd86a,NVIDIA H100 80GB HBM3,406.34,100.0,91.0,1980.0,2619.0,45.0,power_20260923T024053Z_7c7f5f05,power_20260923T024053Z_7c7f5f05_trial_3,memcpy_bandwidth-67108864-256,3,memcpy_bandwidth,workload,cuda,gpu_board
2026-09-23T02:46:34.266620+00:00,1790131594.2666197,3582865.013499301,0.0318601131439209,GPU-91e942dc-edbb-7f2a-9cea-167356bbd86a,NVIDIA H100 80GB HBM3,332.22,1.0,0.0,1980.0,2619.0,41.0,power_20260923T024053Z_7c7f5f05,power_20260923T024053Z_7c7f5f05_trial_3,reduction-67108864-256,3,reduction,idle,cuda,gpu_board
2026-09-23T02:46:34.499687+00:00,1790131594.4996872,3582865.246566563,0.0338895320892334,GPU-91e942dc-edbb-7f2a-9cea-167356bbd86a,NVIDIA H100 80GB HBM3,279.83,0.0,0.0,1980.0,2619.0,41.0,power_20260923T024053Z_7c7f5f05,power_20260923T024053Z_7c7f5f05_trial_3,reduction-67108864-256,3,reduction,idle,cuda,gpu_board
2026-09-23T02:46:34.732968+00:00,1790131594.7329679,3582865.4798505674,0.03228640556335449,GPU-91e942dc-edbb-7f2a-9cea-167356bbd86a,NVIDIA H100 80GB HBM3,232.82,0.0,0.0,1980.0,2619.0,41.0,power_20260923T024053Z_7c7f5f05,power_20260923T024053Z_7c7f5f05_trial_3,reduction-67108864-256,3,reduction,idle,cuda,gpu_board
2026-09-23T02:46:34.966421+00:00,1790131594.9664214,3582865.7132989685,0.03421735763549805,GPU-91e942dc-edbb-7f2a-9cea-167356bbd86a,NVIDIA H100 80GB HBM3,164.45,0.0,0.0,1980.0,2619.0,40.0,power_20260923T024053Z_7c7f5f05,power_20260923T024053Z_7c7f5f05_trial_3,reduction-67108864-256,3,reduction,idle,cuda,gpu_board
2026-09-23T02:46:35.200167+00:00,1790131595.2001667,3582865.947046072,0.03296494483947754,GPU-91e942dc-edbb-7f2a-9cea-167356bbd86a,NVIDIA H100 80GB HBM3,164.2,0.0,0.0,1980.0,2619.0,40.0,power_20260923T024053Z_7c7f5f05,power_20260923T024053Z_7c7f5f05_trial_3,reduction-67108864-256,3,reduction,idle,cuda,gpu_board
2026-09-23T02:46:35.432083+00:00,1790131595.4320831,3582866.178959973,0.030490398406982422,GPU-91e942dc-edbb-7f2a-9cea-167356bbd86a,NVIDIA H100 80GB HBM3,163.92,0.0,0.0,1980.0,2619.0,40.0,power_20260923T024053Z_7c7f5f05,power_20260923T024053Z_7c7f5f05_trial_3,reduction-67108864-256,3,reduction,idle,cuda,gpu_board
2026-09-23T02:46:35.662218+00:00,1790131595.6622176,3582866.409094616,0.02944016456604004,GPU-91e942dc-edbb-7f2a-9cea-167356bbd86a,NVIDIA H100 80GB HBM3,163.72,0.0,0.0,1980.0,2619.0,40.0,power_20260923T024053Z_7c7f5f05,power_20260923T024053Z_7c7f5f05_trial_3,reduction-67108864-256,3,reduction,idle,cuda,gpu_board
2026-09-23T02:46:35.893634+00:00,1790131595.8936343,3582866.6405106974,0.0330655574798584,GPU-91e942dc-edbb-7f2a-9cea-167356bbd86a,NVIDIA H100 80GB HBM3,158.51,0.0,0.0,405.0,2619.0,39.0,power_20260923T024053Z_7c7f5f05,power_20260923T024053Z_7c7f5f05_trial_3,reduction-67108864-256,3,reduction,idle,cuda,gpu_board
2026-09-23T02:46:36.126132+00:00,1790131596.126132,3582866.8730073455,0.03160429000854492,GPU-91e942dc-edbb-7f2a-9cea-167356bbd86a,NVIDIA H100 80GB HBM3,145.57,0.0,0.0,375.0,2619.0,38.0,power_20260923T024053Z_7c7f5f05,power_20260923T024053Z_7c7f5f05_trial_3,reduction-67108864-256,3,reduction,idle,cuda,gpu_board
2026-09-23T02:46:36.357445+00:00,1790131596.3574452,3582867.104320024,0.03072810173034668,GPU-91e942dc-edbb-7f2a-9cea-167356bbd86a,NVIDIA H100 80GB HBM3,133.25,0.0,0.0,345.0,2619.0,38.0,power_20260923T024053Z_7c7f5f05,power_20260923T024053Z_7c7f5f05_trial_3,reduction-67108864-256,3,reduction,idle,cuda,gpu_board
2026-09-23T02:46:36.588614+00:00,1790131596.5886135,3582867.3354895823,0.031316518783569336,GPU-91e942dc-edbb-7f2a-9cea-167356bbd86a,NVIDIA H100 80GB HBM3,114.15,0.0,0.0,345.0,2619.0,37.0,power_20260923T024053Z_7c7f5f05,power_20260923T024053Z_7c7f5f05_trial_3,reduction-67108864-256,3,reduction,idle,cuda,gpu_board
2026-09-23T02:46:36.819800+00:00,1790131596.8198,3582867.5666748765,0.03074049949645996,GPU-91e942dc-edbb-7f2a-9cea-167356bbd86a,NVIDIA H100 80GB HBM3,100.25,0.0,0.0,345.0,2619.0,37.0,power_20260923T024053Z_7c7f5f05,power_20260923T024053Z_7c7f5f05_trial_3,reduction-67108864-256,3,reduction,idle,cuda,gpu_board
2026-09-23T02:46:37.051053+00:00,1790131597.0510533,3582867.7979284963,0.03147554397583008,GPU-91e942dc-edbb-7f2a-9cea-167356bbd86a,NVIDIA H100 80GB HBM3,98.66,0.0,0.0,345.0,2619.0,37.0,power_20260923T024053Z_7c7f5f05,power_20260923T024053Z_7c7f5f05_trial_3,reduction-67108864-256,3,reduction,idle,cuda,gpu_board
2026-09-23T02:46:37.282381+00:00,1790131597.2823806,3582868.029256109,0.03087782859802246,GPU-91e942dc-edbb-7f2a-9cea-167356bbd86a,NVIDIA H100 80GB HBM3,98.46,0.0,0.0,345.0,2619.0,37.0,power_20260923T024053Z_7c7f5f05,power_20260923T024053Z_7c7f5f05_trial_3,reduction-67108864-256,3,reduction,idle,cuda,gpu_board
2026-09-23T02:46:37.513409+00:00,1790131597.5134087,3582868.2602842725,0.030883073806762695,GPU-91e942dc-edbb-7f2a-9cea-167356bbd86a,NVIDIA H100 80GB HBM3,98.47,0.0,0.0,345.0,2619.0,37.0,power_20260923T024053Z_7c7f5f05,power_20260923T024053Z_7c7f5f05_trial_3,reduction-67108864-256,3,reduction,idle,cuda,gpu_board
2026-09-23T02:46:37.752369+00:00,1790131597.752369,3582868.499244249,0.04674220085144043,GPU-91e942dc-edbb-7f2a-9cea-167356bbd86a,NVIDIA H100 80GB HBM3,98.51,0.0,0.0,345.0,2619.0,37.0,power_20260923T024053Z_7c7f5f05,power_20260923T024053Z_7c7f5f05_trial_3,reduction-67108864-256,3,reduction,idle,cuda,gpu_board
2026-09-23T02:46:37.991248+00:00,1790131597.9912477,3582868.7381226914,0.030721426010131836,GPU-91e942dc-edbb-7f2a-9cea-167356bbd86a,NVIDIA H100 80GB HBM3,98.42,0.0,0.0,345.0,2619.0,37.0,power_20260923T024053Z_7c7f5f05,power_20260923T024053Z_7c7f5f05_trial_3,reduction-67108864-256,3,reduction,idle,cuda,gpu_board
2026-09-23T02:46:38.225231+00:00,1790131598.2252312,3582868.9721118873,0.03694796562194824,GPU-91e942dc-edbb-7f2a-9cea-167356bbd86a,NVIDIA H100 80GB HBM3,98.38,0.0,0.0,345.0,2619.0,37.0,power_20260923T024053Z_7c7f5f05,power_20260923T024053Z_7c7f5f05_trial_3,reduction-67108864-256,3,reduction,workload,cuda,gpu_board
2026-09-23T02:46:38.519222+00:00,1790131598.5192218,3582869.2661000886,0.1506941318511963,GPU-91e942dc-edbb-7f2a-9cea-167356bbd86a,NVIDIA H100 80GB HBM3,98.29,0.0,0.0,345.0,2619.0,36.0,power_20260923T024053Z_7c7f5f05,power_20260923T024053Z_7c7f5f05_trial_3,reduction-67108864-256,3,reduction,workload,cuda,gpu_board
2026-09-23T02:46:38.811653+00:00,1790131598.811653,3582869.5585289737,0.03382110595703125,GPU-91e942dc-edbb-7f2a-9cea-167356bbd86a,NVIDIA H100 80GB HBM3,105.34,0.0,0.0,1980.0,2619.0,41.0,power_20260923T024053Z_7c7f5f05,power_20260923T024053Z_7c7f5f05_trial_3,reduction-67108864-256,3,reduction,workload,cuda,gpu_board
2026-09-23T02:46:39.044591+00:00,1790131599.0445914,3582869.7914698236,0.03176522254943848,GPU-91e942dc-edbb-7f2a-9cea-167356bbd86a,NVIDIA H100 80GB HBM3,183.87,100.0,33.0,1980.0,2619.0,43.0,power_20260923T024053Z_7c7f5f05,power_20260923T024053Z_7c7f5f05_trial_3,reduction-67108864-256,3,reduction,workload,cuda,gpu_board
2026-09-23T02:46:39.278676+00:00,1790131599.2786763,3582870.0255516623,0.0360560417175293,GPU-91e942dc-edbb-7f2a-9cea-167356bbd86a,NVIDIA H100 80GB HBM3,243.8,100.0,33.0,1980.0,2619.0,43.0,power_20260923T024053Z_7c7f5f05,power_20260923T024053Z_7c7f5f05_trial_3,reduction-67108864-256,3,reduction,workload,cuda,gpu_board
2026-09-23T02:46:39.512705+00:00,1790131599.512705,3582870.2595823715,0.031719207763671875,GPU-91e942dc-edbb-7f2a-9cea-167356bbd86a,NVIDIA H100 80GB HBM3,307.94,100.0,33.0,1980.0,2619.0,44.0,power_20260923T024053Z_7c7f5f05,power_20260923T024053Z_7c7f5f05_trial_3,reduction-67108864-256,3,reduction,workload,cuda,gpu_board
2026-09-23T02:46:39.744836+00:00,1790131599.7448363,3582870.4917137437,0.032213449478149414,GPU-91e942dc-edbb-7f2a-9cea-167356bbd86a,NVIDIA H100 80GB HBM3,388.29,100.0,33.0,1980.0,2619.0,44.0,power_20260923T024053Z_7c7f5f05,power_20260923T024053Z_7c7f5f05_trial_3,reduction-67108864-256,3,reduction,workload,cuda,gpu_board
2026-09-23T02:46:39.979303+00:00,1790131599.979303,3582870.726185575,0.03639101982116699,GPU-91e942dc-edbb-7f2a-9cea-167356bbd86a,NVIDIA H100 80GB HBM3,404.5,100.0,33.0,1980.0,2619.0,45.0,power_20260923T024053Z_7c7f5f05,power_20260923T024053Z_7c7f5f05_trial_3,reduction-67108864-256,3,reduction,workload,cuda,gpu_board
2026-09-23T02:46:40.213370+00:00,1790131600.2133703,3582870.9602479306,0.03136801719665527,GPU-91e942dc-edbb-7f2a-9cea-167356bbd86a,NVIDIA H100 80GB HBM3,404.93,100.0,33.0,1980.0,2619.0,45.0,power_20260923T024053Z_7c7f5f05,power_20260923T024053Z_7c7f5f05_trial_3,reduction-67108864-256,3,reduction,workload,cuda,gpu_board
2026-09-23T02:46:40.445963+00:00,1790131600.4459627,3582871.1928424947,0.03348875045776367,GPU-91e942dc-edbb-7f2a-9cea-167356bbd86a,NVIDIA H100 80GB HBM3,405.4,100.0,33.0,1980.0,2619.0,45.0,power_20260923T024053Z_7c7f5f05,power_20260923T024053Z_7c7f5f05_trial_3,reduction-67108864-256,3,reduction,workload,cuda,gpu_board
2026-09-23T02:46:40.678209+00:00,1790131600.678209,3582871.425087669,0.030672073364257812,GPU-91e942dc-edbb-7f2a-9cea-167356bbd86a,NVIDIA H100 80GB HBM3,405.55,100.0,33.0,1980.0,2619.0,45.0,power_20260923T024053Z_7c7f5f05,power_20260923T024053Z_7c7f5f05_trial_3,reduction-67108864-256,3,reduction,workload,cuda,gpu_board
2026-09-23T02:46:40.911124+00:00,1790131600.9111242,3582871.6580029363,0.03479743003845215,GPU-91e942dc-edbb-7f2a-9cea-167356bbd86a,NVIDIA H100 80GB HBM3,405.9,100.0,33.0,1980.0,2619.0,45.0,power_20260923T024053Z_7c7f5f05,power_20260923T024053Z_7c7f5f05_trial_3,reduction-67108864-256,3,reduction,workload,cuda,gpu_board
2026-09-23T02:46:41.144880+00:00,1790131601.1448796,3582871.8917592717,0.03240013122558594,GPU-91e942dc-edbb-7f2a-9cea-167356bbd86a,NVIDIA H100 80GB HBM3,406.45,100.0,33.0,1980.0,2619.0,45.0,power_20260923T024053Z_7c7f5f05,power_20260923T024053Z_7c7f5f05_trial_3,reduction-67108864-256,3,reduction,workload,cuda,gpu_board
2026-09-23T02:46:41.378663+00:00,1790131601.3786626,3582872.1255372223,0.034813642501831055,GPU-91e942dc-edbb-7f2a-9cea-167356bbd86a,NVIDIA H100 80GB HBM3,406.77,100.0,33.0,1980.0,2619.0,46.0,power_20260923T024053Z_7c7f5f05,power_20260923T024053Z_7c7f5f05_trial_3,reduction-67108864-256,3,reduction,workload,cuda,gpu_board
2026-09-23T02:46:41.612308+00:00,1790131601.6123075,3582872.3591860835,0.03219938278198242,GPU-91e942dc-edbb-7f2a-9cea-167356bbd86a,NVIDIA H100 80GB HBM3,407.09,100.0,33.0,1980.0,2619.0,46.0,power_20260923T024053Z_7c7f5f05,power_20260923T024053Z_7c7f5f05_trial_3,reduction-67108864-256,3,reduction,workload,cuda,gpu_board
2026-09-23T02:46:41.845671+00:00,1790131601.8456707,3582872.59254572,0.034200429916381836,GPU-91e942dc-edbb-7f2a-9cea-167356bbd86a,NVIDIA H100 80GB HBM3,407.42,100.0,33.0,1980.0,2619.0,46.0,power_20260923T024053Z_7c7f5f05,power_20260923T024053Z_7c7f5f05_trial_3,reduction-67108864-256,3,reduction,workload,cuda,gpu_board
2026-09-23T02:46:42.078692+00:00,1790131602.078692,3582872.82556904,0.03157162666320801,GPU-91e942dc-edbb-7f2a-9cea-167356bbd86a,NVIDIA H100 80GB HBM3,407.46,100.0,33.0,1980.0,2619.0,46.0,power_20260923T024053Z_7c7f5f05,power_20260923T024053Z_7c7f5f05_trial_3,reduction-67108864-256,3,reduction,workload,cuda,gpu_board
2026-09-23T02:46:42.312487+00:00,1790131602.3124866,3582873.0593612166,0.03569984436035156,GPU-91e942dc-edbb-7f2a-9cea-167356bbd86a,NVIDIA H100 80GB HBM3,407.5,100.0,33.0,1980.0,2619.0,46.0,power_20260923T024053Z_7c7f5f05,power_20260923T024053Z_7c7f5f05_trial_3,reduction-67108864-256,3,reduction,workload,cuda,gpu_board
2026-09-23T02:46:42.546378+00:00,1790131602.5463777,3582873.29325528,0.03181624412536621,GPU-91e942dc-edbb-7f2a-9cea-167356bbd86a,NVIDIA H100 80GB HBM3,407.65,100.0,33.0,1980.0,2619.0,46.0,power_20260923T024053Z_7c7f5f05,power_20260923T024053Z_7c7f5f05_trial_3,reduction-67108864-256,3,reduction,workload,cuda,gpu_board
2026-09-23T02:46:42.779687+00:00,1790131602.7796874,3582873.5265621757,0.03449273109436035,GPU-91e942dc-edbb-7f2a-9cea-167356bbd86a,NVIDIA H100 80GB HBM3,407.67,100.0,33.0,1980.0,2619.0,46.0,power_20260923T024053Z_7c7f5f05,power_20260923T024053Z_7c7f5f05_trial_3,reduction-67108864-256,3,reduction,workload,cuda,gpu_board
2026-09-23T02:46:43.012663+00:00,1790131603.0126631,3582873.7595390286,0.031177043914794922,GPU-91e942dc-edbb-7f2a-9cea-167356bbd86a,NVIDIA H100 80GB HBM3,407.71,100.0,33.0,1980.0,2619.0,46.0,power_20260923T024053Z_7c7f5f05,power_20260923T024053Z_7c7f5f05_trial_3,reduction-67108864-256,3,reduction,workload,cuda,gpu_board
2026-09-23T02:46:43.245186+00:00,1790131603.2451859,3582873.9920594245,0.033562660217285156,GPU-91e942dc-edbb-7f2a-9cea-167356bbd86a,NVIDIA H100 80GB HBM3,407.75,100.0,33.0,1980.0,2619.0,46.0,power_20260923T024053Z_7c7f5f05,power_20260923T024053Z_7c7f5f05_trial_3,reduction-67108864-256,3,reduction,workload,cuda,gpu_board
2026-09-23T02:46:43.477546+00:00,1790131603.4775457,3582874.224421881,0.030904054641723633,GPU-91e942dc-edbb-7f2a-9cea-167356bbd86a,NVIDIA H100 80GB HBM3,407.81,100.0,33.0,1980.0,2619.0,46.0,power_20260923T024053Z_7c7f5f05,power_20260923T024053Z_7c7f5f05_trial_3,reduction-67108864-256,3,reduction,workload,cuda,gpu_board
2026-09-23T02:46:43.710796+00:00,1790131603.710796,3582874.4576705657,0.03529167175292969,GPU-91e942dc-edbb-7f2a-9cea-167356bbd86a,NVIDIA H100 80GB HBM3,407.87,100.0,33.0,1980.0,2619.0,46.0,power_20260923T024053Z_7c7f5f05,power_20260923T024053Z_7c7f5f05_trial_3,reduction-67108864-256,3,reduction,workload,cuda,gpu_board
2026-09-23T02:46:43.944392+00:00,1790131603.9443917,3582874.6912682103,0.031636953353881836,GPU-91e942dc-edbb-7f2a-9cea-167356bbd86a,NVIDIA H100 80GB HBM3,408.04,100.0,33.0,1980.0,2619.0,46.0,power_20260923T024053Z_7c7f5f05,power_20260923T024053Z_7c7f5f05_trial_3,reduction-67108864-256,3,reduction,workload,cuda,gpu_board
2026-09-23T02:46:44.176862+00:00,1790131604.1768618,3582874.9237355944,0.032996416091918945,GPU-91e942dc-edbb-7f2a-9cea-167356bbd86a,NVIDIA H100 80GB HBM3,408.15,100.0,33.0,1980.0,2619.0,46.0,power_20260923T024053Z_7c7f5f05,power_20260923T024053Z_7c7f5f05_trial_3,reduction-67108864-256,3,reduction,workload,cuda,gpu_board
2026-09-23T02:46:44.409130+00:00,1790131604.4091299,3582875.1560060596,0.03127336502075195,GPU-91e942dc-edbb-7f2a-9cea-167356bbd86a,NVIDIA H100 80GB HBM3,408.18,100.0,33.0,1980.0,2619.0,46.0,power_20260923T024053Z_7c7f5f05,power_20260923T024053Z_7c7f5f05_trial_3,reduction-67108864-256,3,reduction,workload,cuda,gpu_board
2026-09-23T02:46:44.642513+00:00,1790131604.6425133,3582875.389402553,0.03519320487976074,GPU-91e942dc-edbb-7f2a-9cea-167356bbd86a,NVIDIA H100 80GB HBM3,408.27,100.0,33.0,1980.0,2619.0,46.0,power_20260923T024053Z_7c7f5f05,power_20260923T024053Z_7c7f5f05_trial_3,reduction-67108864-256,3,reduction,workload,cuda,gpu_board
2026-09-23T02:46:44.876510+00:00,1790131604.8765104,3582875.6233897475,0.03241586685180664,GPU-91e942dc-edbb-7f2a-9cea-167356bbd86a,NVIDIA H100 80GB HBM3,408.26,100.0,33.0,1980.0,2619.0,46.0,power_20260923T024053Z_7c7f5f05,power_20260923T024053Z_7c7f5f05_trial_3,reduction-67108864-256,3,reduction,workload,cuda,gpu_board
2026-09-23T02:46:45.110287+00:00,1790131605.1102867,3582875.857162997,0.03480124473571777,GPU-91e942dc-edbb-7f2a-9cea-167356bbd86a,NVIDIA H100 80GB HBM3,408.26,100.0,33.0,1980.0,2619.0,46.0,power_20260923T024053Z_7c7f5f05,power_20260923T024053Z_7c7f5f05_trial_3,reduction-67108864-256,3,reduction,workload,cuda,gpu_board
2026-09-23T02:46:45.343993+00:00,1790131605.3439932,3582876.090870411,0.032323598861694336,GPU-91e942dc-edbb-7f2a-9cea-167356bbd86a,NVIDIA H100 80GB HBM3,407.43,100.0,33.0,1980.0,2619.0,46.0,power_20260923T024053Z_7c7f5f05,power_20260923T024053Z_7c7f5f05_trial_3,reduction-67108864-256,3,reduction,workload,cuda,gpu_board
2026-09-23T02:46:45.577841+00:00,1790131605.5778406,3582876.324715278,0.03506326675415039,GPU-91e942dc-edbb-7f2a-9cea-167356bbd86a,NVIDIA H100 80GB HBM3,406.83,100.0,33.0,1980.0,2619.0,46.0,power_20260923T024053Z_7c7f5f05,power_20260923T024053Z_7c7f5f05_trial_3,reduction-67108864-256,3,reduction,workload,cuda,gpu_board
2026-09-23T02:46:45.811654+00:00,1790131605.811654,3582876.558533079,0.03226876258850098,GPU-91e942dc-edbb-7f2a-9cea-167356bbd86a,NVIDIA H100 80GB HBM3,406.29,100.0,33.0,1980.0,2619.0,46.0,power_20260923T024053Z_7c7f5f05,power_20260923T024053Z_7c7f5f05_trial_3,reduction-67108864-256,3,reduction,workload,cuda,gpu_board
2026-09-23T02:46:46.045936+00:00,1790131606.0459356,3582876.792813198,0.03596377372741699,GPU-91e942dc-edbb-7f2a-9cea-167356bbd86a,NVIDIA H100 80GB HBM3,405.37,100.0,33.0,1980.0,2619.0,46.0,power_20260923T024053Z_7c7f5f05,power_20260923T024053Z_7c7f5f05_trial_3,reduction-67108864-256,3,reduction,workload,cuda,gpu_board
2026-09-23T02:46:46.279903+00:00,1790131606.2799034,3582877.0267788423,0.03166007995605469,GPU-91e942dc-edbb-7f2a-9cea-167356bbd86a,NVIDIA H100 80GB HBM3,405.36,100.0,33.0,1980.0,2619.0,46.0,power_20260923T024053Z_7c7f5f05,power_20260923T024053Z_7c7f5f05_trial_3,reduction-67108864-256,3,reduction,workload,cuda,gpu_board
2026-09-23T02:46:46.513887+00:00,1790131606.5138874,3582877.260760539,0.03601431846618652,GPU-91e942dc-edbb-7f2a-9cea-167356bbd86a,NVIDIA H100 80GB HBM3,405.38,100.0,33.0,1980.0,2619.0,46.0,power_20260923T024053Z_7c7f5f05,power_20260923T024053Z_7c7f5f05_trial_3,reduction-67108864-256,3,reduction,workload,cuda,gpu_board
2026-09-23T02:46:46.748124+00:00,1790131606.7481236,3582877.4949982427,0.032204627990722656,GPU-91e942dc-edbb-7f2a-9cea-167356bbd86a,NVIDIA H100 80GB HBM3,405.36,100.0,33.0,1980.0,2619.0,46.0,power_20260923T024053Z_7c7f5f05,power_20260923T024053Z_7c7f5f05_trial_3,reduction-67108864-256,3,reduction,workload,cuda,gpu_board
2026-09-23T02:46:46.981436+00:00,1790131606.9814363,3582877.728309934,0.03414463996887207,GPU-91e942dc-edbb-7f2a-9cea-167356bbd86a,NVIDIA H100 80GB HBM3,405.43,100.0,33.0,1980.0,2619.0,46.0,power_20260923T024053Z_7c7f5f05,power_20260923T024053Z_7c7f5f05_trial_3,reduction-67108864-256,3,reduction,workload,cuda,gpu_board
2026-09-23T02:46:47.214659+00:00,1790131607.2146595,3582877.9615382454,0.032052040100097656,GPU-91e942dc-edbb-7f2a-9cea-167356bbd86a,NVIDIA H100 80GB HBM3,405.39,100.0,33.0,1980.0,2619.0,46.0,power_20260923T024053Z_7c7f5f05,power_20260923T024053Z_7c7f5f05_trial_3,reduction-67108864-256,3,reduction,workload,cuda,gpu_board
2026-09-23T02:46:47.448163+00:00,1790131607.4481626,3582878.195038023,0.034627676010131836,GPU-91e942dc-edbb-7f2a-9cea-167356bbd86a,NVIDIA H100 80GB HBM3,405.41,100.0,33.0,1980.0,2619.0,46.0,power_20260923T024053Z_7c7f5f05,power_20260923T024053Z_7c7f5f05_trial_3,reduction-67108864-256,3,reduction,workload,cuda,gpu_board
2026-09-23T02:46:47.681318+00:00,1790131607.6813183,3582878.4281923035,0.03140068054199219,GPU-91e942dc-edbb-7f2a-9cea-167356bbd86a,NVIDIA H100 80GB HBM3,405.41,100.0,33.0,1980.0,2619.0,46.0,power_20260923T024053Z_7c7f5f05,power_20260923T024053Z_7c7f5f05_trial_3,reduction-67108864-256,3,reduction,workload,cuda,gpu_board
2026-09-23T02:46:47.914664+00:00,1790131607.9146638,3582878.6615374126,0.035022735595703125,GPU-91e942dc-edbb-7f2a-9cea-167356bbd86a,NVIDIA H100 80GB HBM3,405.41,100.0,33.0,1980.0,2619.0,46.0,power_20260923T024053Z_7c7f5f05,power_20260923T024053Z_7c7f5f05_trial_3,reduction-67108864-256,3,reduction,workload,cuda,gpu_board
2026-09-23T02:46:48.147705+00:00,1790131608.1477046,3582878.89457833,0.030806303024291992,GPU-91e942dc-edbb-7f2a-9cea-167356bbd86a,NVIDIA H100 80GB HBM3,405.38,100.0,33.0,1980.0,2619.0,46.0,power_20260923T024053Z_7c7f5f05,power_20260923T024053Z_7c7f5f05_trial_3,reduction-67108864-256,3,reduction,workload,cuda,gpu_board
2026-09-23T02:46:48.380165+00:00,1790131608.3801646,3582879.1270377208,0.03385210037231445,GPU-91e942dc-edbb-7f2a-9cea-167356bbd86a,NVIDIA H100 80GB HBM3,405.37,100.0,33.0,1980.0,2619.0,46.0,power_20260923T024053Z_7c7f5f05,power_20260923T024053Z_7c7f5f05_trial_3,reduction-67108864-256,3,reduction,workload,cuda,gpu_board
2026-09-23T02:46:48.612854+00:00,1790131608.612854,3582879.359727771,0.03127264976501465,GPU-91e942dc-edbb-7f2a-9cea-167356bbd86a,NVIDIA H100 80GB HBM3,405.43,100.0,33.0,1980.0,2619.0,47.0,power_20260923T024053Z_7c7f5f05,power_20260923T024053Z_7c7f5f05_trial_3,reduction-67108864-256,3,reduction,workload,cuda,gpu_board
2026-09-23T02:46:48.845608+00:00,1790131608.8456085,3582879.5924821463,0.033937931060791016,GPU-91e942dc-edbb-7f2a-9cea-167356bbd86a,NVIDIA H100 80GB HBM3,405.49,100.0,33.0,1980.0,2619.0,47.0,power_20260923T024053Z_7c7f5f05,power_20260923T024053Z_7c7f5f05_trial_3,reduction-67108864-256,3,reduction,workload,cuda,gpu_board
2026-09-23T02:46:49.078248+00:00,1790131609.078248,3582879.825126857,0.031094789505004883,GPU-91e942dc-edbb-7f2a-9cea-167356bbd86a,NVIDIA H100 80GB HBM3,405.57,100.0,33.0,1980.0,2619.0,47.0,power_20260923T024053Z_7c7f5f05,power_20260923T024053Z_7c7f5f05_trial_3,reduction-67108864-256,3,reduction,workload,cuda,gpu_board
2026-09-23T02:46:49.309688+00:00,1790131609.3096876,3582880.0565613694,0.03145122528076172,GPU-91e942dc-edbb-7f2a-9cea-167356bbd86a,NVIDIA H100 80GB HBM3,405.55,100.0,33.0,1980.0,2619.0,47.0,power_20260923T024053Z_7c7f5f05,power_20260923T024053Z_7c7f5f05_trial_3,reduction-67108864-256,3,reduction,workload,cuda,gpu_board
2026-09-23T02:46:49.542790+00:00,1790131609.5427904,3582880.289663469,0.034497976303100586,GPU-91e942dc-edbb-7f2a-9cea-167356bbd86a,NVIDIA H100 80GB HBM3,405.56,100.0,33.0,1980.0,2619.0,47.0,power_20260923T024053Z_7c7f5f05,power_20260923T024053Z_7c7f5f05_trial_3,reduction-67108864-256,3,reduction,workload,cuda,gpu_board
2026-09-23T02:46:49.776064+00:00,1790131609.7760637,3582880.522941732,0.03179931640625,GPU-91e942dc-edbb-7f2a-9cea-167356bbd86a,NVIDIA H100 80GB HBM3,405.52,100.0,33.0,1980.0,2619.0,47.0,power_20260923T024053Z_7c7f5f05,power_20260923T024053Z_7c7f5f05_trial_3,reduction-67108864-256,3,reduction,workload,cuda,gpu_board
2026-09-23T02:46:50.009400+00:00,1790131610.0094,3582880.756273032,0.0345458984375,GPU-91e942dc-edbb-7f2a-9cea-167356bbd86a,NVIDIA H100 80GB HBM3,405.46,100.0,33.0,1980.0,2619.0,47.0,power_20260923T024053Z_7c7f5f05,power_20260923T024053Z_7c7f5f05_trial_3,reduction-67108864-256,3,reduction,workload,cuda,gpu_board
2026-09-23T02:46:50.242263+00:00,1790131610.2422628,3582880.989136497,0.030931949615478516,GPU-91e942dc-edbb-7f2a-9cea-167356bbd86a,NVIDIA H100 80GB HBM3,405.51,100.0,33.0,1980.0,2619.0,47.0,power_20260923T024053Z_7c7f5f05,power_20260923T024053Z_7c7f5f05_trial_3,reduction-67108864-256,3,reduction,workload,cuda,gpu_board
2026-09-23T02:46:50.474969+00:00,1790131610.4749687,3582881.221841517,0.03421640396118164,GPU-91e942dc-edbb-7f2a-9cea-167356bbd86a,NVIDIA H100 80GB HBM3,405.48,100.0,33.0,1980.0,2619.0,47.0,power_20260923T024053Z_7c7f5f05,power_20260923T024053Z_7c7f5f05_trial_3,reduction-67108864-256,3,reduction,workload,cuda,gpu_board
2026-09-23T02:46:50.707745+00:00,1790131610.7077446,3582881.4546178374,0.03108358383178711,GPU-91e942dc-edbb-7f2a-9cea-167356bbd86a,NVIDIA H100 80GB HBM3,405.46,100.0,33.0,1980.0,2619.0,47.0,power_20260923T024053Z_7c7f5f05,power_20260923T024053Z_7c7f5f05_trial_3,reduction-67108864-256,3,reduction,workload,cuda,gpu_board
2026-09-23T02:46:50.940722+00:00,1790131610.940722,3582881.687599886,0.03458452224731445,GPU-91e942dc-edbb-7f2a-9cea-167356bbd86a,NVIDIA H100 80GB HBM3,405.55,100.0,33.0,1980.0,2619.0,47.0,power_20260923T024053Z_7c7f5f05,power_20260923T024053Z_7c7f5f05_trial_3,reduction-67108864-256,3,reduction,workload,cuda,gpu_board
2026-09-23T02:46:51.174098+00:00,1790131611.1740975,3582881.920975806,0.031859636306762695,GPU-91e942dc-edbb-7f2a-9cea-167356bbd86a,NVIDIA H100 80GB HBM3,405.51,100.0,33.0,1980.0,2619.0,47.0,power_20260923T024053Z_7c7f5f05,power_20260923T024053Z_7c7f5f05_trial_3,reduction-67108864-256,3,reduction,workload,cuda,gpu_board
2026-09-23T02:46:51.407237+00:00,1790131611.4072366,3582882.15411051,0.034095048904418945,GPU-91e942dc-edbb-7f2a-9cea-167356bbd86a,NVIDIA H100 80GB HBM3,405.54,100.0,33.0,1980.0,2619.0,47.0,power_20260923T024053Z_7c7f5f05,power_20260923T024053Z_7c7f5f05_trial_3,reduction-67108864-256,3,reduction,workload,cuda,gpu_board
2026-09-23T02:46:51.639762+00:00,1790131611.6397624,3582882.3866367494,0.030694246292114258,GPU-91e942dc-edbb-7f2a-9cea-167356bbd86a,NVIDIA H100 80GB HBM3,405.64,100.0,33.0,1980.0,2619.0,47.0,power_20260923T024053Z_7c7f5f05,power_20260923T024053Z_7c7f5f05_trial_3,reduction-67108864-256,3,reduction,workload,cuda,gpu_board
2026-09-23T02:46:51.872404+00:00,1790131611.8724036,3582882.6192765115,0.034287452697753906,GPU-91e942dc-edbb-7f2a-9cea-167356bbd86a,NVIDIA H100 80GB HBM3,405.65,100.0,33.0,1980.0,2619.0,47.0,power_20260923T024053Z_7c7f5f05,power_20260923T024053Z_7c7f5f05_trial_3,reduction-67108864-256,3,reduction,workload,cuda,gpu_board
2026-09-23T02:46:52.105254+00:00,1790131612.1052542,3582882.852127722,0.031169652938842773,GPU-91e942dc-edbb-7f2a-9cea-167356bbd86a,NVIDIA H100 80GB HBM3,405.67,100.0,33.0,1980.0,2619.0,47.0,power_20260923T024053Z_7c7f5f05,power_20260923T024053Z_7c7f5f05_trial_3,reduction-67108864-256,3,reduction,workload,cuda,gpu_board
2026-09-23T02:46:52.338268+00:00,1790131612.3382678,3582883.085140235,0.03460264205932617,GPU-91e942dc-edbb-7f2a-9cea-167356bbd86a,NVIDIA H100 80GB HBM3,405.64,100.0,33.0,1980.0,2619.0,47.0,power_20260923T024053Z_7c7f5f05,power_20260923T024053Z_7c7f5f05_trial_3,reduction-67108864-256,3,reduction,workload,cuda,gpu_board
2026-09-23T02:46:52.571294+00:00,1790131612.5712936,3582883.3181716353,0.031209468841552734,GPU-91e942dc-edbb-7f2a-9cea-167356bbd86a,NVIDIA H100 80GB HBM3,405.68,100.0,33.0,1980.0,2619.0,47.0,power_20260923T024053Z_7c7f5f05,power_20260923T024053Z_7c7f5f05_trial_3,reduction-67108864-256,3,reduction,workload,cuda,gpu_board
2026-09-23T02:46:52.803862+00:00,1790131612.803862,3582883.550734669,0.03361392021179199,GPU-91e942dc-edbb-7f2a-9cea-167356bbd86a,NVIDIA H100 80GB HBM3,405.7,100.0,33.0,1980.0,2619.0,47.0,power_20260923T024053Z_7c7f5f05,power_20260923T024053Z_7c7f5f05_trial_3,reduction-67108864-256,3,reduction,workload,cuda,gpu_board
2026-09-23T02:46:53.036205+00:00,1790131613.0362048,3582883.7830784786,0.030831098556518555,GPU-91e942dc-edbb-7f2a-9cea-167356bbd86a,NVIDIA H100 80GB HBM3,405.74,100.0,33.0,1980.0,2619.0,47.0,power_20260923T024053Z_7c7f5f05,power_20260923T024053Z_7c7f5f05_trial_3,reduction-67108864-256,3,reduction,workload,cuda,gpu_board
2026-09-23T02:46:53.268751+00:00,1790131613.2687514,3582884.015624031,0.03400421142578125,GPU-91e942dc-edbb-7f2a-9cea-167356bbd86a,NVIDIA H100 80GB HBM3,405.78,100.0,33.0,1980.0,2619.0,47.0,power_20260923T024053Z_7c7f5f05,power_20260923T024053Z_7c7f5f05_trial_3,reduction-67108864-256,3,reduction,workload,cuda,gpu_board
2026-09-23T02:46:53.501672+00:00,1790131613.5016723,3582884.248550403,0.03159976005554199,GPU-91e942dc-edbb-7f2a-9cea-167356bbd86a,NVIDIA H100 80GB HBM3,405.81,100.0,33.0,1980.0,2619.0,47.0,power_20260923T024053Z_7c7f5f05,power_20260923T024053Z_7c7f5f05_trial_3,reduction-67108864-256,3,reduction,workload,cuda,gpu_board
2026-09-23T02:46:53.734677+00:00,1790131613.7346768,3582884.481549233,0.03408193588256836,GPU-91e942dc-edbb-7f2a-9cea-167356bbd86a,NVIDIA H100 80GB HBM3,405.86,100.0,33.0,1980.0,2619.0,47.0,power_20260923T024053Z_7c7f5f05,power_20260923T024053Z_7c7f5f05_trial_3,reduction-67108864-256,3,reduction,workload,cuda,gpu_board
2026-09-23T02:46:53.967148+00:00,1790131613.9671478,3582884.7140256325,0.030614614486694336,GPU-91e942dc-edbb-7f2a-9cea-167356bbd86a,NVIDIA H100 80GB HBM3,379.15,9.0,3.0,1980.0,2619.0,43.0,power_20260923T024053Z_7c7f5f05,power_20260923T024053Z_7c7f5f05_trial_3,reduction-67108864-256,3,reduction,workload,cuda,gpu_board
2026-09-23T02:46:54.198055+00:00,1790131614.1980548,3582884.944932039,0.030823230743408203,GPU-91e942dc-edbb-7f2a-9cea-167356bbd86a,NVIDIA H100 80GB HBM3,332.03,0.0,0.0,1980.0,2619.0,41.0,power_20260923T024053Z_7c7f5f05,power_20260923T024053Z_7c7f5f05_trial_3,vector_add-67108864-512,3,vector_add,idle,cuda,gpu_board
2026-09-23T02:46:54.428626+00:00,1790131614.428626,3582885.175498183,0.030011653900146484,GPU-91e942dc-edbb-7f2a-9cea-167356bbd86a,NVIDIA H100 80GB HBM3,258.14,0.0,0.0,1980.0,2619.0,41.0,power_20260923T024053Z_7c7f5f05,power_20260923T024053Z_7c7f5f05_trial_3,vector_add-67108864-512,3,vector_add,idle,cuda,gpu_board
2026-09-23T02:46:54.658240+00:00,1790131614.6582398,3582885.4051115713,0.02898550033569336,GPU-91e942dc-edbb-7f2a-9cea-167356bbd86a,NVIDIA H100 80GB HBM3,209.78,0.0,0.0,1980.0,2619.0,40.0,power_20260923T024053Z_7c7f5f05,power_20260923T024053Z_7c7f5f05_trial_3,vector_add-67108864-512,3,vector_add,idle,cuda,gpu_board
2026-09-23T02:46:54.887782+00:00,1790131614.887782,3582885.6346586985,0.029811620712280273,GPU-91e942dc-edbb-7f2a-9cea-167356bbd86a,NVIDIA H100 80GB HBM3,165.06,0.0,0.0,1980.0,2619.0,40.0,power_20260923T024053Z_7c7f5f05,power_20260923T024053Z_7c7f5f05_trial_3,vector_add-67108864-512,3,vector_add,idle,cuda,gpu_board
2026-09-23T02:46:55.117173+00:00,1790131615.117173,3582885.864044939,0.028671741485595703,GPU-91e942dc-edbb-7f2a-9cea-167356bbd86a,NVIDIA H100 80GB HBM3,164.23,0.0,0.0,1980.0,2619.0,40.0,power_20260923T024053Z_7c7f5f05,power_20260923T024053Z_7c7f5f05_trial_3,vector_add-67108864-512,3,vector_add,idle,cuda,gpu_board
2026-09-23T02:46:55.346104+00:00,1790131615.3461041,3582886.09298222,0.028920888900756836,GPU-91e942dc-edbb-7f2a-9cea-167356bbd86a,NVIDIA H100 80GB HBM3,163.63,0.0,0.0,1980.0,2619.0,40.0,power_20260923T024053Z_7c7f5f05,power_20260923T024053Z_7c7f5f05_trial_3,vector_add-67108864-512,3,vector_add,idle,cuda,gpu_board
2026-09-23T02:46:55.589681+00:00,1790131615.5896807,3582886.3365567755,0.05790591239929199,GPU-91e942dc-edbb-7f2a-9cea-167356bbd86a,NVIDIA H100 80GB HBM3,163.28,0.0,0.0,1980.0,2619.0,40.0,power_20260923T024053Z_7c7f5f05,power_20260923T024053Z_7c7f5f05_trial_3,vector_add-67108864-512,3,vector_add,idle,cuda,gpu_board
2026-09-23T02:46:55.834398+00:00,1790131615.8343978,3582886.581273905,0.03121185302734375,GPU-91e942dc-edbb-7f2a-9cea-167356bbd86a,NVIDIA H100 80GB HBM3,149.38,0.0,0.0,390.0,2619.0,38.0,power_20260923T024053Z_7c7f5f05,power_20260923T024053Z_7c7f5f05_trial_3,vector_add-67108864-512,3,vector_add,idle,cuda,gpu_board
2026-09-23T02:46:56.065385+00:00,1790131616.0653853,3582886.8122606175,0.03044724464416504,GPU-91e942dc-edbb-7f2a-9cea-167356bbd86a,NVIDIA H100 80GB HBM3,136.75,0.0,0.0,360.0,2619.0,38.0,power_20260923T024053Z_7c7f5f05,power_20260923T024053Z_7c7f5f05_trial_3,vector_add-67108864-512,3,vector_add,idle,cuda,gpu_board
2026-09-23T02:46:56.296122+00:00,1790131616.2961216,3582887.042996994,0.03073596954345703,GPU-91e942dc-edbb-7f2a-9cea-167356bbd86a,NVIDIA H100 80GB HBM3,124.16,0.0,0.0,345.0,2619.0,38.0,power_20260923T024053Z_7c7f5f05,power_20260923T024053Z_7c7f5f05_trial_3,vector_add-67108864-512,3,vector_add,idle,cuda,gpu_board
2026-09-23T02:46:56.527142+00:00,1790131616.5271416,3582887.2740170276,0.031000375747680664,GPU-91e942dc-edbb-7f2a-9cea-167356bbd86a,NVIDIA H100 80GB HBM3,105.27,0.0,0.0,345.0,2619.0,37.0,power_20260923T024053Z_7c7f5f05,power_20260923T024053Z_7c7f5f05_trial_3,vector_add-67108864-512,3,vector_add,idle,cuda,gpu_board
2026-09-23T02:46:56.758228+00:00,1790131616.7582278,3582887.5051026093,0.030872583389282227,GPU-91e942dc-edbb-7f2a-9cea-167356bbd86a,NVIDIA H100 80GB HBM3,98.78,0.0,0.0,345.0,2619.0,37.0,power_20260923T024053Z_7c7f5f05,power_20260923T024053Z_7c7f5f05_trial_3,vector_add-67108864-512,3,vector_add,idle,cuda,gpu_board
2026-09-23T02:46:56.989113+00:00,1790131616.9891129,3582887.73598836,0.030605554580688477,GPU-91e942dc-edbb-7f2a-9cea-167356bbd86a,NVIDIA H100 80GB HBM3,98.57,0.0,0.0,345.0,2619.0,37.0,power_20260923T024053Z_7c7f5f05,power_20260923T024053Z_7c7f5f05_trial_3,vector_add-67108864-512,3,vector_add,idle,cuda,gpu_board
2026-09-23T02:46:57.220192+00:00,1790131617.220192,3582887.9670669427,0.03125715255737305,GPU-91e942dc-edbb-7f2a-9cea-167356bbd86a,NVIDIA H100 80GB HBM3,98.46,0.0,0.0,345.0,2619.0,37.0,power_20260923T024053Z_7c7f5f05,power_20260923T024053Z_7c7f5f05_trial_3,vector_add-67108864-512,3,vector_add,idle,cuda,gpu_board
2026-09-23T02:46:57.451525+00:00,1790131617.4515247,3582888.1983978758,0.03113722801208496,GPU-91e942dc-edbb-7f2a-9cea-167356bbd86a,NVIDIA H100 80GB HBM3,98.41,0.0,0.0,345.0,2619.0,37.0,power_20260923T024053Z_7c7f5f05,power_20260923T024053Z_7c7f5f05_trial_3,vector_add-67108864-512,3,vector_add,idle,cuda,gpu_board
2026-09-23T02:46:57.683240+00:00,1790131617.68324,3582888.4301130576,0.03203749656677246,GPU-91e942dc-edbb-7f2a-9cea-167356bbd86a,NVIDIA H100 80GB HBM3,98.4,0.0,0.0,345.0,2619.0,37.0,power_20260923T024053Z_7c7f5f05,power_20260923T024053Z_7c7f5f05_trial_3,vector_add-67108864-512,3,vector_add,idle,cuda,gpu_board
2026-09-23T02:46:57.915208+00:00,1790131617.9152079,3582888.662080185,0.031638145446777344,GPU-91e942dc-edbb-7f2a-9cea-167356bbd86a,NVIDIA H100 80GB HBM3,98.34,0.0,0.0,345.0,2619.0,37.0,power_20260923T024053Z_7c7f5f05,power_20260923T024053Z_7c7f5f05_trial_3,vector_add-67108864-512,3,vector_add,idle,cuda,gpu_board
2026-09-23T02:46:58.150073+00:00,1790131618.1500726,3582888.8969536284,0.0378422737121582,GPU-91e942dc-edbb-7f2a-9cea-167356bbd86a,NVIDIA H100 80GB HBM3,98.32,0.0,0.0,345.0,2619.0,37.0,power_20260923T024053Z_7c7f5f05,power_20260923T024053Z_7c7f5f05_trial_3,vector_add-67108864-512,3,vector_add,workload,cuda,gpu_board
2026-09-23T02:46:58.483889+00:00,1790131618.483889,3582889.2307664966,0.22943520545959473,GPU-91e942dc-edbb-7f2a-9cea-167356bbd86a,NVIDIA H100 80GB HBM3,98.3,0.0,0.0,345.0,2619.0,37.0,power_20260923T024053Z_7c7f5f05,power_20260923T024053Z_7c7f5f05_trial_3,vector_add-67108864-512,3,vector_add,workload,cuda,gpu_board
2026-09-23T02:46:58.817939+00:00,1790131618.8179393,3582889.564814234,0.0383450984954834,GPU-91e942dc-edbb-7f2a-9cea-167356bbd86a,NVIDIA H100 80GB HBM3,110.99,13.0,0.0,1980.0,2619.0,37.0,power_20260923T024053Z_7c7f5f05,power_20260923T024053Z_7c7f5f05_trial_3,vector_add-67108864-512,3,vector_add,workload,cuda,gpu_board
2026-09-23T02:46:59.054551+00:00,1790131619.0545511,3582889.801428891,0.034600257873535156,GPU-91e942dc-edbb-7f2a-9cea-167356bbd86a,NVIDIA H100 80GB HBM3,179.17,100.0,100.0,1980.0,2619.0,41.0,power_20260923T024053Z_7c7f5f05,power_20260923T024053Z_7c7f5f05_trial_3,vector_add-67108864-512,3,vector_add,workload,cuda,gpu_board
2026-09-23T02:46:59.290377+00:00,1790131619.2903771,3582890.0372502077,0.03674197196960449,GPU-91e942dc-edbb-7f2a-9cea-167356bbd86a,NVIDIA H100 80GB HBM3,248.62,100.0,100.0,1980.0,2619.0,42.0,power_20260923T024053Z_7c7f5f05,power_20260923T024053Z_7c7f5f05_trial_3,vector_add-67108864-512,3,vector_add,workload,cuda,gpu_board
2026-09-23T02:46:59.526260+00:00,1790131619.52626,3582890.2731379955,0.03477931022644043,GPU-91e942dc-edbb-7f2a-9cea-167356bbd86a,NVIDIA H100 80GB HBM3,352.99,100.0,100.0,1980.0,2619.0,42.0,power_20260923T024053Z_7c7f5f05,power_20260923T024053Z_7c7f5f05_trial_3,vector_add-67108864-512,3,vector_add,workload,cuda,gpu_board
2026-09-23T02:46:59.763001+00:00,1790131619.763001,3582890.50987997,0.038364410400390625,GPU-91e942dc-edbb-7f2a-9cea-167356bbd86a,NVIDIA H100 80GB HBM3,412.48,100.0,100.0,1980.0,2619.0,43.0,power_20260923T024053Z_7c7f5f05,power_20260923T024053Z_7c7f5f05_trial_3,vector_add-67108864-512,3,vector_add,workload,cuda,gpu_board
2026-09-23T02:47:00.002536+00:00,1790131620.002536,3582890.7494145837,0.04038286209106445,GPU-91e942dc-edbb-7f2a-9cea-167356bbd86a,NVIDIA H100 80GB HBM3,446.86,100.0,100.0,1980.0,2619.0,43.0,power_20260923T024053Z_7c7f5f05,power_20260923T024053Z_7c7f5f05_trial_3,vector_add-67108864-512,3,vector_add,workload,cuda,gpu_board
2026-09-23T02:47:00.241013+00:00,1790131620.2410126,3582890.9878941295,0.036249637603759766,GPU-91e942dc-edbb-7f2a-9cea-167356bbd86a,NVIDIA H100 80GB HBM3,447.93,100.0,100.0,1980.0,2619.0,43.0,power_20260923T024053Z_7c7f5f05,power_20260923T024053Z_7c7f5f05_trial_3,vector_add-67108864-512,3,vector_add,workload,cuda,gpu_board
2026-09-23T02:47:00.478371+00:00,1790131620.4783707,3582891.225251764,0.03804612159729004,GPU-91e942dc-edbb-7f2a-9cea-167356bbd86a,NVIDIA H100 80GB HBM3,448.53,100.0,100.0,1980.0,2619.0,44.0,power_20260923T024053Z_7c7f5f05,power_20260923T024053Z_7c7f5f05_trial_3,vector_add-67108864-512,3,vector_add,workload,cuda,gpu_board
2026-09-23T02:47:00.715844+00:00,1790131620.7158437,3582891.4627256207,0.036546945571899414,GPU-91e942dc-edbb-7f2a-9cea-167356bbd86a,NVIDIA H100 80GB HBM3,449.25,100.0,100.0,1980.0,2619.0,44.0,power_20260923T024053Z_7c7f5f05,power_20260923T024053Z_7c7f5f05_trial_3,vector_add-67108864-512,3,vector_add,workload,cuda,gpu_board
2026-09-23T02:47:00.953479+00:00,1790131620.9534793,3582891.700358187,0.03832221031188965,GPU-91e942dc-edbb-7f2a-9cea-167356bbd86a,NVIDIA H100 80GB HBM3,449.38,100.0,100.0,1980.0,2619.0,44.0,power_20260923T024053Z_7c7f5f05,power_20260923T024053Z_7c7f5f05_trial_3,vector_add-67108864-512,3,vector_add,workload,cuda,gpu_board
2026-09-23T02:47:01.190006+00:00,1790131621.1900058,3582891.9368844535,0.03441452980041504,GPU-91e942dc-edbb-7f2a-9cea-167356bbd86a,NVIDIA H100 80GB HBM3,449.54,100.0,100.0,1980.0,2619.0,44.0,power_20260923T024053Z_7c7f5f05,power_20260923T024053Z_7c7f5f05_trial_3,vector_add-67108864-512,3,vector_add,workload,cuda,gpu_board
2026-09-23T02:47:01.426688+00:00,1790131621.4266877,3582892.1735624047,0.038617849349975586,GPU-91e942dc-edbb-7f2a-9cea-167356bbd86a,NVIDIA H100 80GB HBM3,449.88,100.0,100.0,1980.0,2619.0,44.0,power_20260923T024053Z_7c7f5f05,power_20260923T024053Z_7c7f5f05_trial_3,vector_add-67108864-512,3,vector_add,workload,cuda,gpu_board
2026-09-23T02:47:01.663315+00:00,1790131621.663315,3582892.410191814,0.034369468688964844,GPU-91e942dc-edbb-7f2a-9cea-167356bbd86a,NVIDIA H100 80GB HBM3,449.95,100.0,100.0,1980.0,2619.0,44.0,power_20260923T024053Z_7c7f5f05,power_20260923T024053Z_7c7f5f05_trial_3,vector_add-67108864-512,3,vector_add,workload,cuda,gpu_board
2026-09-23T02:47:01.899220+00:00,1790131621.8992205,3582892.646095019,0.03713393211364746,GPU-91e942dc-edbb-7f2a-9cea-167356bbd86a,NVIDIA H100 80GB HBM3,450.08,100.0,100.0,1980.0,2619.0,44.0,power_20260923T024053Z_7c7f5f05,power_20260923T024053Z_7c7f5f05_trial_3,vector_add-67108864-512,3,vector_add,workload,cuda,gpu_board
2026-09-23T02:47:02.134965+00:00,1790131622.134965,3582892.8818433005,0.03409171104431152,GPU-91e942dc-edbb-7f2a-9cea-167356bbd86a,NVIDIA H100 80GB HBM3,450.25,100.0,100.0,1980.0,2619.0,44.0,power_20260923T024053Z_7c7f5f05,power_20260923T024053Z_7c7f5f05_trial_3,vector_add-67108864-512,3,vector_add,workload,cuda,gpu_board
2026-09-23T02:47:02.370363+00:00,1790131622.3703625,3582893.1172363358,0.036429405212402344,GPU-91e942dc-edbb-7f2a-9cea-167356bbd86a,NVIDIA H100 80GB HBM3,450.35,100.0,100.0,1980.0,2619.0,45.0,power_20260923T024053Z_7c7f5f05,power_20260923T024053Z_7c7f5f05_trial_3,vector_add-67108864-512,3,vector_add,workload,cuda,gpu_board
2026-09-23T02:47:02.605849+00:00,1790131622.6058486,3582893.352724578,0.03429079055786133,GPU-91e942dc-edbb-7f2a-9cea-167356bbd86a,NVIDIA H100 80GB HBM3,450.5,100.0,100.0,1980.0,2619.0,45.0,power_20260923T024053Z_7c7f5f05,power_20260923T024053Z_7c7f5f05_trial_3,vector_add-67108864-512,3,vector_add,workload,cuda,gpu_board
2026-09-23T02:47:02.841782+00:00,1790131622.8417823,3582893.5886564143,0.03727531433105469,GPU-91e942dc-edbb-7f2a-9cea-167356bbd86a,NVIDIA H100 80GB HBM3,450.6,100.0,100.0,1980.0,2619.0,45.0,power_20260923T024053Z_7c7f5f05,power_20260923T024053Z_7c7f5f05_trial_3,vector_add-67108864-512,3,vector_add,workload,cuda,gpu_board
2026-09-23T02:47:03.077569+00:00,1790131623.0775692,3582893.824445132,0.034039974212646484,GPU-91e942dc-edbb-7f2a-9cea-167356bbd86a,NVIDIA H100 80GB HBM3,450.67,100.0,100.0,1980.0,2619.0,45.0,power_20260923T024053Z_7c7f5f05,power_20260923T024053Z_7c7f5f05_trial_3,vector_add-67108864-512,3,vector_add,workload,cuda,gpu_board
2026-09-23T02:47:03.313214+00:00,1790131623.3132138,3582894.0600869823,0.0369572639465332,GPU-91e942dc-edbb-7f2a-9cea-167356bbd86a,NVIDIA H100 80GB HBM3,450.75,100.0,100.0,1980.0,2619.0,45.0,power_20260923T024053Z_7c7f5f05,power_20260923T024053Z_7c7f5f05_trial_3,vector_add-67108864-512,3,vector_add,workload,cuda,gpu_board
2026-09-23T02:47:03.548177+00:00,1790131623.5481775,3582894.295053571,0.032724857330322266,GPU-91e942dc-edbb-7f2a-9cea-167356bbd86a,NVIDIA H100 80GB HBM3,450.8,100.0,100.0,1980.0,2619.0,45.0,power_20260923T024053Z_7c7f5f05,power_20260923T024053Z_7c7f5f05_trial_3,vector_add-67108864-512,3,vector_add,workload,cuda,gpu_board
2026-09-23T02:47:03.781691+00:00,1790131623.781691,3582894.5285687773,0.03400373458862305,GPU-91e942dc-edbb-7f2a-9cea-167356bbd86a,NVIDIA H100 80GB HBM3,450.92,100.0,100.0,1980.0,2619.0,45.0,power_20260923T024053Z_7c7f5f05,power_20260923T024053Z_7c7f5f05_trial_3,vector_add-67108864-512,3,vector_add,workload,cuda,gpu_board
2026-09-23T02:47:04.017307+00:00,1790131624.0173068,3582894.7641864223,0.03689455986022949,GPU-91e942dc-edbb-7f2a-9cea-167356bbd86a,NVIDIA H100 80GB HBM3,451.01,100.0,100.0,1980.0,2619.0,45.0,power_20260923T024053Z_7c7f5f05,power_20260923T024053Z_7c7f5f05_trial_3,vector_add-67108864-512,3,vector_add,workload,cuda,gpu_board
2026-09-23T02:47:04.253392+00:00,1790131624.2533917,3582895.0002677226,0.03494119644165039,GPU-91e942dc-edbb-7f2a-9cea-167356bbd86a,NVIDIA H100 80GB HBM3,451.06,100.0,100.0,1980.0,2619.0,45.0,power_20260923T024053Z_7c7f5f05,power_20260923T024053Z_7c7f5f05_trial_3,vector_add-67108864-512,3,vector_add,workload,cuda,gpu_board
2026-09-23T02:47:04.489574+00:00,1790131624.489574,3582895.2364525013,0.037134408950805664,GPU-91e942dc-edbb-7f2a-9cea-167356bbd86a,NVIDIA H100 80GB HBM3,451.14,100.0,100.0,1980.0,2619.0,45.0,power_20260923T024053Z_7c7f5f05,power_20260923T024053Z_7c7f5f05_trial_3,vector_add-67108864-512,3,vector_add,workload,cuda,gpu_board
2026-09-23T02:47:04.726032+00:00,1790131624.7260323,3582895.4729099693,0.035399675369262695,GPU-91e942dc-edbb-7f2a-9cea-167356bbd86a,NVIDIA H100 80GB HBM3,451.2,100.0,100.0,1980.0,2619.0,45.0,power_20260923T024053Z_7c7f5f05,power_20260923T024053Z_7c7f5f05_trial_3,vector_add-67108864-512,3,vector_add,workload,cuda,gpu_board
2026-09-23T02:47:04.962749+00:00,1790131624.9627495,3582895.709628056,0.03772783279418945,GPU-91e942dc-edbb-7f2a-9cea-167356bbd86a,NVIDIA H100 80GB HBM3,451.24,100.0,100.0,1980.0,2619.0,45.0,power_20260923T024053Z_7c7f5f05,power_20260923T024053Z_7c7f5f05_trial_3,vector_add-67108864-512,3,vector_add,workload,cuda,gpu_board
2026-09-23T02:47:05.198502+00:00,1790131625.198502,3582895.945378077,0.0334470272064209,GPU-91e942dc-edbb-7f2a-9cea-167356bbd86a,NVIDIA H100 80GB HBM3,451.31,100.0,100.0,1980.0,2619.0,45.0,power_20260923T024053Z_7c7f5f05,power_20260923T024053Z_7c7f5f05_trial_3,vector_add-67108864-512,3,vector_add,workload,cuda,gpu_board
2026-09-23T02:47:05.433792+00:00,1790131625.4337916,3582896.180671265,0.0368037223815918,GPU-91e942dc-edbb-7f2a-9cea-167356bbd86a,NVIDIA H100 80GB HBM3,451.8,100.0,100.0,1980.0,2619.0,45.0,power_20260923T024053Z_7c7f5f05,power_20260923T024053Z_7c7f5f05_trial_3,vector_add-67108864-512,3,vector_add,workload,cuda,gpu_board
2026-09-23T02:47:05.669634+00:00,1790131625.6696339,3582896.416512074,0.034546613693237305,GPU-91e942dc-edbb-7f2a-9cea-167356bbd86a,NVIDIA H100 80GB HBM3,452.17,100.0,100.0,1980.0,2619.0,45.0,power_20260923T024053Z_7c7f5f05,power_20260923T024053Z_7c7f5f05_trial_3,vector_add-67108864-512,3,vector_add,workload,cuda,gpu_board
2026-09-23T02:47:05.905406+00:00,1790131625.9054055,3582896.65228249,0.0366671085357666,GPU-91e942dc-edbb-7f2a-9cea-167356bbd86a,NVIDIA H100 80GB HBM3,452.5,100.0,100.0,1980.0,2619.0,45.0,power_20260923T024053Z_7c7f5f05,power_20260923T024053Z_7c7f5f05_trial_3,vector_add-67108864-512,3,vector_add,workload,cuda,gpu_board
2026-09-23T02:47:06.140653+00:00,1790131626.1406531,3582896.8875275124,0.03352093696594238,GPU-91e942dc-edbb-7f2a-9cea-167356bbd86a,NVIDIA H100 80GB HBM3,452.95,100.0,100.0,1980.0,2619.0,45.0,power_20260923T024053Z_7c7f5f05,power_20260923T024053Z_7c7f5f05_trial_3,vector_add-67108864-512,3,vector_add,workload,cuda,gpu_board
2026-09-23T02:47:06.376228+00:00,1790131626.3762279,3582897.123102987,0.03735065460205078,GPU-91e942dc-edbb-7f2a-9cea-167356bbd86a,NVIDIA H100 80GB HBM3,452.97,100.0,100.0,1980.0,2619.0,45.0,power_20260923T024053Z_7c7f5f05,power_20260923T024053Z_7c7f5f05_trial_3,vector_add-67108864-512,3,vector_add,workload,cuda,gpu_board
2026-09-23T02:47:06.612578+00:00,1790131626.6125782,3582897.3594521787,0.0350651741027832,GPU-91e942dc-edbb-7f2a-9cea-167356bbd86a,NVIDIA H100 80GB HBM3,452.99,100.0,100.0,1980.0,2619.0,45.0,power_20260923T024053Z_7c7f5f05,power_20260923T024053Z_7c7f5f05_trial_3,vector_add-67108864-512,3,vector_add,workload,cuda,gpu_board
2026-09-23T02:47:06.848516+00:00,1790131626.8485162,3582897.595394274,0.036505699157714844,GPU-91e942dc-edbb-7f2a-9cea-167356bbd86a,NVIDIA H100 80GB HBM3,452.99,100.0,100.0,1980.0,2619.0,45.0,power_20260923T024053Z_7c7f5f05,power_20260923T024053Z_7c7f5f05_trial_3,vector_add-67108864-512,3,vector_add,workload,cuda,gpu_board
2026-09-23T02:47:07.083742+00:00,1790131627.0837417,3582897.8306159284,0.03362011909484863,GPU-91e942dc-edbb-7f2a-9cea-167356bbd86a,NVIDIA H100 80GB HBM3,452.99,100.0,100.0,1980.0,2619.0,45.0,power_20260923T024053Z_7c7f5f05,power_20260923T024053Z_7c7f5f05_trial_3,vector_add-67108864-512,3,vector_add,workload,cuda,gpu_board
2026-09-23T02:47:07.318865+00:00,1790131627.3188646,3582898.065739109,0.0363621711730957,GPU-91e942dc-edbb-7f2a-9cea-167356bbd86a,NVIDIA H100 80GB HBM3,452.9,100.0,100.0,1980.0,2619.0,45.0,power_20260923T024053Z_7c7f5f05,power_20260923T024053Z_7c7f5f05_trial_3,vector_add-67108864-512,3,vector_add,workload,cuda,gpu_board
2026-09-23T02:47:07.554307+00:00,1790131627.5543075,3582898.3011815655,0.034262895584106445,GPU-91e942dc-edbb-7f2a-9cea-167356bbd86a,NVIDIA H100 80GB HBM3,452.86,100.0,100.0,1980.0,2619.0,45.0,power_20260923T024053Z_7c7f5f05,power_20260923T024053Z_7c7f5f05_trial_3,vector_add-67108864-512,3,vector_add,workload,cuda,gpu_board
2026-09-23T02:47:07.788013+00:00,1790131627.7880135,3582898.5348850368,0.03289222717285156,GPU-91e942dc-edbb-7f2a-9cea-167356bbd86a,NVIDIA H100 80GB HBM3,452.88,100.0,100.0,1980.0,2619.0,45.0,power_20260923T024053Z_7c7f5f05,power_20260923T024053Z_7c7f5f05_trial_3,vector_add-67108864-512,3,vector_add,workload,cuda,gpu_board
2026-09-23T02:47:08.023147+00:00,1790131628.0231469,3582898.7700228486,0.037149906158447266,GPU-91e942dc-edbb-7f2a-9cea-167356bbd86a,NVIDIA H100 80GB HBM3,452.9,100.0,100.0,1980.0,2619.0,46.0,power_20260923T024053Z_7c7f5f05,power_20260923T024053Z_7c7f5f05_trial_3,vector_add-67108864-512,3,vector_add,workload,cuda,gpu_board
2026-09-23T02:47:08.258624+00:00,1790131628.258624,3582899.0054973364,0.033521175384521484,GPU-91e942dc-edbb-7f2a-9cea-167356bbd86a,NVIDIA H100 80GB HBM3,452.98,100.0,100.0,1980.0,2619.0,46.0,power_20260923T024053Z_7c7f5f05,power_20260923T024053Z_7c7f5f05_trial_3,vector_add-67108864-512,3,vector_add,workload,cuda,gpu_board
2026-09-23T02:47:08.494393+00:00,1790131628.4943933,3582899.241268657,0.037763357162475586,GPU-91e942dc-edbb-7f2a-9cea-167356bbd86a,NVIDIA H100 80GB HBM3,453.08,100.0,100.0,1980.0,2619.0,46.0,power_20260923T024053Z_7c7f5f05,power_20260923T024053Z_7c7f5f05_trial_3,vector_add-67108864-512,3,vector_add,workload,cuda,gpu_board
2026-09-23T02:47:08.730217+00:00,1790131628.730217,3582899.4770902973,0.033617258071899414,GPU-91e942dc-edbb-7f2a-9cea-167356bbd86a,NVIDIA H100 80GB HBM3,452.81,100.0,100.0,1980.0,2619.0,46.0,power_20260923T024053Z_7c7f5f05,power_20260923T024053Z_7c7f5f05_trial_3,vector_add-67108864-512,3,vector_add,workload,cuda,gpu_board
2026-09-23T02:47:08.965591+00:00,1790131628.9655914,3582899.712465859,0.03689217567443848,GPU-91e942dc-edbb-7f2a-9cea-167356bbd86a,NVIDIA H100 80GB HBM3,452.51,100.0,100.0,1980.0,2619.0,46.0,power_20260923T024053Z_7c7f5f05,power_20260923T024053Z_7c7f5f05_trial_3,vector_add-67108864-512,3,vector_add,workload,cuda,gpu_board
2026-09-23T02:47:09.200872+00:00,1790131629.200872,3582899.947746458,0.033405303955078125,GPU-91e942dc-edbb-7f2a-9cea-167356bbd86a,NVIDIA H100 80GB HBM3,452.22,100.0,100.0,1980.0,2619.0,46.0,power_20260923T024053Z_7c7f5f05,power_20260923T024053Z_7c7f5f05_trial_3,vector_add-67108864-512,3,vector_add,workload,cuda,gpu_board
2026-09-23T02:47:09.435056+00:00,1790131629.4350557,3582900.1819282477,0.034691572189331055,GPU-91e942dc-edbb-7f2a-9cea-167356bbd86a,NVIDIA H100 80GB HBM3,451.73,100.0,100.0,1980.0,2619.0,46.0,power_20260923T024053Z_7c7f5f05,power_20260923T024053Z_7c7f5f05_trial_3,vector_add-67108864-512,3,vector_add,workload,cuda,gpu_board
2026-09-23T02:47:09.671293+00:00,1790131629.6712933,3582900.418174579,0.03754854202270508,GPU-91e942dc-edbb-7f2a-9cea-167356bbd86a,NVIDIA H100 80GB HBM3,451.55,100.0,100.0,1980.0,2619.0,46.0,power_20260923T024053Z_7c7f5f05,power_20260923T024053Z_7c7f5f05_trial_3,vector_add-67108864-512,3,vector_add,workload,cuda,gpu_board
2026-09-23T02:47:09.908687+00:00,1790131629.9086866,3582900.655567533,0.03681135177612305,GPU-91e942dc-edbb-7f2a-9cea-167356bbd86a,NVIDIA H100 80GB HBM3,451.49,100.0,100.0,1980.0,2619.0,46.0,power_20260923T024053Z_7c7f5f05,power_20260923T024053Z_7c7f5f05_trial_3,vector_add-67108864-512,3,vector_add,workload,cuda,gpu_board
2026-09-23T02:47:10.146590+00:00,1790131630.1465902,3582900.893472057,0.03862881660461426,GPU-91e942dc-edbb-7f2a-9cea-167356bbd86a,NVIDIA H100 80GB HBM3,451.47,100.0,100.0,1980.0,2619.0,46.0,power_20260923T024053Z_7c7f5f05,power_20260923T024053Z_7c7f5f05_trial_3,vector_add-67108864-512,3,vector_add,workload,cuda,gpu_board
2026-09-23T02:47:10.384291+00:00,1790131630.3842912,3582901.1311690193,0.036405324935913086,GPU-91e942dc-edbb-7f2a-9cea-167356bbd86a,NVIDIA H100 80GB HBM3,451.41,100.0,100.0,1980.0,2619.0,46.0,power_20260923T024053Z_7c7f5f05,power_20260923T024053Z_7c7f5f05_trial_3,vector_add-67108864-512,3,vector_add,workload,cuda,gpu_board
2026-09-23T02:47:10.621574+00:00,1790131630.6215744,3582901.368455139,0.03784894943237305,GPU-91e942dc-edbb-7f2a-9cea-167356bbd86a,NVIDIA H100 80GB HBM3,451.35,100.0,100.0,1980.0,2619.0,46.0,power_20260923T024053Z_7c7f5f05,power_20260923T024053Z_7c7f5f05_trial_3,vector_add-67108864-512,3,vector_add,workload,cuda,gpu_board
2026-09-23T02:47:10.857826+00:00,1790131630.8578258,3582901.604702223,0.03428483009338379,GPU-91e942dc-edbb-7f2a-9cea-167356bbd86a,NVIDIA H100 80GB HBM3,451.38,100.0,100.0,1980.0,2619.0,46.0,power_20260923T024053Z_7c7f5f05,power_20260923T024053Z_7c7f5f05_trial_3,vector_add-67108864-512,3,vector_add,workload,cuda,gpu_board
2026-09-23T02:47:11.094240+00:00,1790131631.0942397,3582901.8411189974,0.03824567794799805,GPU-91e942dc-edbb-7f2a-9cea-167356bbd86a,NVIDIA H100 80GB HBM3,451.39,100.0,100.0,1980.0,2619.0,46.0,power_20260923T024053Z_7c7f5f05,power_20260923T024053Z_7c7f5f05_trial_3,vector_add-67108864-512,3,vector_add,workload,cuda,gpu_board
2026-09-23T02:47:11.331003+00:00,1790131631.3310032,3582902.0778787676,0.03495502471923828,GPU-91e942dc-edbb-7f2a-9cea-167356bbd86a,NVIDIA H100 80GB HBM3,451.5,100.0,100.0,1980.0,2619.0,46.0,power_20260923T024053Z_7c7f5f05,power_20260923T024053Z_7c7f5f05_trial_3,vector_add-67108864-512,3,vector_add,workload,cuda,gpu_board
2026-09-23T02:47:11.568442+00:00,1790131631.568442,3582902.3153176373,0.03961944580078125,GPU-91e942dc-edbb-7f2a-9cea-167356bbd86a,NVIDIA H100 80GB HBM3,451.61,100.0,100.0,1980.0,2619.0,46.0,power_20260923T024053Z_7c7f5f05,power_20260923T024053Z_7c7f5f05_trial_3,vector_add-67108864-512,3,vector_add,workload,cuda,gpu_board
2026-09-23T02:47:11.805784+00:00,1790131631.8057845,3582902.5526586184,0.03478097915649414,GPU-91e942dc-edbb-7f2a-9cea-167356bbd86a,NVIDIA H100 80GB HBM3,451.67,100.0,100.0,1980.0,2619.0,46.0,power_20260923T024053Z_7c7f5f05,power_20260923T024053Z_7c7f5f05_trial_3,vector_add-67108864-512,3,vector_add,workload,cuda,gpu_board
2026-09-23T02:47:12.041440+00:00,1790131632.04144,3582902.788315613,0.03626370429992676,GPU-91e942dc-edbb-7f2a-9cea-167356bbd86a,NVIDIA H100 80GB HBM3,451.71,100.0,100.0,1980.0,2619.0,46.0,power_20260923T024053Z_7c7f5f05,power_20260923T024053Z_7c7f5f05_trial_3,vector_add-67108864-512,3,vector_add,workload,cuda,gpu_board
2026-09-23T02:47:12.277389+00:00,1790131632.2773888,3582903.024265156,0.035353660583496094,GPU-91e942dc-edbb-7f2a-9cea-167356bbd86a,NVIDIA H100 80GB HBM3,451.78,100.0,100.0,1980.0,2619.0,46.0,power_20260923T024053Z_7c7f5f05,power_20260923T024053Z_7c7f5f05_trial_3,vector_add-67108864-512,3,vector_add,workload,cuda,gpu_board
2026-09-23T02:47:12.514575+00:00,1790131632.514575,3582903.2614559317,0.038719892501831055,GPU-91e942dc-edbb-7f2a-9cea-167356bbd86a,NVIDIA H100 80GB HBM3,451.74,100.0,100.0,1980.0,2619.0,46.0,power_20260923T024053Z_7c7f5f05,power_20260923T024053Z_7c7f5f05_trial_3,vector_add-67108864-512,3,vector_add,workload,cuda,gpu_board
2026-09-23T02:47:12.751557+00:00,1790131632.7515574,3582903.4984339857,0.034896135330200195,GPU-91e942dc-edbb-7f2a-9cea-167356bbd86a,NVIDIA H100 80GB HBM3,451.7,100.0,100.0,1980.0,2619.0,46.0,power_20260923T024053Z_7c7f5f05,power_20260923T024053Z_7c7f5f05_trial_3,vector_add-67108864-512,3,vector_add,workload,cuda,gpu_board
2026-09-23T02:47:12.988302+00:00,1790131632.9883022,3582903.735182178,0.03828573226928711,GPU-91e942dc-edbb-7f2a-9cea-167356bbd86a,NVIDIA H100 80GB HBM3,451.69,100.0,100.0,1980.0,2619.0,46.0,power_20260923T024053Z_7c7f5f05,power_20260923T024053Z_7c7f5f05_trial_3,vector_add-67108864-512,3,vector_add,workload,cuda,gpu_board
2026-09-23T02:47:13.225857+00:00,1790131633.2258565,3582903.9727324075,0.036470890045166016,GPU-91e942dc-edbb-7f2a-9cea-167356bbd86a,NVIDIA H100 80GB HBM3,451.62,100.0,100.0,1980.0,2619.0,46.0,power_20260923T024053Z_7c7f5f05,power_20260923T024053Z_7c7f5f05_trial_3,vector_add-67108864-512,3,vector_add,workload,cuda,gpu_board
2026-09-23T02:47:13.462267+00:00,1790131633.4622674,3582904.2091412465,0.036057472229003906,GPU-91e942dc-edbb-7f2a-9cea-167356bbd86a,NVIDIA H100 80GB HBM3,451.59,100.0,100.0,1980.0,2619.0,46.0,power_20260923T024053Z_7c7f5f05,power_20260923T024053Z_7c7f5f05_trial_3,vector_add-67108864-512,3,vector_add,workload,cuda,gpu_board
2026-09-23T02:47:13.697884+00:00,1790131633.6978836,3582904.444757131,0.03492379188537598,GPU-91e942dc-edbb-7f2a-9cea-167356bbd86a,NVIDIA H100 80GB HBM3,451.53,100.0,100.0,1980.0,2619.0,46.0,power_20260923T024053Z_7c7f5f05,power_20260923T024053Z_7c7f5f05_trial_3,vector_add-67108864-512,3,vector_add,workload,cuda,gpu_board
2026-09-23T02:47:13.982739+00:00,1790131633.9827387,3582904.7296184683,0.13451766967773438,GPU-91e942dc-edbb-7f2a-9cea-167356bbd86a,NVIDIA H100 80GB HBM3,424.15,100.0,100.0,1980.0,2619.0,43.0,power_20260923T024053Z_7c7f5f05,power_20260923T024053Z_7c7f5f05_trial_3,vector_add-67108864-512,3,vector_add,workload,cuda,gpu_board
2026-09-23T02:47:14.266166+00:00,1790131634.2661657,3582905.0130441566,0.03198671340942383,GPU-91e942dc-edbb-7f2a-9cea-167356bbd86a,NVIDIA H100 80GB HBM3,339.99,0.0,0.0,1980.0,2619.0,41.0,power_20260923T024053Z_7c7f5f05,power_20260923T024053Z_7c7f5f05_trial_3,stencil_1d-67108864-256,3,stencil_1d,idle,cuda,gpu_board
2026-09-23T02:47:14.497128+00:00,1790131634.4971285,3582905.244001566,0.02962636947631836,GPU-91e942dc-edbb-7f2a-9cea-167356bbd86a,NVIDIA H100 80GB HBM3,283.83,0.0,0.0,1980.0,2619.0,41.0,power_20260923T024053Z_7c7f5f05,power_20260923T024053Z_7c7f5f05_trial_3,stencil_1d-67108864-256,3,stencil_1d,idle,cuda,gpu_board
2026-09-23T02:47:14.727710+00:00,1790131634.72771,3582905.4745837105,0.03128814697265625,GPU-91e942dc-edbb-7f2a-9cea-167356bbd86a,NVIDIA H100 80GB HBM3,199.46,0.0,0.0,1980.0,2619.0,41.0,power_20260923T024053Z_7c7f5f05,power_20260923T024053Z_7c7f5f05_trial_3,stencil_1d-67108864-256,3,stencil_1d,idle,cuda,gpu_board
2026-09-23T02:47:14.958182+00:00,1790131634.9581819,3582905.7050537067,0.02940535545349121,GPU-91e942dc-edbb-7f2a-9cea-167356bbd86a,NVIDIA H100 80GB HBM3,164.85,0.0,0.0,1980.0,2619.0,40.0,power_20260923T024053Z_7c7f5f05,power_20260923T024053Z_7c7f5f05_trial_3,stencil_1d-67108864-256,3,stencil_1d,idle,cuda,gpu_board
2026-09-23T02:47:15.187209+00:00,1790131635.1872091,3582905.934081002,0.028420209884643555,GPU-91e942dc-edbb-7f2a-9cea-167356bbd86a,NVIDIA H100 80GB HBM3,164.6,0.0,0.0,1980.0,2619.0,40.0,power_20260923T024053Z_7c7f5f05,power_20260923T024053Z_7c7f5f05_trial_3,stencil_1d-67108864-256,3,stencil_1d,idle,cuda,gpu_board
2026-09-23T02:47:15.424665+00:00,1790131635.4246655,3582906.171537622,0.04627180099487305,GPU-91e942dc-edbb-7f2a-9cea-167356bbd86a,NVIDIA H100 80GB HBM3,164.26,0.0,0.0,1980.0,2619.0,40.0,power_20260923T024053Z_7c7f5f05,power_20260923T024053Z_7c7f5f05_trial_3,stencil_1d-67108864-256,3,stencil_1d,idle,cuda,gpu_board
2026-09-23T02:47:15.664163+00:00,1790131635.6641626,3582906.4110398404,0.0324859619140625,GPU-91e942dc-edbb-7f2a-9cea-167356bbd86a,NVIDIA H100 80GB HBM3,162.76,0.0,0.0,495.0,2619.0,39.0,power_20260923T024053Z_7c7f5f05,power_20260923T024053Z_7c7f5f05_trial_3,stencil_1d-67108864-256,3,stencil_1d,idle,cuda,gpu_board
2026-09-23T02:47:15.896526+00:00,1790131635.8965263,3582906.6434024717,0.03190159797668457,GPU-91e942dc-edbb-7f2a-9cea-167356bbd86a,NVIDIA H100 80GB HBM3,150.26,0.0,0.0,450.0,2619.0,38.0,power_20260923T024053Z_7c7f5f05,power_20260923T024053Z_7c7f5f05_trial_3,stencil_1d-67108864-256,3,stencil_1d,idle,cuda,gpu_board
2026-09-23T02:47:16.127994+00:00,1790131636.1279936,3582906.8748660544,0.030742406845092773,GPU-91e942dc-edbb-7f2a-9cea-167356bbd86a,NVIDIA H100 80GB HBM3,130.56,0.0,0.0,420.0,2619.0,38.0,power_20260923T024053Z_7c7f5f05,power_20260923T024053Z_7c7f5f05_trial_3,stencil_1d-67108864-256,3,stencil_1d,idle,cuda,gpu_board
2026-09-23T02:47:16.358660+00:00,1790131636.3586597,3582907.105531526,0.030360937118530273,GPU-91e942dc-edbb-7f2a-9cea-167356bbd86a,NVIDIA H100 80GB HBM3,117.6,0.0,0.0,375.0,2619.0,38.0,power_20260923T024053Z_7c7f5f05,power_20260923T024053Z_7c7f5f05_trial_3,stencil_1d-67108864-256,3,stencil_1d,idle,cuda,gpu_board
2026-09-23T02:47:16.589339+00:00,1790131636.5893385,3582907.336212009,0.030760765075683594,GPU-91e942dc-edbb-7f2a-9cea-167356bbd86a,NVIDIA H100 80GB HBM3,105.8,0.0,0.0,345.0,2619.0,38.0,power_20260923T024053Z_7c7f5f05,power_20260923T024053Z_7c7f5f05_trial_3,stencil_1d-67108864-256,3,stencil_1d,idle,cuda,gpu_board
2026-09-23T02:47:16.820890+00:00,1790131636.82089,3582907.5677619083,0.032093048095703125,GPU-91e942dc-edbb-7f2a-9cea-167356bbd86a,NVIDIA H100 80GB HBM3,99.02,0.0,0.0,345.0,2619.0,37.0,power_20260923T024053Z_7c7f5f05,power_20260923T024053Z_7c7f5f05_trial_3,stencil_1d-67108864-256,3,stencil_1d,idle,cuda,gpu_board
2026-09-23T02:47:17.052330+00:00,1790131637.0523303,3582907.799201325,0.030559539794921875,GPU-91e942dc-edbb-7f2a-9cea-167356bbd86a,NVIDIA H100 80GB HBM3,98.83,0.0,0.0,345.0,2619.0,37.0,power_20260923T024053Z_7c7f5f05,power_20260923T024053Z_7c7f5f05_trial_3,stencil_1d-67108864-256,3,stencil_1d,idle,cuda,gpu_board
2026-09-23T02:47:17.284117+00:00,1790131637.2841167,3582908.0309885154,0.032799720764160156,GPU-91e942dc-edbb-7f2a-9cea-167356bbd86a,NVIDIA H100 80GB HBM3,98.69,0.0,0.0,345.0,2619.0,37.0,power_20260923T024053Z_7c7f5f05,power_20260923T024053Z_7c7f5f05_trial_3,stencil_1d-67108864-256,3,stencil_1d,idle,cuda,gpu_board
2026-09-23T02:47:17.516102+00:00,1790131637.5161023,3582908.2629738045,0.030943632125854492,GPU-91e942dc-edbb-7f2a-9cea-167356bbd86a,NVIDIA H100 80GB HBM3,98.56,0.0,0.0,345.0,2619.0,37.0,power_20260923T024053Z_7c7f5f05,power_20260923T024053Z_7c7f5f05_trial_3,stencil_1d-67108864-256,3,stencil_1d,idle,cuda,gpu_board
2026-09-23T02:47:17.747035+00:00,1790131637.747035,3582908.4939060844,0.030701398849487305,GPU-91e942dc-edbb-7f2a-9cea-167356bbd86a,NVIDIA H100 80GB HBM3,98.52,0.0,0.0,345.0,2619.0,37.0,power_20260923T024053Z_7c7f5f05,power_20260923T024053Z_7c7f5f05_trial_3,stencil_1d-67108864-256,3,stencil_1d,idle,cuda,gpu_board
2026-09-23T02:47:17.977656+00:00,1790131637.977656,3582908.7245272957,0.030323266983032227,GPU-91e942dc-edbb-7f2a-9cea-167356bbd86a,NVIDIA H100 80GB HBM3,98.5,0.0,0.0,345.0,2619.0,37.0,power_20260923T024053Z_7c7f5f05,power_20260923T024053Z_7c7f5f05_trial_3,stencil_1d-67108864-256,3,stencil_1d,idle,cuda,gpu_board
2026-09-23T02:47:18.211618+00:00,1790131638.2116182,3582908.9585012756,0.03737211227416992,GPU-91e942dc-edbb-7f2a-9cea-167356bbd86a,NVIDIA H100 80GB HBM3,98.4,0.0,0.0,345.0,2619.0,37.0,power_20260923T024053Z_7c7f5f05,power_20260923T024053Z_7c7f5f05_trial_3,stencil_1d-67108864-256,3,stencil_1d,workload,cuda,gpu_board
2026-09-23T02:47:18.520410+00:00,1790131638.52041,3582909.267287581,0.17983675003051758,GPU-91e942dc-edbb-7f2a-9cea-167356bbd86a,NVIDIA H100 80GB HBM3,98.32,0.0,0.0,345.0,2619.0,37.0,power_20260923T024053Z_7c7f5f05,power_20260923T024053Z_7c7f5f05_trial_3,stencil_1d-67108864-256,3,stencil_1d,workload,cuda,gpu_board
2026-09-23T02:47:18.827518+00:00,1790131638.8275175,3582909.5743974694,0.03407692909240723,GPU-91e942dc-edbb-7f2a-9cea-167356bbd86a,NVIDIA H100 80GB HBM3,105.69,26.0,15.0,1980.0,2619.0,41.0,power_20260923T024053Z_7c7f5f05,power_20260923T024053Z_7c7f5f05_trial_3,stencil_1d-67108864-256,3,stencil_1d,workload,cuda,gpu_board
2026-09-23T02:47:19.063291+00:00,1790131639.063291,3582909.810165495,0.0371243953704834,GPU-91e942dc-edbb-7f2a-9cea-167356bbd86a,NVIDIA H100 80GB HBM3,203.97,100.0,84.0,1980.0,2619.0,43.0,power_20260923T024053Z_7c7f5f05,power_20260923T024053Z_7c7f5f05_trial_3,stencil_1d-67108864-256,3,stencil_1d,workload,cuda,gpu_board
2026-09-23T02:47:19.298441+00:00,1790131639.2984414,3582910.0453152973,0.03290605545043945,GPU-91e942dc-edbb-7f2a-9cea-167356bbd86a,NVIDIA H100 80GB HBM3,278.43,100.0,84.0,1980.0,2619.0,44.0,power_20260923T024053Z_7c7f5f05,power_20260923T024053Z_7c7f5f05_trial_3,stencil_1d-67108864-256,3,stencil_1d,workload,cuda,gpu_board
2026-09-23T02:47:19.533483+00:00,1790131639.5334826,3582910.2803561515,0.03691387176513672,GPU-91e942dc-edbb-7f2a-9cea-167356bbd86a,NVIDIA H100 80GB HBM3,390.36,100.0,84.0,1980.0,2619.0,45.0,power_20260923T024053Z_7c7f5f05,power_20260923T024053Z_7c7f5f05_trial_3,stencil_1d-67108864-256,3,stencil_1d,workload,cuda,gpu_board
2026-09-23T02:47:19.768968+00:00,1790131639.7689676,3582910.515846879,0.03371238708496094,GPU-91e942dc-edbb-7f2a-9cea-167356bbd86a,NVIDIA H100 80GB HBM3,459.1,100.0,84.0,1980.0,2619.0,45.0,power_20260923T024053Z_7c7f5f05,power_20260923T024053Z_7c7f5f05_trial_3,stencil_1d-67108864-256,3,stencil_1d,workload,cuda,gpu_board
2026-09-23T02:47:20.004829+00:00,1790131640.0048294,3582910.7517077355,0.03767514228820801,GPU-91e942dc-edbb-7f2a-9cea-167356bbd86a,NVIDIA H100 80GB HBM3,479.05,100.0,84.0,1980.0,2619.0,46.0,power_20260923T024053Z_7c7f5f05,power_20260923T024053Z_7c7f5f05_trial_3,stencil_1d-67108864-256,3,stencil_1d,workload,cuda,gpu_board
2026-09-23T02:47:20.240698+00:00,1790131640.2406979,3582910.987574551,0.0337369441986084,GPU-91e942dc-edbb-7f2a-9cea-167356bbd86a,NVIDIA H100 80GB HBM3,480.35,100.0,84.0,1980.0,2619.0,46.0,power_20260923T024053Z_7c7f5f05,power_20260923T024053Z_7c7f5f05_trial_3,stencil_1d-67108864-256,3,stencil_1d,workload,cuda,gpu_board
2026-09-23T02:47:20.476290+00:00,1790131640.4762905,3582911.223164897,0.037131309509277344,GPU-91e942dc-edbb-7f2a-9cea-167356bbd86a,NVIDIA H100 80GB HBM3,481.03,100.0,84.0,1980.0,2619.0,46.0,power_20260923T024053Z_7c7f5f05,power_20260923T024053Z_7c7f5f05_trial_3,stencil_1d-67108864-256,3,stencil_1d,workload,cuda,gpu_board
2026-09-23T02:47:20.711671+00:00,1790131640.7116706,3582911.4585449807,0.033367156982421875,GPU-91e942dc-edbb-7f2a-9cea-167356bbd86a,NVIDIA H100 80GB HBM3,481.62,100.0,84.0,1980.0,2619.0,46.0,power_20260923T024053Z_7c7f5f05,power_20260923T024053Z_7c7f5f05_trial_3,stencil_1d-67108864-256,3,stencil_1d,workload,cuda,gpu_board
2026-09-23T02:47:20.947267+00:00,1790131640.9472666,3582911.694147648,0.03749251365661621,GPU-91e942dc-edbb-7f2a-9cea-167356bbd86a,NVIDIA H100 80GB HBM3,482.24,100.0,84.0,1980.0,2619.0,47.0,power_20260923T024053Z_7c7f5f05,power_20260923T024053Z_7c7f5f05_trial_3,stencil_1d-67108864-256,3,stencil_1d,workload,cuda,gpu_board
2026-09-23T02:47:21.183770+00:00,1790131641.1837702,3582911.930648467,0.03516817092895508,GPU-91e942dc-edbb-7f2a-9cea-167356bbd86a,NVIDIA H100 80GB HBM3,482.48,100.0,84.0,1980.0,2619.0,47.0,power_20260923T024053Z_7c7f5f05,power_20260923T024053Z_7c7f5f05_trial_3,stencil_1d-67108864-256,3,stencil_1d,workload,cuda,gpu_board
2026-09-23T02:47:21.419941+00:00,1790131641.419941,3582912.1668158276,0.03684091567993164,GPU-91e942dc-edbb-7f2a-9cea-167356bbd86a,NVIDIA H100 80GB HBM3,482.67,100.0,84.0,1980.0,2619.0,47.0,power_20260923T024053Z_7c7f5f05,power_20260923T024053Z_7c7f5f05_trial_3,stencil_1d-67108864-256,3,stencil_1d,workload,cuda,gpu_board
2026-09-23T02:47:21.655028+00:00,1790131641.6550276,3582912.4019023627,0.033057212829589844,GPU-91e942dc-edbb-7f2a-9cea-167356bbd86a,NVIDIA H100 80GB HBM3,482.04,100.0,84.0,1980.0,2619.0,47.0,power_20260923T024053Z_7c7f5f05,power_20260923T024053Z_7c7f5f05_trial_3,stencil_1d-67108864-256,3,stencil_1d,workload,cuda,gpu_board
2026-09-23T02:47:21.889822+00:00,1790131641.889822,3582912.6366953445,0.036258697509765625,GPU-91e942dc-edbb-7f2a-9cea-167356bbd86a,NVIDIA H100 80GB HBM3,481.61,100.0,84.0,1980.0,2619.0,47.0,power_20260923T024053Z_7c7f5f05,power_20260923T024053Z_7c7f5f05_trial_3,stencil_1d-67108864-256,3,stencil_1d,workload,cuda,gpu_board
2026-09-23T02:47:22.125553+00:00,1790131642.1255531,3582912.8724271683,0.03493666648864746,GPU-91e942dc-edbb-7f2a-9cea-167356bbd86a,NVIDIA H100 80GB HBM3,481.15,100.0,84.0,1980.0,2619.0,47.0,power_20260923T024053Z_7c7f5f05,power_20260923T024053Z_7c7f5f05_trial_3,stencil_1d-67108864-256,3,stencil_1d,workload,cuda,gpu_board
2026-09-23T02:47:22.360979+00:00,1790131642.3609788,3582913.1078522354,0.035649776458740234,GPU-91e942dc-edbb-7f2a-9cea-167356bbd86a,NVIDIA H100 80GB HBM3,480.47,100.0,84.0,1980.0,2619.0,47.0,power_20260923T024053Z_7c7f5f05,power_20260923T024053Z_7c7f5f05_trial_3,stencil_1d-67108864-256,3,stencil_1d,workload,cuda,gpu_board
2026-09-23T02:47:22.595366+00:00,1790131642.5953655,3582913.3422384155,0.03287243843078613,GPU-91e942dc-edbb-7f2a-9cea-167356bbd86a,NVIDIA H100 80GB HBM3,480.53,100.0,84.0,1980.0,2619.0,47.0,power_20260923T024053Z_7c7f5f05,power_20260923T024053Z_7c7f5f05_trial_3,stencil_1d-67108864-256,3,stencil_1d,workload,cuda,gpu_board
2026-09-23T02:47:22.830215+00:00,1790131642.830215,3582913.5770877483,0.036574602127075195,GPU-91e942dc-edbb-7f2a-9cea-167356bbd86a,NVIDIA H100 80GB HBM3,480.61,100.0,84.0,1980.0,2619.0,47.0,power_20260923T024053Z_7c7f5f05,power_20260923T024053Z_7c7f5f05_trial_3,stencil_1d-67108864-256,3,stencil_1d,workload,cuda,gpu_board
2026-09-23T02:47:23.065541+00:00,1790131643.0655408,3582913.812414046,0.0338287353515625,GPU-91e942dc-edbb-7f2a-9cea-167356bbd86a,NVIDIA H100 80GB HBM3,480.74,100.0,84.0,1980.0,2619.0,47.0,power_20260923T024053Z_7c7f5f05,power_20260923T024053Z_7c7f5f05_trial_3,stencil_1d-67108864-256,3,stencil_1d,workload,cuda,gpu_board
2026-09-23T02:47:23.301536+00:00,1790131643.301536,3582914.0484089777,0.037900447845458984,GPU-91e942dc-edbb-7f2a-9cea-167356bbd86a,NVIDIA H100 80GB HBM3,480.77,100.0,84.0,1980.0,2619.0,47.0,power_20260923T024053Z_7c7f5f05,power_20260923T024053Z_7c7f5f05_trial_3,stencil_1d-67108864-256,3,stencil_1d,workload,cuda,gpu_board
2026-09-23T02:47:23.537743+00:00,1790131643.537743,3582914.2846161705,0.03427290916442871,GPU-91e942dc-edbb-7f2a-9cea-167356bbd86a,NVIDIA H100 80GB HBM3,480.9,100.0,84.0,1980.0,2619.0,47.0,power_20260923T024053Z_7c7f5f05,power_20260923T024053Z_7c7f5f05_trial_3,stencil_1d-67108864-256,3,stencil_1d,workload,cuda,gpu_board
2026-09-23T02:47:23.774223+00:00,1790131643.7742229,3582914.521095481,0.03843855857849121,GPU-91e942dc-edbb-7f2a-9cea-167356bbd86a,NVIDIA H100 80GB HBM3,480.96,100.0,84.0,1980.0,2619.0,47.0,power_20260923T024053Z_7c7f5f05,power_20260923T024053Z_7c7f5f05_trial_3,stencil_1d-67108864-256,3,stencil_1d,workload,cuda,gpu_board
2026-09-23T02:47:24.010560+00:00,1790131644.0105596,3582914.757432219,0.033995628356933594,GPU-91e942dc-edbb-7f2a-9cea-167356bbd86a,NVIDIA H100 80GB HBM3,480.97,100.0,84.0,1980.0,2619.0,48.0,power_20260923T024053Z_7c7f5f05,power_20260923T024053Z_7c7f5f05_trial_3,stencil_1d-67108864-256,3,stencil_1d,workload,cuda,gpu_board
2026-09-23T02:47:24.247640+00:00,1790131644.2476397,3582914.9945117594,0.039919376373291016,GPU-91e942dc-edbb-7f2a-9cea-167356bbd86a,NVIDIA H100 80GB HBM3,481.09,100.0,84.0,1980.0,2619.0,48.0,power_20260923T024053Z_7c7f5f05,power_20260923T024053Z_7c7f5f05_trial_3,stencil_1d-67108864-256,3,stencil_1d,workload,cuda,gpu_board
2026-09-23T02:47:24.486405+00:00,1790131644.4864054,3582915.2332788566,0.03738236427307129,GPU-91e942dc-edbb-7f2a-9cea-167356bbd86a,NVIDIA H100 80GB HBM3,481.11,100.0,84.0,1980.0,2619.0,48.0,power_20260923T024053Z_7c7f5f05,power_20260923T024053Z_7c7f5f05_trial_3,stencil_1d-67108864-256,3,stencil_1d,workload,cuda,gpu_board
2026-09-23T02:47:24.721864+00:00,1790131644.7218642,3582915.468737084,0.033240556716918945,GPU-91e942dc-edbb-7f2a-9cea-167356bbd86a,NVIDIA H100 80GB HBM3,481.18,100.0,84.0,1980.0,2619.0,48.0,power_20260923T024053Z_7c7f5f05,power_20260923T024053Z_7c7f5f05_trial_3,stencil_1d-67108864-256,3,stencil_1d,workload,cuda,gpu_board
2026-09-23T02:47:24.957174+00:00,1790131644.9571743,3582915.704055257,0.037140607833862305,GPU-91e942dc-edbb-7f2a-9cea-167356bbd86a,NVIDIA H100 80GB HBM3,481.28,100.0,84.0,1980.0,2619.0,48.0,power_20260923T024053Z_7c7f5f05,power_20260923T024053Z_7c7f5f05_trial_3,stencil_1d-67108864-256,3,stencil_1d,workload,cuda,gpu_board
2026-09-23T02:47:25.193459+00:00,1790131645.1934586,3582915.9403346563,0.035063743591308594,GPU-91e942dc-edbb-7f2a-9cea-167356bbd86a,NVIDIA H100 80GB HBM3,481.33,100.0,84.0,1980.0,2619.0,48.0,power_20260923T024053Z_7c7f5f05,power_20260923T024053Z_7c7f5f05_trial_3,stencil_1d-67108864-256,3,stencil_1d,workload,cuda,gpu_board
2026-09-23T02:47:25.429676+00:00,1790131645.4296756,3582916.1765517183,0.03707265853881836,GPU-91e942dc-edbb-7f2a-9cea-167356bbd86a,NVIDIA H100 80GB HBM3,481.37,100.0,84.0,1980.0,2619.0,48.0,power_20260923T024053Z_7c7f5f05,power_20260923T024053Z_7c7f5f05_trial_3,stencil_1d-67108864-256,3,stencil_1d,workload,cuda,gpu_board
2026-09-23T02:47:25.671415+00:00,1790131645.6714153,3582916.4182925876,0.04611802101135254,GPU-91e942dc-edbb-7f2a-9cea-167356bbd86a,NVIDIA H100 80GB HBM3,481.42,100.0,84.0,1980.0,2619.0,48.0,power_20260923T024053Z_7c7f5f05,power_20260923T024053Z_7c7f5f05_trial_3,stencil_1d-67108864-256,3,stencil_1d,workload,cuda,gpu_board
2026-09-23T02:47:25.912513+00:00,1790131645.9125128,3582916.6593918465,0.03571367263793945,GPU-91e942dc-edbb-7f2a-9cea-167356bbd86a,NVIDIA H100 80GB HBM3,481.5,100.0,84.0,1980.0,2619.0,48.0,power_20260923T024053Z_7c7f5f05,power_20260923T024053Z_7c7f5f05_trial_3,stencil_1d-67108864-256,3,stencil_1d,workload,cuda,gpu_board
2026-09-23T02:47:26.150308+00:00,1790131646.150308,3582916.8971866565,0.03954458236694336,GPU-91e942dc-edbb-7f2a-9cea-167356bbd86a,NVIDIA H100 80GB HBM3,481.56,100.0,84.0,1980.0,2619.0,48.0,power_20260923T024053Z_7c7f5f05,power_20260923T024053Z_7c7f5f05_trial_3,stencil_1d-67108864-256,3,stencil_1d,workload,cuda,gpu_board
2026-09-23T02:47:26.387352+00:00,1790131646.3873525,3582917.134227711,0.034186601638793945,GPU-91e942dc-edbb-7f2a-9cea-167356bbd86a,NVIDIA H100 80GB HBM3,481.65,100.0,84.0,1980.0,2619.0,48.0,power_20260923T024053Z_7c7f5f05,power_20260923T024053Z_7c7f5f05_trial_3,stencil_1d-67108864-256,3,stencil_1d,workload,cuda,gpu_board
2026-09-23T02:47:26.622404+00:00,1790131646.622404,3582917.369281347,0.03563523292541504,GPU-91e942dc-edbb-7f2a-9cea-167356bbd86a,NVIDIA H100 80GB HBM3,481.68,100.0,84.0,1980.0,2619.0,48.0,power_20260923T024053Z_7c7f5f05,power_20260923T024053Z_7c7f5f05_trial_3,stencil_1d-67108864-256,3,stencil_1d,workload,cuda,gpu_board
2026-09-23T02:47:26.857301+00:00,1790131646.8573012,3582917.6041759187,0.03384876251220703,GPU-91e942dc-edbb-7f2a-9cea-167356bbd86a,NVIDIA H100 80GB HBM3,481.67,100.0,84.0,1980.0,2619.0,48.0,power_20260923T024053Z_7c7f5f05,power_20260923T024053Z_7c7f5f05_trial_3,stencil_1d-67108864-256,3,stencil_1d,workload,cuda,gpu_board
2026-09-23T02:47:27.092759+00:00,1790131647.0927587,3582917.8396350713,0.03679704666137695,GPU-91e942dc-edbb-7f2a-9cea-167356bbd86a,NVIDIA H100 80GB HBM3,481.66,100.0,84.0,1980.0,2619.0,48.0,power_20260923T024053Z_7c7f5f05,power_20260923T024053Z_7c7f5f05_trial_3,stencil_1d-67108864-256,3,stencil_1d,workload,cuda,gpu_board
2026-09-23T02:47:27.327817+00:00,1790131647.3278167,3582918.0746912756,0.03302478790283203,GPU-91e942dc-edbb-7f2a-9cea-167356bbd86a,NVIDIA H100 80GB HBM3,481.7,100.0,84.0,1980.0,2619.0,48.0,power_20260923T024053Z_7c7f5f05,power_20260923T024053Z_7c7f5f05_trial_3,stencil_1d-67108864-256,3,stencil_1d,workload,cuda,gpu_board
2026-09-23T02:47:27.562759+00:00,1790131647.5627594,3582918.309636957,0.03659510612487793,GPU-91e942dc-edbb-7f2a-9cea-167356bbd86a,NVIDIA H100 80GB HBM3,481.77,100.0,84.0,1980.0,2619.0,48.0,power_20260923T024053Z_7c7f5f05,power_20260923T024053Z_7c7f5f05_trial_3,stencil_1d-67108864-256,3,stencil_1d,workload,cuda,gpu_board
2026-09-23T02:47:27.797857+00:00,1790131647.7978573,3582918.5447329734,0.033293962478637695,GPU-91e942dc-edbb-7f2a-9cea-167356bbd86a,NVIDIA H100 80GB HBM3,481.8,100.0,84.0,1980.0,2619.0,48.0,power_20260923T024053Z_7c7f5f05,power_20260923T024053Z_7c7f5f05_trial_3,stencil_1d-67108864-256,3,stencil_1d,workload,cuda,gpu_board
2026-09-23T02:47:28.033001+00:00,1790131648.0330014,3582918.7798772026,0.0366971492767334,GPU-91e942dc-edbb-7f2a-9cea-167356bbd86a,NVIDIA H100 80GB HBM3,481.87,100.0,84.0,1980.0,2619.0,48.0,power_20260923T024053Z_7c7f5f05,power_20260923T024053Z_7c7f5f05_trial_3,stencil_1d-67108864-256,3,stencil_1d,workload,cuda,gpu_board
2026-09-23T02:47:28.268249+00:00,1790131648.2682486,3582919.015128346,0.03350710868835449,GPU-91e942dc-edbb-7f2a-9cea-167356bbd86a,NVIDIA H100 80GB HBM3,481.93,100.0,84.0,1980.0,2619.0,48.0,power_20260923T024053Z_7c7f5f05,power_20260923T024053Z_7c7f5f05_trial_3,stencil_1d-67108864-256,3,stencil_1d,workload,cuda,gpu_board
2026-09-23T02:47:28.503294+00:00,1790131648.503294,3582919.250170109,0.03622770309448242,GPU-91e942dc-edbb-7f2a-9cea-167356bbd86a,NVIDIA H100 80GB HBM3,481.94,100.0,84.0,1980.0,2619.0,48.0,power_20260923T024053Z_7c7f5f05,power_20260923T024053Z_7c7f5f05_trial_3,stencil_1d-67108864-256,3,stencil_1d,workload,cuda,gpu_board
2026-09-23T02:47:28.737787+00:00,1790131648.7377865,3582919.484661325,0.032470703125,GPU-91e942dc-edbb-7f2a-9cea-167356bbd86a,NVIDIA H100 80GB HBM3,481.98,100.0,84.0,1980.0,2619.0,48.0,power_20260923T024053Z_7c7f5f05,power_20260923T024053Z_7c7f5f05_trial_3,stencil_1d-67108864-256,3,stencil_1d,workload,cuda,gpu_board
2026-09-23T02:47:28.972178+00:00,1790131648.972178,3582919.719054278,0.03602886199951172,GPU-91e942dc-edbb-7f2a-9cea-167356bbd86a,NVIDIA H100 80GB HBM3,482.02,100.0,84.0,1980.0,2619.0,48.0,power_20260923T024053Z_7c7f5f05,power_20260923T024053Z_7c7f5f05_trial_3,stencil_1d-67108864-256,3,stencil_1d,workload,cuda,gpu_board
2026-09-23T02:47:29.207140+00:00,1790131649.2071404,3582919.9540155185,0.03360128402709961,GPU-91e942dc-edbb-7f2a-9cea-167356bbd86a,NVIDIA H100 80GB HBM3,482.04,100.0,84.0,1980.0,2619.0,48.0,power_20260923T024053Z_7c7f5f05,power_20260923T024053Z_7c7f5f05_trial_3,stencil_1d-67108864-256,3,stencil_1d,workload,cuda,gpu_board
2026-09-23T02:47:29.442086+00:00,1790131649.4420862,3582920.1889611213,0.03600430488586426,GPU-91e942dc-edbb-7f2a-9cea-167356bbd86a,NVIDIA H100 80GB HBM3,482.07,100.0,84.0,1980.0,2619.0,48.0,power_20260923T024053Z_7c7f5f05,power_20260923T024053Z_7c7f5f05_trial_3,stencil_1d-67108864-256,3,stencil_1d,workload,cuda,gpu_board
2026-09-23T02:47:29.676858+00:00,1790131649.676858,3582920.423732212,0.03326010704040527,GPU-91e942dc-edbb-7f2a-9cea-167356bbd86a,NVIDIA H100 80GB HBM3,482.12,100.0,84.0,1980.0,2619.0,48.0,power_20260923T024053Z_7c7f5f05,power_20260923T024053Z_7c7f5f05_trial_3,stencil_1d-67108864-256,3,stencil_1d,workload,cuda,gpu_board
2026-09-23T02:47:29.911720+00:00,1790131649.9117198,3582920.6586005827,0.03615212440490723,GPU-91e942dc-edbb-7f2a-9cea-167356bbd86a,NVIDIA H100 80GB HBM3,482.1,100.0,84.0,1980.0,2619.0,48.0,power_20260923T024053Z_7c7f5f05,power_20260923T024053Z_7c7f5f05_trial_3,stencil_1d-67108864-256,3,stencil_1d,workload,cuda,gpu_board
2026-09-23T02:47:30.146805+00:00,1790131650.1468053,3582920.8936831225,0.0336916446685791,GPU-91e942dc-edbb-7f2a-9cea-167356bbd86a,NVIDIA H100 80GB HBM3,482.1,100.0,84.0,1980.0,2619.0,48.0,power_20260923T024053Z_7c7f5f05,power_20260923T024053Z_7c7f5f05_trial_3,stencil_1d-67108864-256,3,stencil_1d,workload,cuda,gpu_board
2026-09-23T02:47:30.381588+00:00,1790131650.3815877,3582921.1284634415,0.03555011749267578,GPU-91e942dc-edbb-7f2a-9cea-167356bbd86a,NVIDIA H100 80GB HBM3,482.12,100.0,84.0,1980.0,2619.0,48.0,power_20260923T024053Z_7c7f5f05,power_20260923T024053Z_7c7f5f05_trial_3,stencil_1d-67108864-256,3,stencil_1d,workload,cuda,gpu_board
2026-09-23T02:47:30.616209+00:00,1790131650.6162086,3582921.363084499,0.03340268135070801,GPU-91e942dc-edbb-7f2a-9cea-167356bbd86a,NVIDIA H100 80GB HBM3,482.14,100.0,84.0,1980.0,2619.0,48.0,power_20260923T024053Z_7c7f5f05,power_20260923T024053Z_7c7f5f05_trial_3,stencil_1d-67108864-256,3,stencil_1d,workload,cuda,gpu_board
2026-09-23T02:47:30.851305+00:00,1790131650.8513048,3582921.598180118,0.036478519439697266,GPU-91e942dc-edbb-7f2a-9cea-167356bbd86a,NVIDIA H100 80GB HBM3,482.17,100.0,84.0,1980.0,2619.0,48.0,power_20260923T024053Z_7c7f5f05,power_20260923T024053Z_7c7f5f05_trial_3,stencil_1d-67108864-256,3,stencil_1d,workload,cuda,gpu_board
2026-09-23T02:47:31.086643+00:00,1790131651.0866427,3582921.833519684,0.03390693664550781,GPU-91e942dc-edbb-7f2a-9cea-167356bbd86a,NVIDIA H100 80GB HBM3,482.2,100.0,84.0,1980.0,2619.0,48.0,power_20260923T024053Z_7c7f5f05,power_20260923T024053Z_7c7f5f05_trial_3,stencil_1d-67108864-256,3,stencil_1d,workload,cuda,gpu_board
2026-09-23T02:47:31.329406+00:00,1790131651.3294065,3582922.0762869986,0.0513157844543457,GPU-91e942dc-edbb-7f2a-9cea-167356bbd86a,NVIDIA H100 80GB HBM3,482.23,100.0,84.0,1980.0,2619.0,49.0,power_20260923T024053Z_7c7f5f05,power_20260923T024053Z_7c7f5f05_trial_3,stencil_1d-67108864-256,3,stencil_1d,workload,cuda,gpu_board
2026-09-23T02:47:31.571872+00:00,1790131651.5718722,3582922.3187487186,0.03326225280761719,GPU-91e942dc-edbb-7f2a-9cea-167356bbd86a,NVIDIA H100 80GB HBM3,482.25,100.0,84.0,1980.0,2619.0,49.0,power_20260923T024053Z_7c7f5f05,power_20260923T024053Z_7c7f5f05_trial_3,stencil_1d-67108864-256,3,stencil_1d,workload,cuda,gpu_board
2026-09-23T02:47:31.806973+00:00,1790131651.8069725,3582922.5538490433,0.0366368293762207,GPU-91e942dc-edbb-7f2a-9cea-167356bbd86a,NVIDIA H100 80GB HBM3,482.24,100.0,84.0,1980.0,2619.0,49.0,power_20260923T024053Z_7c7f5f05,power_20260923T024053Z_7c7f5f05_trial_3,stencil_1d-67108864-256,3,stencil_1d,workload,cuda,gpu_board
2026-09-23T02:47:32.042072+00:00,1790131652.042072,3582922.7889468195,0.033269405364990234,GPU-91e942dc-edbb-7f2a-9cea-167356bbd86a,NVIDIA H100 80GB HBM3,482.33,100.0,84.0,1980.0,2619.0,49.0,power_20260923T024053Z_7c7f5f05,power_20260923T024053Z_7c7f5f05_trial_3,stencil_1d-67108864-256,3,stencil_1d,workload,cuda,gpu_board
2026-09-23T02:47:32.277252+00:00,1790131652.2772522,3582923.024127883,0.036814212799072266,GPU-91e942dc-edbb-7f2a-9cea-167356bbd86a,NVIDIA H100 80GB HBM3,482.39,100.0,84.0,1980.0,2619.0,49.0,power_20260923T024053Z_7c7f5f05,power_20260923T024053Z_7c7f5f05_trial_3,stencil_1d-67108864-256,3,stencil_1d,workload,cuda,gpu_board
2026-09-23T02:47:32.511930+00:00,1790131652.51193,3582923.258803051,0.03225207328796387,GPU-91e942dc-edbb-7f2a-9cea-167356bbd86a,NVIDIA H100 80GB HBM3,482.39,100.0,84.0,1980.0,2619.0,49.0,power_20260923T024053Z_7c7f5f05,power_20260923T024053Z_7c7f5f05_trial_3,stencil_1d-67108864-256,3,stencil_1d,workload,cuda,gpu_board
2026-09-23T02:47:32.746606+00:00,1790131652.7466063,3582923.4934818717,0.036835432052612305,GPU-91e942dc-edbb-7f2a-9cea-167356bbd86a,NVIDIA H100 80GB HBM3,482.41,100.0,84.0,1980.0,2619.0,49.0,power_20260923T024053Z_7c7f5f05,power_20260923T024053Z_7c7f5f05_trial_3,stencil_1d-67108864-256,3,stencil_1d,workload,cuda,gpu_board
2026-09-23T02:47:32.982037+00:00,1790131652.982037,3582923.7289126227,0.03377652168273926,GPU-91e942dc-edbb-7f2a-9cea-167356bbd86a,NVIDIA H100 80GB HBM3,482.42,100.0,84.0,1980.0,2619.0,49.0,power_20260923T024053Z_7c7f5f05,power_20260923T024053Z_7c7f5f05_trial_3,stencil_1d-67108864-256,3,stencil_1d,workload,cuda,gpu_board
2026-09-23T02:47:33.216882+00:00,1790131653.2168822,3582923.9637578456,0.03561806678771973,GPU-91e942dc-edbb-7f2a-9cea-167356bbd86a,NVIDIA H100 80GB HBM3,482.45,100.0,84.0,1980.0,2619.0,49.0,power_20260923T024053Z_7c7f5f05,power_20260923T024053Z_7c7f5f05_trial_3,stencil_1d-67108864-256,3,stencil_1d,workload,cuda,gpu_board
2026-09-23T02:47:33.451406+00:00,1790131653.4514058,3582924.198280644,0.0331425666809082,GPU-91e942dc-edbb-7f2a-9cea-167356bbd86a,NVIDIA H100 80GB HBM3,482.47,100.0,84.0,1980.0,2619.0,49.0,power_20260923T024053Z_7c7f5f05,power_20260923T024053Z_7c7f5f05_trial_3,stencil_1d-67108864-256,3,stencil_1d,workload,cuda,gpu_board
2026-09-23T02:47:33.686186+00:00,1790131653.6861856,3582924.4330612835,0.036142826080322266,GPU-91e942dc-edbb-7f2a-9cea-167356bbd86a,NVIDIA H100 80GB HBM3,482.48,100.0,84.0,1980.0,2619.0,49.0,power_20260923T024053Z_7c7f5f05,power_20260923T024053Z_7c7f5f05_trial_3,stencil_1d-67108864-256,3,stencil_1d,workload,cuda,gpu_board
2026-09-23T02:47:33.960006+00:00,1790131653.9600065,3582924.706882263,0.11120796203613281,GPU-91e942dc-edbb-7f2a-9cea-167356bbd86a,NVIDIA H100 80GB HBM3,474.29,100.0,84.0,1980.0,2619.0,47.0,power_20260923T024053Z_7c7f5f05,power_20260923T024053Z_7c7f5f05_trial_3,stencil_1d-67108864-256,3,stencil_1d,workload,cuda,gpu_board
2026-09-23T02:47:34.230681+00:00,1790131654.2306807,3582924.9775537085,0.029832839965820312,GPU-91e942dc-edbb-7f2a-9cea-167356bbd86a,NVIDIA H100 80GB HBM3,381.47,2.0,0.0,1980.0,2619.0,43.0,power_20260923T024053Z_7c7f5f05,power_20260923T024053Z_7c7f5f05_trial_3,vector_add-67108864-256,3,vector_add,idle,cuda,gpu_board
2026-09-23T02:47:34.459987+00:00,1790131654.4599872,3582925.20685846,0.02853226661682129,GPU-91e942dc-edbb-7f2a-9cea-167356bbd86a,NVIDIA H100 80GB HBM3,288.24,0.0,0.0,1980.0,2619.0,42.0,power_20260923T024053Z_7c7f5f05,power_20260923T024053Z_7c7f5f05_trial_3,vector_add-67108864-256,3,vector_add,idle,cuda,gpu_board
2026-09-23T02:47:34.691511+00:00,1790131654.691511,3582925.4383865064,0.034293174743652344,GPU-91e942dc-edbb-7f2a-9cea-167356bbd86a,NVIDIA H100 80GB HBM3,220.89,0.0,0.0,1980.0,2619.0,41.0,power_20260923T024053Z_7c7f5f05,power_20260923T024053Z_7c7f5f05_trial_3,vector_add-67108864-256,3,vector_add,idle,cuda,gpu_board
2026-09-23T02:47:34.925014+00:00,1790131654.9250145,3582925.6718935105,0.032422542572021484,GPU-91e942dc-edbb-7f2a-9cea-167356bbd86a,NVIDIA H100 80GB HBM3,166.3,0.0,0.0,1980.0,2619.0,41.0,power_20260923T024053Z_7c7f5f05,power_20260923T024053Z_7c7f5f05_trial_3,vector_add-67108864-256,3,vector_add,idle,cuda,gpu_board
2026-09-23T02:47:35.156450+00:00,1790131655.1564496,3582925.9033226287,0.030108928680419922,GPU-91e942dc-edbb-7f2a-9cea-167356bbd86a,NVIDIA H100 80GB HBM3,165.08,0.0,0.0,1980.0,2619.0,41.0,power_20260923T024053Z_7c7f5f05,power_20260923T024053Z_7c7f5f05_trial_3,vector_add-67108864-256,3,vector_add,idle,cuda,gpu_board
2026-09-23T02:47:35.385964+00:00,1790131655.385964,3582926.132835773,0.028676986694335938,GPU-91e942dc-edbb-7f2a-9cea-167356bbd86a,NVIDIA H100 80GB HBM3,164.78,0.0,0.0,1980.0,2619.0,41.0,power_20260923T024053Z_7c7f5f05,power_20260923T024053Z_7c7f5f05_trial_3,vector_add-67108864-256,3,vector_add,idle,cuda,gpu_board
2026-09-23T02:47:35.615914+00:00,1790131655.6159139,3582926.36278582,0.03098464012145996,GPU-91e942dc-edbb-7f2a-9cea-167356bbd86a,NVIDIA H100 80GB HBM3,164.59,0.0,0.0,1980.0,2619.0,40.0,power_20260923T024053Z_7c7f5f05,power_20260923T024053Z_7c7f5f05_trial_3,vector_add-67108864-256,3,vector_add,idle,cuda,gpu_board
2026-09-23T02:47:35.847212+00:00,1790131655.8472116,3582926.594085807,0.031366825103759766,GPU-91e942dc-edbb-7f2a-9cea-167356bbd86a,NVIDIA H100 80GB HBM3,149.11,0.0,0.0,435.0,2619.0,39.0,power_20260923T024053Z_7c7f5f05,power_20260923T024053Z_7c7f5f05_trial_3,vector_add-67108864-256,3,vector_add,idle,cuda,gpu_board
2026-09-23T02:47:36.078819+00:00,1790131656.0788188,3582926.825693835,0.03155016899108887,GPU-91e942dc-edbb-7f2a-9cea-167356bbd86a,NVIDIA H100 80GB HBM3,136.13,0.0,0.0,405.0,2619.0,38.0,power_20260923T024053Z_7c7f5f05,power_20260923T024053Z_7c7f5f05_trial_3,vector_add-67108864-256,3,vector_add,idle,cuda,gpu_board
2026-09-23T02:47:36.310418+00:00,1790131656.3104177,3582927.0572896237,0.03136610984802246,GPU-91e942dc-edbb-7f2a-9cea-167356bbd86a,NVIDIA H100 80GB HBM3,123.1,0.0,0.0,360.0,2619.0,38.0,power_20260923T024053Z_7c7f5f05,power_20260923T024053Z_7c7f5f05_trial_3,vector_add-67108864-256,3,vector_add,idle,cuda,gpu_board
2026-09-23T02:47:36.543260+00:00,1790131656.54326,3582927.290133795,0.03406929969787598,GPU-91e942dc-edbb-7f2a-9cea-167356bbd86a,NVIDIA H100 80GB HBM3,103.51,0.0,0.0,345.0,2619.0,38.0,power_20260923T024053Z_7c7f5f05,power_20260923T024053Z_7c7f5f05_trial_3,vector_add-67108864-256,3,vector_add,idle,cuda,gpu_board
2026-09-23T02:47:36.784263+00:00,1790131656.7842627,3582927.531135072,0.04767632484436035,GPU-91e942dc-edbb-7f2a-9cea-167356bbd86a,NVIDIA H100 80GB HBM3,99.25,0.0,0.0,345.0,2619.0,38.0,power_20260923T024053Z_7c7f5f05,power_20260923T024053Z_7c7f5f05_trial_3,vector_add-67108864-256,3,vector_add,idle,cuda,gpu_board
2026-09-23T02:47:37.023632+00:00,1790131657.0236318,3582927.7705029678,0.030818462371826172,GPU-91e942dc-edbb-7f2a-9cea-167356bbd86a,NVIDIA H100 80GB HBM3,99.01,0.0,0.0,345.0,2619.0,38.0,power_20260923T024053Z_7c7f5f05,power_20260923T024053Z_7c7f5f05_trial_3,vector_add-67108864-256,3,vector_add,idle,cuda,gpu_board
2026-09-23T02:47:37.255029+00:00,1790131657.2550292,3582928.0019013565,0.03174567222595215,GPU-91e942dc-edbb-7f2a-9cea-167356bbd86a,NVIDIA H100 80GB HBM3,98.72,0.0,0.0,345.0,2619.0,38.0,power_20260923T024053Z_7c7f5f05,power_20260923T024053Z_7c7f5f05_trial_3,vector_add-67108864-256,3,vector_add,idle,cuda,gpu_board
2026-09-23T02:47:37.486241+00:00,1790131657.4862409,3582928.2331118183,0.030462026596069336,GPU-91e942dc-edbb-7f2a-9cea-167356bbd86a,NVIDIA H100 80GB HBM3,98.65,0.0,0.0,345.0,2619.0,37.0,power_20260923T024053Z_7c7f5f05,power_20260923T024053Z_7c7f5f05_trial_3,vector_add-67108864-256,3,vector_add,idle,cuda,gpu_board
2026-09-23T02:47:37.735503+00:00,1790131657.7355032,3582928.48238464,0.06785106658935547,GPU-91e942dc-edbb-7f2a-9cea-167356bbd86a,NVIDIA H100 80GB HBM3,98.61,0.0,0.0,345.0,2619.0,37.0,power_20260923T024053Z_7c7f5f05,power_20260923T024053Z_7c7f5f05_trial_3,vector_add-67108864-256,3,vector_add,idle,cuda,gpu_board
2026-09-23T02:47:37.986510+00:00,1790131657.9865098,3582928.7333864532,0.03378629684448242,GPU-91e942dc-edbb-7f2a-9cea-167356bbd86a,NVIDIA H100 80GB HBM3,98.55,0.0,0.0,345.0,2619.0,37.0,power_20260923T024053Z_7c7f5f05,power_20260923T024053Z_7c7f5f05_trial_3,vector_add-67108864-256,3,vector_add,idle,cuda,gpu_board
2026-09-23T02:47:38.220424+00:00,1790131658.2204244,3582928.9672983037,0.033742427825927734,GPU-91e942dc-edbb-7f2a-9cea-167356bbd86a,NVIDIA H100 80GB HBM3,98.51,0.0,0.0,345.0,2619.0,37.0,power_20260923T024053Z_7c7f5f05,power_20260923T024053Z_7c7f5f05_trial_3,vector_add-67108864-256,3,vector_add,workload,cuda,gpu_board
2026-09-23T02:47:38.552005+00:00,1790131658.5520046,3582929.2988788765,0.2291707992553711,GPU-91e942dc-edbb-7f2a-9cea-167356bbd86a,NVIDIA H100 80GB HBM3,98.47,0.0,0.0,345.0,2619.0,37.0,power_20260923T024053Z_7c7f5f05,power_20260923T024053Z_7c7f5f05_trial_3,vector_add-67108864-256,3,vector_add,workload,cuda,gpu_board
2026-09-23T02:47:38.884852+00:00,1790131658.8848517,3582929.6317274296,0.036244869232177734,GPU-91e942dc-edbb-7f2a-9cea-167356bbd86a,NVIDIA H100 80GB HBM3,113.52,36.0,24.0,1980.0,2619.0,38.0,power_20260923T024053Z_7c7f5f05,power_20260923T024053Z_7c7f5f05_trial_3,vector_add-67108864-256,3,vector_add,workload,cuda,gpu_board
2026-09-23T02:47:39.134836+00:00,1790131659.1348364,3582929.8817120437,0.0634298324584961,GPU-91e942dc-edbb-7f2a-9cea-167356bbd86a,NVIDIA H100 80GB HBM3,184.6,100.0,100.0,1980.0,2619.0,41.0,power_20260923T024053Z_7c7f5f05,power_20260923T024053Z_7c7f5f05_trial_3,vector_add-67108864-256,3,vector_add,workload,cuda,gpu_board
2026-09-23T02:47:39.385177+00:00,1790131659.3851771,3582930.132053277,0.03697562217712402,GPU-91e942dc-edbb-7f2a-9cea-167356bbd86a,NVIDIA H100 80GB HBM3,288.61,100.0,100.0,1980.0,2619.0,43.0,power_20260923T024053Z_7c7f5f05,power_20260923T024053Z_7c7f5f05_trial_3,vector_add-67108864-256,3,vector_add,workload,cuda,gpu_board
2026-09-23T02:47:39.637675+00:00,1790131659.6376748,3582930.384555334,0.06772708892822266,GPU-91e942dc-edbb-7f2a-9cea-167356bbd86a,NVIDIA H100 80GB HBM3,359.21,100.0,100.0,1980.0,2619.0,43.0,power_20260923T024053Z_7c7f5f05,power_20260923T024053Z_7c7f5f05_trial_3,vector_add-67108864-256,3,vector_add,workload,cuda,gpu_board
2026-09-23T02:47:39.890989+00:00,1790131659.8909893,3582930.6378673743,0.038549184799194336,GPU-91e942dc-edbb-7f2a-9cea-167356bbd86a,NVIDIA H100 80GB HBM3,457.21,100.0,100.0,1980.0,2619.0,44.0,power_20260923T024053Z_7c7f5f05,power_20260923T024053Z_7c7f5f05_trial_3,vector_add-67108864-256,3,vector_add,workload,cuda,gpu_board
2026-09-23T02:47:40.130129+00:00,1790131660.1301289,3582930.877007989,0.039412736892700195,GPU-91e942dc-edbb-7f2a-9cea-167356bbd86a,NVIDIA H100 80GB HBM3,458.61,100.0,100.0,1980.0,2619.0,44.0,power_20260923T024053Z_7c7f5f05,power_20260923T024053Z_7c7f5f05_trial_3,vector_add-67108864-256,3,vector_add,workload,cuda,gpu_board
2026-09-23T02:47:40.368496+00:00,1790131660.368496,3582931.1153733153,0.03699088096618652,GPU-91e942dc-edbb-7f2a-9cea-167356bbd86a,NVIDIA H100 80GB HBM3,459.05,100.0,100.0,1980.0,2619.0,44.0,power_20260923T024053Z_7c7f5f05,power_20260923T024053Z_7c7f5f05_trial_3,vector_add-67108864-256,3,vector_add,workload,cuda,gpu_board
2026-09-23T02:47:40.606278+00:00,1790131660.6062784,3582931.353152632,0.03826570510864258,GPU-91e942dc-edbb-7f2a-9cea-167356bbd86a,NVIDIA H100 80GB HBM3,459.54,100.0,100.0,1980.0,2619.0,44.0,power_20260923T024053Z_7c7f5f05,power_20260923T024053Z_7c7f5f05_trial_3,vector_add-67108864-256,3,vector_add,workload,cuda,gpu_board
2026-09-23T02:47:40.844527+00:00,1790131660.8445272,3582931.5914038774,0.03790020942687988,GPU-91e942dc-edbb-7f2a-9cea-167356bbd86a,NVIDIA H100 80GB HBM3,459.77,100.0,100.0,1980.0,2619.0,45.0,power_20260923T024053Z_7c7f5f05,power_20260923T024053Z_7c7f5f05_trial_3,vector_add-67108864-256,3,vector_add,workload,cuda,gpu_board
2026-09-23T02:47:41.083777+00:00,1790131661.0837774,3582931.8306543645,0.04030585289001465,GPU-91e942dc-edbb-7f2a-9cea-167356bbd86a,NVIDIA H100 80GB HBM3,460.37,100.0,100.0,1980.0,2619.0,45.0,power_20260923T024053Z_7c7f5f05,power_20260923T024053Z_7c7f5f05_trial_3,vector_add-67108864-256,3,vector_add,workload,cuda,gpu_board
2026-09-23T02:47:41.321917+00:00,1790131661.321917,3582932.0687973294,0.03567695617675781,GPU-91e942dc-edbb-7f2a-9cea-167356bbd86a,NVIDIA H100 80GB HBM3,460.85,100.0,100.0,1980.0,2619.0,45.0,power_20260923T024053Z_7c7f5f05,power_20260923T024053Z_7c7f5f05_trial_3,vector_add-67108864-256,3,vector_add,workload,cuda,gpu_board
2026-09-23T02:47:41.562035+00:00,1790131661.562035,3582932.308917238,0.044164419174194336,GPU-91e942dc-edbb-7f2a-9cea-167356bbd86a,NVIDIA H100 80GB HBM3,461.38,100.0,100.0,1980.0,2619.0,45.0,power_20260923T024053Z_7c7f5f05,power_20260923T024053Z_7c7f5f05_trial_3,vector_add-67108864-256,3,vector_add,workload,cuda,gpu_board
2026-09-23T02:47:41.803862+00:00,1790131661.8038619,3582932.5507423705,0.03913688659667969,GPU-91e942dc-edbb-7f2a-9cea-167356bbd86a,NVIDIA H100 80GB HBM3,461.99,100.0,100.0,1980.0,2619.0,45.0,power_20260923T024053Z_7c7f5f05,power_20260923T024053Z_7c7f5f05_trial_3,vector_add-67108864-256,3,vector_add,workload,cuda,gpu_board
2026-09-23T02:47:42.042223+00:00,1790131662.0422227,3582932.7890966097,0.037230491638183594,GPU-91e942dc-edbb-7f2a-9cea-167356bbd86a,NVIDIA H100 80GB HBM3,462.29,100.0,100.0,1980.0,2619.0,45.0,power_20260923T024053Z_7c7f5f05,power_20260923T024053Z_7c7f5f05_trial_3,vector_add-67108864-256,3,vector_add,workload,cuda,gpu_board
2026-09-23T02:47:42.280137+00:00,1790131662.280137,3582933.0270088934,0.03834128379821777,GPU-91e942dc-edbb-7f2a-9cea-167356bbd86a,NVIDIA H100 80GB HBM3,462.38,100.0,100.0,1980.0,2619.0,45.0,power_20260923T024053Z_7c7f5f05,power_20260923T024053Z_7c7f5f05_trial_3,vector_add-67108864-256,3,vector_add,workload,cuda,gpu_board
2026-09-23T02:47:42.518300+00:00,1790131662.5183,3582933.2651784923,0.03774523735046387,GPU-91e942dc-edbb-7f2a-9cea-167356bbd86a,NVIDIA H100 80GB HBM3,462.16,100.0,100.0,1980.0,2619.0,45.0,power_20260923T024053Z_7c7f5f05,power_20260923T024053Z_7c7f5f05_trial_3,vector_add-67108864-256,3,vector_add,workload,cuda,gpu_board
2026-09-23T02:47:42.756163+00:00,1790131662.7561626,3582933.5030357246,0.03765082359313965,GPU-91e942dc-edbb-7f2a-9cea-167356bbd86a,NVIDIA H100 80GB HBM3,461.79,100.0,100.0,1980.0,2619.0,45.0,power_20260923T024053Z_7c7f5f05,power_20260923T024053Z_7c7f5f05_trial_3,vector_add-67108864-256,3,vector_add,workload,cuda,gpu_board
2026-09-23T02:47:42.992174+00:00,1790131662.9921737,3582933.7390481057,0.03412365913391113,GPU-91e942dc-edbb-7f2a-9cea-167356bbd86a,NVIDIA H100 80GB HBM3,461.3,100.0,100.0,1980.0,2619.0,45.0,power_20260923T024053Z_7c7f5f05,power_20260923T024053Z_7c7f5f05_trial_3,vector_add-67108864-256,3,vector_add,workload,cuda,gpu_board
2026-09-23T02:47:43.227992+00:00,1790131663.227992,3582933.9748646254,0.037244558334350586,GPU-91e942dc-edbb-7f2a-9cea-167356bbd86a,NVIDIA H100 80GB HBM3,460.9,100.0,100.0,1980.0,2619.0,45.0,power_20260923T024053Z_7c7f5f05,power_20260923T024053Z_7c7f5f05_trial_3,vector_add-67108864-256,3,vector_add,workload,cuda,gpu_board
2026-09-23T02:47:43.464910+00:00,1790131663.4649098,3582934.2117882175,0.03634071350097656,GPU-91e942dc-edbb-7f2a-9cea-167356bbd86a,NVIDIA H100 80GB HBM3,460.61,100.0,100.0,1980.0,2619.0,45.0,power_20260923T024053Z_7c7f5f05,power_20260923T024053Z_7c7f5f05_trial_3,vector_add-67108864-256,3,vector_add,workload,cuda,gpu_board
2026-09-23T02:47:43.701498+00:00,1790131663.7014976,3582934.4483711766,0.03650188446044922,GPU-91e942dc-edbb-7f2a-9cea-167356bbd86a,NVIDIA H100 80GB HBM3,460.69,100.0,100.0,1980.0,2619.0,45.0,power_20260923T024053Z_7c7f5f05,power_20260923T024053Z_7c7f5f05_trial_3,vector_add-67108864-256,3,vector_add,workload,cuda,gpu_board
2026-09-23T02:47:43.938190+00:00,1790131663.9381895,3582934.685068787,0.0366365909576416,GPU-91e942dc-edbb-7f2a-9cea-167356bbd86a,NVIDIA H100 80GB HBM3,460.76,100.0,100.0,1980.0,2619.0,46.0,power_20260923T024053Z_7c7f5f05,power_20260923T024053Z_7c7f5f05_trial_3,vector_add-67108864-256,3,vector_add,workload,cuda,gpu_board
2026-09-23T02:47:44.175203+00:00,1790131664.1752026,3582934.9220768632,0.037052154541015625,GPU-91e942dc-edbb-7f2a-9cea-167356bbd86a,NVIDIA H100 80GB HBM3,460.86,100.0,100.0,1980.0,2619.0,46.0,power_20260923T024053Z_7c7f5f05,power_20260923T024053Z_7c7f5f05_trial_3,vector_add-67108864-256,3,vector_add,workload,cuda,gpu_board
2026-09-23T02:47:44.410936+00:00,1790131664.410936,3582935.157812006,0.03415250778198242,GPU-91e942dc-edbb-7f2a-9cea-167356bbd86a,NVIDIA H100 80GB HBM3,460.89,100.0,100.0,1980.0,2619.0,46.0,power_20260923T024053Z_7c7f5f05,power_20260923T024053Z_7c7f5f05_trial_3,vector_add-67108864-256,3,vector_add,workload,cuda,gpu_board
2026-09-23T02:47:44.646818+00:00,1790131664.6468182,3582935.3936962956,0.03732943534851074,GPU-91e942dc-edbb-7f2a-9cea-167356bbd86a,NVIDIA H100 80GB HBM3,460.89,100.0,100.0,1980.0,2619.0,46.0,power_20260923T024053Z_7c7f5f05,power_20260923T024053Z_7c7f5f05_trial_3,vector_add-67108864-256,3,vector_add,workload,cuda,gpu_board
2026-09-23T02:47:44.883797+00:00,1790131664.8837967,3582935.6306777056,0.03631901741027832,GPU-91e942dc-edbb-7f2a-9cea-167356bbd86a,NVIDIA H100 80GB HBM3,460.95,100.0,100.0,1980.0,2619.0,46.0,power_20260923T024053Z_7c7f5f05,power_20260923T024053Z_7c7f5f05_trial_3,vector_add-67108864-256,3,vector_add,workload,cuda,gpu_board
2026-09-23T02:47:45.121145+00:00,1790131665.1211448,3582935.868019975,0.03799271583557129,GPU-91e942dc-edbb-7f2a-9cea-167356bbd86a,NVIDIA H100 80GB HBM3,461.0,100.0,100.0,1980.0,2619.0,46.0,power_20260923T024053Z_7c7f5f05,power_20260923T024053Z_7c7f5f05_trial_3,vector_add-67108864-256,3,vector_add,workload,cuda,gpu_board
2026-09-23T02:47:45.357732+00:00,1790131665.357732,3582936.1046090527,0.03491687774658203,GPU-91e942dc-edbb-7f2a-9cea-167356bbd86a,NVIDIA H100 80GB HBM3,461.1,100.0,100.0,1980.0,2619.0,46.0,power_20260923T024053Z_7c7f5f05,power_20260923T024053Z_7c7f5f05_trial_3,vector_add-67108864-256,3,vector_add,workload,cuda,gpu_board
2026-09-23T02:47:45.594478+00:00,1790131665.594478,3582936.3413519403,0.03826618194580078,GPU-91e942dc-edbb-7f2a-9cea-167356bbd86a,NVIDIA H100 80GB HBM3,461.18,100.0,100.0,1980.0,2619.0,46.0,power_20260923T024053Z_7c7f5f05,power_20260923T024053Z_7c7f5f05_trial_3,vector_add-67108864-256,3,vector_add,workload,cuda,gpu_board
2026-09-23T02:47:45.831149+00:00,1790131665.831149,3582936.578023362,0.034807682037353516,GPU-91e942dc-edbb-7f2a-9cea-167356bbd86a,NVIDIA H100 80GB HBM3,461.22,100.0,100.0,1980.0,2619.0,46.0,power_20260923T024053Z_7c7f5f05,power_20260923T024053Z_7c7f5f05_trial_3,vector_add-67108864-256,3,vector_add,workload,cuda,gpu_board
2026-09-23T02:47:46.067640+00:00,1790131666.0676398,3582936.814514041,0.03790783882141113,GPU-91e942dc-edbb-7f2a-9cea-167356bbd86a,NVIDIA H100 80GB HBM3,461.23,100.0,100.0,1980.0,2619.0,46.0,power_20260923T024053Z_7c7f5f05,power_20260923T024053Z_7c7f5f05_trial_3,vector_add-67108864-256,3,vector_add,workload,cuda,gpu_board
2026-09-23T02:47:46.304450+00:00,1790131666.30445,3582937.0513271578,0.035457611083984375,GPU-91e942dc-edbb-7f2a-9cea-167356bbd86a,NVIDIA H100 80GB HBM3,461.32,100.0,100.0,1980.0,2619.0,46.0,power_20260923T024053Z_7c7f5f05,power_20260923T024053Z_7c7f5f05_trial_3,vector_add-67108864-256,3,vector_add,workload,cuda,gpu_board
2026-09-23T02:47:46.541141+00:00,1790131666.5411406,3582937.288013793,0.037595510482788086,GPU-91e942dc-edbb-7f2a-9cea-167356bbd86a,NVIDIA H100 80GB HBM3,461.39,100.0,100.0,1980.0,2619.0,46.0,power_20260923T024053Z_7c7f5f05,power_20260923T024053Z_7c7f5f05_trial_3,vector_add-67108864-256,3,vector_add,workload,cuda,gpu_board
2026-09-23T02:47:46.777661+00:00,1790131666.7776613,3582937.524539124,0.03520035743713379,GPU-91e942dc-edbb-7f2a-9cea-167356bbd86a,NVIDIA H100 80GB HBM3,461.41,100.0,100.0,1980.0,2619.0,46.0,power_20260923T024053Z_7c7f5f05,power_20260923T024053Z_7c7f5f05_trial_3,vector_add-67108864-256,3,vector_add,workload,cuda,gpu_board
2026-09-23T02:47:47.014477+00:00,1790131667.0144773,3582937.7613507677,0.03810715675354004,GPU-91e942dc-edbb-7f2a-9cea-167356bbd86a,NVIDIA H100 80GB HBM3,461.48,100.0,100.0,1980.0,2619.0,46.0,power_20260923T024053Z_7c7f5f05,power_20260923T024053Z_7c7f5f05_trial_3,vector_add-67108864-256,3,vector_add,workload,cuda,gpu_board
2026-09-23T02:47:47.252202+00:00,1790131667.252202,3582937.9990780666,0.03710198402404785,GPU-91e942dc-edbb-7f2a-9cea-167356bbd86a,NVIDIA H100 80GB HBM3,461.5,100.0,100.0,1980.0,2619.0,46.0,power_20260923T024053Z_7c7f5f05,power_20260923T024053Z_7c7f5f05_trial_3,vector_add-67108864-256,3,vector_add,workload,cuda,gpu_board
2026-09-23T02:47:47.489478+00:00,1790131667.489478,3582938.2363501433,0.037156105041503906,GPU-91e942dc-edbb-7f2a-9cea-167356bbd86a,NVIDIA H100 80GB HBM3,461.5,100.0,100.0,1980.0,2619.0,46.0,power_20260923T024053Z_7c7f5f05,power_20260923T024053Z_7c7f5f05_trial_3,vector_add-67108864-256,3,vector_add,workload,cuda,gpu_board
2026-09-23T02:47:47.725386+00:00,1790131667.7253857,3582938.4722586237,0.034484148025512695,GPU-91e942dc-edbb-7f2a-9cea-167356bbd86a,NVIDIA H100 80GB HBM3,461.56,100.0,100.0,1980.0,2619.0,46.0,power_20260923T024053Z_7c7f5f05,power_20260923T024053Z_7c7f5f05_trial_3,vector_add-67108864-256,3,vector_add,workload,cuda,gpu_board
2026-09-23T02:47:47.961582+00:00,1790131667.961582,3582938.708455308,0.03766059875488281,GPU-91e942dc-edbb-7f2a-9cea-167356bbd86a,NVIDIA H100 80GB HBM3,461.58,100.0,100.0,1980.0,2619.0,46.0,power_20260923T024053Z_7c7f5f05,power_20260923T024053Z_7c7f5f05_trial_3,vector_add-67108864-256,3,vector_add,workload,cuda,gpu_board
2026-09-23T02:47:48.197976+00:00,1790131668.1979756,3582938.94485278,0.03486466407775879,GPU-91e942dc-edbb-7f2a-9cea-167356bbd86a,NVIDIA H100 80GB HBM3,461.59,100.0,100.0,1980.0,2619.0,46.0,power_20260923T024053Z_7c7f5f05,power_20260923T024053Z_7c7f5f05_trial_3,vector_add-67108864-256,3,vector_add,workload,cuda,gpu_board
2026-09-23T02:47:48.434321+00:00,1790131668.4343214,3582939.181194884,0.037526607513427734,GPU-91e942dc-edbb-7f2a-9cea-167356bbd86a,NVIDIA H100 80GB HBM3,461.7,100.0,100.0,1980.0,2619.0,46.0,power_20260923T024053Z_7c7f5f05,power_20260923T024053Z_7c7f5f05_trial_3,vector_add-67108864-256,3,vector_add,workload,cuda,gpu_board
2026-09-23T02:47:48.670872+00:00,1790131668.6708722,3582939.417746012,0.035311222076416016,GPU-91e942dc-edbb-7f2a-9cea-167356bbd86a,NVIDIA H100 80GB HBM3,461.69,100.0,100.0,1980.0,2619.0,46.0,power_20260923T024053Z_7c7f5f05,power_20260923T024053Z_7c7f5f05_trial_3,vector_add-67108864-256,3,vector_add,workload,cuda,gpu_board
2026-09-23T02:47:48.907542+00:00,1790131668.9075415,3582939.6544138268,0.037761688232421875,GPU-91e942dc-edbb-7f2a-9cea-167356bbd86a,NVIDIA H100 80GB HBM3,461.73,100.0,100.0,1980.0,2619.0,46.0,power_20260923T024053Z_7c7f5f05,power_20260923T024053Z_7c7f5f05_trial_3,vector_add-67108864-256,3,vector_add,workload,cuda,gpu_board
2026-09-23T02:47:49.144176+00:00,1790131669.144176,3582939.891048435,0.03526115417480469,GPU-91e942dc-edbb-7f2a-9cea-167356bbd86a,NVIDIA H100 80GB HBM3,461.74,100.0,100.0,1980.0,2619.0,46.0,power_20260923T024053Z_7c7f5f05,power_20260923T024053Z_7c7f5f05_trial_3,vector_add-67108864-256,3,vector_add,workload,cuda,gpu_board
2026-09-23T02:47:49.381002+00:00,1790131669.3810022,3582940.1278740307,0.038138389587402344,GPU-91e942dc-edbb-7f2a-9cea-167356bbd86a,NVIDIA H100 80GB HBM3,461.82,100.0,100.0,1980.0,2619.0,46.0,power_20260923T024053Z_7c7f5f05,power_20260923T024053Z_7c7f5f05_trial_3,vector_add-67108864-256,3,vector_add,workload,cuda,gpu_board
2026-09-23T02:47:49.617696+00:00,1790131669.6176958,3582940.364567776,0.03501439094543457,GPU-91e942dc-edbb-7f2a-9cea-167356bbd86a,NVIDIA H100 80GB HBM3,461.81,100.0,100.0,1980.0,2619.0,46.0,power_20260923T024053Z_7c7f5f05,power_20260923T024053Z_7c7f5f05_trial_3,vector_add-67108864-256,3,vector_add,workload,cuda,gpu_board
2026-09-23T02:47:49.854462+00:00,1790131669.8544617,3582940.6013424965,0.03827500343322754,GPU-91e942dc-edbb-7f2a-9cea-167356bbd86a,NVIDIA H100 80GB HBM3,461.88,100.0,100.0,1980.0,2619.0,46.0,power_20260923T024053Z_7c7f5f05,power_20260923T024053Z_7c7f5f05_trial_3,vector_add-67108864-256,3,vector_add,workload,cuda,gpu_board
2026-09-23T02:47:50.091759+00:00,1790131670.0917587,3582940.8386355266,0.035974740982055664,GPU-91e942dc-edbb-7f2a-9cea-167356bbd86a,NVIDIA H100 80GB HBM3,461.89,100.0,100.0,1980.0,2619.0,46.0,power_20260923T024053Z_7c7f5f05,power_20260923T024053Z_7c7f5f05_trial_3,vector_add-67108864-256,3,vector_add,workload,cuda,gpu_board
2026-09-23T02:47:50.328826+00:00,1790131670.328826,3582941.0756999115,0.037851810455322266,GPU-91e942dc-edbb-7f2a-9cea-167356bbd86a,NVIDIA H100 80GB HBM3,461.85,100.0,100.0,1980.0,2619.0,46.0,power_20260923T024053Z_7c7f5f05,power_20260923T024053Z_7c7f5f05_trial_3,vector_add-67108864-256,3,vector_add,workload,cuda,gpu_board
2026-09-23T02:47:50.565267+00:00,1790131670.5652666,3582941.3121460266,0.03477048873901367,GPU-91e942dc-edbb-7f2a-9cea-167356bbd86a,NVIDIA H100 80GB HBM3,461.87,100.0,100.0,1980.0,2619.0,46.0,power_20260923T024053Z_7c7f5f05,power_20260923T024053Z_7c7f5f05_trial_3,vector_add-67108864-256,3,vector_add,workload,cuda,gpu_board
2026-09-23T02:47:50.801428+00:00,1790131670.8014283,3582941.5483019957,0.0371861457824707,GPU-91e942dc-edbb-7f2a-9cea-167356bbd86a,NVIDIA H100 80GB HBM3,461.94,100.0,100.0,1980.0,2619.0,46.0,power_20260923T024053Z_7c7f5f05,power_20260923T024053Z_7c7f5f05_trial_3,vector_add-67108864-256,3,vector_add,workload,cuda,gpu_board
2026-09-23T02:47:51.037576+00:00,1790131671.0375762,3582941.7844533385,0.03486156463623047,GPU-91e942dc-edbb-7f2a-9cea-167356bbd86a,NVIDIA H100 80GB HBM3,461.93,100.0,100.0,1980.0,2619.0,46.0,power_20260923T024053Z_7c7f5f05,power_20260923T024053Z_7c7f5f05_trial_3,vector_add-67108864-256,3,vector_add,workload,cuda,gpu_board
2026-09-23T02:47:51.274060+00:00,1790131671.2740598,3582942.0209328793,0.03779006004333496,GPU-91e942dc-edbb-7f2a-9cea-167356bbd86a,NVIDIA H100 80GB HBM3,462.01,100.0,100.0,1980.0,2619.0,46.0,power_20260923T024053Z_7c7f5f05,power_20260923T024053Z_7c7f5f05_trial_3,vector_add-67108864-256,3,vector_add,workload,cuda,gpu_board
2026-09-23T02:47:51.510715+00:00,1790131671.510715,3582942.257590755,0.03527379035949707,GPU-91e942dc-edbb-7f2a-9cea-167356bbd86a,NVIDIA H100 80GB HBM3,461.95,100.0,100.0,1980.0,2619.0,46.0,power_20260923T024053Z_7c7f5f05,power_20260923T024053Z_7c7f5f05_trial_3,vector_add-67108864-256,3,vector_add,workload,cuda,gpu_board
2026-09-23T02:47:51.747918+00:00,1790131671.7479181,3582942.4947904143,0.03885507583618164,GPU-91e942dc-edbb-7f2a-9cea-167356bbd86a,NVIDIA H100 80GB HBM3,461.98,100.0,100.0,1980.0,2619.0,46.0,power_20260923T024053Z_7c7f5f05,power_20260923T024053Z_7c7f5f05_trial_3,vector_add-67108864-256,3,vector_add,workload,cuda,gpu_board
2026-09-23T02:47:51.984899+00:00,1790131671.9848988,3582942.7317723017,0.034870147705078125,GPU-91e942dc-edbb-7f2a-9cea-167356bbd86a,NVIDIA H100 80GB HBM3,462.02,100.0,100.0,1980.0,2619.0,46.0,power_20260923T024053Z_7c7f5f05,power_20260923T024053Z_7c7f5f05_trial_3,vector_add-67108864-256,3,vector_add,workload,cuda,gpu_board
2026-09-23T02:47:52.221126+00:00,1790131672.2211256,3582942.968004424,0.03732109069824219,GPU-91e942dc-edbb-7f2a-9cea-167356bbd86a,NVIDIA H100 80GB HBM3,462.09,100.0,100.0,1980.0,2619.0,47.0,power_20260923T024053Z_7c7f5f05,power_20260923T024053Z_7c7f5f05_trial_3,vector_add-67108864-256,3,vector_add,workload,cuda,gpu_board
2026-09-23T02:47:52.457406+00:00,1790131672.4574063,3582943.204281373,0.03490591049194336,GPU-91e942dc-edbb-7f2a-9cea-167356bbd86a,NVIDIA H100 80GB HBM3,462.11,100.0,100.0,1980.0,2619.0,47.0,power_20260923T024053Z_7c7f5f05,power_20260923T024053Z_7c7f5f05_trial_3,vector_add-67108864-256,3,vector_add,workload,cuda,gpu_board
2026-09-23T02:47:52.693860+00:00,1790131672.6938598,3582943.440735516,0.03772115707397461,GPU-91e942dc-edbb-7f2a-9cea-167356bbd86a,NVIDIA H100 80GB HBM3,462.24,100.0,100.0,1980.0,2619.0,47.0,power_20260923T024053Z_7c7f5f05,power_20260923T024053Z_7c7f5f05_trial_3,vector_add-67108864-256,3,vector_add,workload,cuda,gpu_board
2026-09-23T02:47:52.930592+00:00,1790131672.9305923,3582943.677467219,0.03546571731567383,GPU-91e942dc-edbb-7f2a-9cea-167356bbd86a,NVIDIA H100 80GB HBM3,462.26,100.0,100.0,1980.0,2619.0,47.0,power_20260923T024053Z_7c7f5f05,power_20260923T024053Z_7c7f5f05_trial_3,vector_add-67108864-256,3,vector_add,workload,cuda,gpu_board
2026-09-23T02:47:53.167431+00:00,1790131673.167431,3582943.9143063095,0.03792524337768555,GPU-91e942dc-edbb-7f2a-9cea-167356bbd86a,NVIDIA H100 80GB HBM3,462.22,100.0,100.0,1980.0,2619.0,47.0,power_20260923T024053Z_7c7f5f05,power_20260923T024053Z_7c7f5f05_trial_3,vector_add-67108864-256,3,vector_add,workload,cuda,gpu_board
2026-09-23T02:47:53.404529+00:00,1790131673.404529,3582944.1514043757,0.03598904609680176,GPU-91e942dc-edbb-7f2a-9cea-167356bbd86a,NVIDIA H100 80GB HBM3,462.31,100.0,100.0,1980.0,2619.0,47.0,power_20260923T024053Z_7c7f5f05,power_20260923T024053Z_7c7f5f05_trial_3,vector_add-67108864-256,3,vector_add,workload,cuda,gpu_board
2026-09-23T02:47:53.641933+00:00,1790131673.641933,3582944.388810718,0.03854823112487793,GPU-91e942dc-edbb-7f2a-9cea-167356bbd86a,NVIDIA H100 80GB HBM3,462.32,100.0,100.0,1980.0,2619.0,47.0,power_20260923T024053Z_7c7f5f05,power_20260923T024053Z_7c7f5f05_trial_3,vector_add-67108864-256,3,vector_add,workload,cuda,gpu_board
2026-09-23T02:47:53.879044+00:00,1790131673.8790436,3582944.625919941,0.035375356674194336,GPU-91e942dc-edbb-7f2a-9cea-167356bbd86a,NVIDIA H100 80GB HBM3,462.31,100.0,100.0,1980.0,2619.0,47.0,power_20260923T024053Z_7c7f5f05,power_20260923T024053Z_7c7f5f05_trial_3,vector_add-67108864-256,3,vector_add,workload,cuda,gpu_board
2026-09-23T02:47:54.128593+00:00,1790131674.1285927,3582944.8754738537,0.06342601776123047,GPU-91e942dc-edbb-7f2a-9cea-167356bbd86a,NVIDIA H100 80GB HBM3,407.14,0.0,0.0,1980.0,2619.0,44.0,power_20260923T024053Z_7c7f5f05,power_20260923T024053Z_7c7f5f05_trial_3,vector_add-67108864-256,3,vector_add,workload,cuda,gpu_board
2026-09-23T02:47:54.376372+00:00,1790131674.3763719,3582945.123248844,0.031777143478393555,GPU-91e942dc-edbb-7f2a-9cea-167356bbd86a,NVIDIA H100 80GB HBM3,350.17,0.0,0.0,1980.0,2619.0,42.0,power_20260923T024053Z_7c7f5f05,power_20260923T024053Z_7c7f5f05_trial_3,gemm_naive-2048-16,3,gemm_naive,idle,cuda,gpu_board
2026-09-23T02:47:54.607443+00:00,1790131674.6074433,3582945.3543167524,0.030057907104492188,GPU-91e942dc-edbb-7f2a-9cea-167356bbd86a,NVIDIA H100 80GB HBM3,262.79,0.0,0.0,1980.0,2619.0,41.0,power_20260923T024053Z_7c7f5f05,power_20260923T024053Z_7c7f5f05_trial_3,gemm_naive-2048-16,3,gemm_naive,idle,cuda,gpu_board
2026-09-23T02:47:54.838149+00:00,1790131674.8381486,3582945.585025236,0.031054973602294922,GPU-91e942dc-edbb-7f2a-9cea-167356bbd86a,NVIDIA H100 80GB HBM3,204.47,0.0,0.0,1980.0,2619.0,41.0,power_20260923T024053Z_7c7f5f05,power_20260923T024053Z_7c7f5f05_trial_3,gemm_naive-2048-16,3,gemm_naive,idle,cuda,gpu_board
2026-09-23T02:47:55.068769+00:00,1790131675.0687692,3582945.8156419992,0.02988290786743164,GPU-91e942dc-edbb-7f2a-9cea-167356bbd86a,NVIDIA H100 80GB HBM3,165.23,0.0,0.0,1980.0,2619.0,41.0,power_20260923T024053Z_7c7f5f05,power_20260923T024053Z_7c7f5f05_trial_3,gemm_naive-2048-16,3,gemm_naive,idle,cuda,gpu_board
2026-09-23T02:47:55.298458+00:00,1790131675.2984576,3582946.045331318,0.029248952865600586,GPU-91e942dc-edbb-7f2a-9cea-167356bbd86a,NVIDIA H100 80GB HBM3,164.74,0.0,0.0,1980.0,2619.0,41.0,power_20260923T024053Z_7c7f5f05,power_20260923T024053Z_7c7f5f05_trial_3,gemm_naive-2048-16,3,gemm_naive,idle,cuda,gpu_board
2026-09-23T02:47:55.527649+00:00,1790131675.5276494,3582946.274521784,0.02887892723083496,GPU-91e942dc-edbb-7f2a-9cea-167356bbd86a,NVIDIA H100 80GB HBM3,164.5,0.0,0.0,1980.0,2619.0,40.0,power_20260923T024053Z_7c7f5f05,power_20260923T024053Z_7c7f5f05_trial_3,gemm_naive-2048-16,3,gemm_naive,idle,cuda,gpu_board
2026-09-23T02:47:55.759604+00:00,1790131675.759604,3582946.5064840857,0.03478670120239258,GPU-91e942dc-edbb-7f2a-9cea-167356bbd86a,NVIDIA H100 80GB HBM3,164.32,0.0,0.0,1980.0,2619.0,40.0,power_20260923T024053Z_7c7f5f05,power_20260923T024053Z_7c7f5f05_trial_3,gemm_naive-2048-16,3,gemm_naive,idle,cuda,gpu_board
2026-09-23T02:47:55.994351+00:00,1790131675.9943514,3582946.7412302615,0.03436088562011719,GPU-91e942dc-edbb-7f2a-9cea-167356bbd86a,NVIDIA H100 80GB HBM3,151.3,0.0,0.0,375.0,2619.0,39.0,power_20260923T024053Z_7c7f5f05,power_20260923T024053Z_7c7f5f05_trial_3,gemm_naive-2048-16,3,gemm_naive,idle,cuda,gpu_board
2026-09-23T02:47:56.227943+00:00,1790131676.2279434,3582946.9748164387,0.03248286247253418,GPU-91e942dc-edbb-7f2a-9cea-167356bbd86a,NVIDIA H100 80GB HBM3,138.29,0.0,0.0,345.0,2619.0,39.0,power_20260923T024053Z_7c7f5f05,power_20260923T024053Z_7c7f5f05_trial_3,gemm_naive-2048-16,3,gemm_naive,idle,cuda,gpu_board
2026-09-23T02:47:56.460424+00:00,1790131676.460424,3582947.2072965344,0.03222775459289551,GPU-91e942dc-edbb-7f2a-9cea-167356bbd86a,NVIDIA H100 80GB HBM3,125.3,0.0,0.0,345.0,2619.0,38.0,power_20260923T024053Z_7c7f5f05,power_20260923T024053Z_7c7f5f05_trial_3,gemm_naive-2048-16,3,gemm_naive,idle,cuda,gpu_board
2026-09-23T02:47:56.692237+00:00,1790131676.692237,3582947.439108667,0.031161069869995117,GPU-91e942dc-edbb-7f2a-9cea-167356bbd86a,NVIDIA H100 80GB HBM3,112.3,0.0,0.0,345.0,2619.0,38.0,power_20260923T024053Z_7c7f5f05,power_20260923T024053Z_7c7f5f05_trial_3,gemm_naive-2048-16,3,gemm_naive,idle,cuda,gpu_board
2026-09-23T02:47:56.923226+00:00,1790131676.9232259,3582947.670097135,0.03058624267578125,GPU-91e942dc-edbb-7f2a-9cea-167356bbd86a,NVIDIA H100 80GB HBM3,99.08,0.0,0.0,345.0,2619.0,38.0,power_20260923T024053Z_7c7f5f05,power_20260923T024053Z_7c7f5f05_trial_3,gemm_naive-2048-16,3,gemm_naive,idle,cuda,gpu_board
2026-09-23T02:47:57.154098+00:00,1790131677.154098,3582947.900969501,0.030939817428588867,GPU-91e942dc-edbb-7f2a-9cea-167356bbd86a,NVIDIA H100 80GB HBM3,98.89,0.0,0.0,345.0,2619.0,38.0,power_20260923T024053Z_7c7f5f05,power_20260923T024053Z_7c7f5f05_trial_3,gemm_naive-2048-16,3,gemm_naive,idle,cuda,gpu_board
2026-09-23T02:47:57.388098+00:00,1790131677.3880982,3582948.1349787395,0.03683924674987793,GPU-91e942dc-edbb-7f2a-9cea-167356bbd86a,NVIDIA H100 80GB HBM3,98.79,0.0,0.0,345.0,2619.0,38.0,power_20260923T024053Z_7c7f5f05,power_20260923T024053Z_7c7f5f05_trial_3,gemm_naive-2048-16,3,gemm_naive,idle,cuda,gpu_board
2026-09-23T02:47:57.622840+00:00,1790131677.6228404,3582948.3697146093,0.03229784965515137,GPU-91e942dc-edbb-7f2a-9cea-167356bbd86a,NVIDIA H100 80GB HBM3,98.68,0.0,0.0,345.0,2619.0,37.0,power_20260923T024053Z_7c7f5f05,power_20260923T024053Z_7c7f5f05_trial_3,gemm_naive-2048-16,3,gemm_naive,idle,cuda,gpu_board
2026-09-23T02:47:57.854863+00:00,1790131677.8548632,3582948.6017349134,0.031476736068725586,GPU-91e942dc-edbb-7f2a-9cea-167356bbd86a,NVIDIA H100 80GB HBM3,98.66,0.0,0.0,345.0,2619.0,37.0,power_20260923T024053Z_7c7f5f05,power_20260923T024053Z_7c7f5f05_trial_3,gemm_naive-2048-16,3,gemm_naive,idle,cuda,gpu_board
2026-09-23T02:47:58.086193+00:00,1790131678.0861926,3582948.8330634376,0.03096461296081543,GPU-91e942dc-edbb-7f2a-9cea-167356bbd86a,NVIDIA H100 80GB HBM3,98.6,0.0,0.0,345.0,2619.0,37.0,power_20260923T024053Z_7c7f5f05,power_20260923T024053Z_7c7f5f05_trial_3,gemm_naive-2048-16,3,gemm_naive,idle,cuda,gpu_board
2026-09-23T02:47:58.406932+00:00,1790131678.4069324,3582949.153808154,0.2102975845336914,GPU-91e942dc-edbb-7f2a-9cea-167356bbd86a,NVIDIA H100 80GB HBM3,98.53,0.0,0.0,345.0,2619.0,37.0,power_20260923T024053Z_7c7f5f05,power_20260923T024053Z_7c7f5f05_trial_3,gemm_naive-2048-16,3,gemm_naive,workload,cuda,gpu_board
2026-09-23T02:47:58.728092+00:00,1790131678.728092,3582949.4749677917,0.031707763671875,GPU-91e942dc-edbb-7f2a-9cea-167356bbd86a,NVIDIA H100 80GB HBM3,123.71,24.0,0.0,1980.0,2619.0,43.0,power_20260923T024053Z_7c7f5f05,power_20260923T024053Z_7c7f5f05_trial_3,gemm_naive-2048-16,3,gemm_naive,workload,cuda,gpu_board
2026-09-23T02:47:58.961187+00:00,1790131678.9611874,3582949.7080617826,0.034185171127319336,GPU-91e942dc-edbb-7f2a-9cea-167356bbd86a,NVIDIA H100 80GB HBM3,196.76,100.0,0.0,1980.0,2619.0,46.0,power_20260923T024053Z_7c7f5f05,power_20260923T024053Z_7c7f5f05_trial_3,gemm_naive-2048-16,3,gemm_naive,workload,cuda,gpu_board
2026-09-23T02:47:59.194044+00:00,1790131679.1940439,3582949.9409170346,0.031262874603271484,GPU-91e942dc-edbb-7f2a-9cea-167356bbd86a,NVIDIA H100 80GB HBM3,269.41,100.0,0.0,1980.0,2619.0,47.0,power_20260923T024053Z_7c7f5f05,power_20260923T024053Z_7c7f5f05_trial_3,gemm_naive-2048-16,3,gemm_naive,workload,cuda,gpu_board
2026-09-23T02:47:59.427160+00:00,1790131679.4271595,3582950.1740326034,0.0347137451171875,GPU-91e942dc-edbb-7f2a-9cea-167356bbd86a,NVIDIA H100 80GB HBM3,374.19,100.0,0.0,1980.0,2619.0,48.0,power_20260923T024053Z_7c7f5f05,power_20260923T024053Z_7c7f5f05_trial_3,gemm_naive-2048-16,3,gemm_naive,workload,cuda,gpu_board
2026-09-23T02:47:59.660307+00:00,1790131679.660307,3582950.407179764,0.03132891654968262,GPU-91e942dc-edbb-7f2a-9cea-167356bbd86a,NVIDIA H100 80GB HBM3,446.92,100.0,0.0,1980.0,2619.0,49.0,power_20260923T024053Z_7c7f5f05,power_20260923T024053Z_7c7f5f05_trial_3,gemm_naive-2048-16,3,gemm_naive,workload,cuda,gpu_board
2026-09-23T02:47:59.893447+00:00,1790131679.8934474,3582950.6403203327,0.03470277786254883,GPU-91e942dc-edbb-7f2a-9cea-167356bbd86a,NVIDIA H100 80GB HBM3,465.17,100.0,0.0,1980.0,2619.0,49.0,power_20260923T024053Z_7c7f5f05,power_20260923T024053Z_7c7f5f05_trial_3,gemm_naive-2048-16,3,gemm_naive,workload,cuda,gpu_board
2026-09-23T02:48:00.127185+00:00,1790131680.1271846,3582950.8740596026,0.032518863677978516,GPU-91e942dc-edbb-7f2a-9cea-167356bbd86a,NVIDIA H100 80GB HBM3,466.43,100.0,0.0,1980.0,2619.0,50.0,power_20260923T024053Z_7c7f5f05,power_20260923T024053Z_7c7f5f05_trial_3,gemm_naive-2048-16,3,gemm_naive,workload,cuda,gpu_board
2026-09-23T02:48:00.360629+00:00,1790131680.3606288,3582951.1075018053,0.03409290313720703,GPU-91e942dc-edbb-7f2a-9cea-167356bbd86a,NVIDIA H100 80GB HBM3,467.19,100.0,0.0,1980.0,2619.0,50.0,power_20260923T024053Z_7c7f5f05,power_20260923T024053Z_7c7f5f05_trial_3,gemm_naive-2048-16,3,gemm_naive,workload,cuda,gpu_board
2026-09-23T02:48:00.593267+00:00,1790131680.593267,3582951.3401399674,0.030933141708374023,GPU-91e942dc-edbb-7f2a-9cea-167356bbd86a,NVIDIA H100 80GB HBM3,467.99,100.0,0.0,1980.0,2619.0,50.0,power_20260923T024053Z_7c7f5f05,power_20260923T024053Z_7c7f5f05_trial_3,gemm_naive-2048-16,3,gemm_naive,workload,cuda,gpu_board
2026-09-23T02:48:00.826237+00:00,1790131680.8262372,3582951.573116687,0.034706830978393555,GPU-91e942dc-edbb-7f2a-9cea-167356bbd86a,NVIDIA H100 80GB HBM3,469.37,100.0,0.0,1980.0,2619.0,50.0,power_20260923T024053Z_7c7f5f05,power_20260923T024053Z_7c7f5f05_trial_3,gemm_naive-2048-16,3,gemm_naive,workload,cuda,gpu_board
2026-09-23T02:48:01.059363+00:00,1790131681.0593634,3582951.8062409163,0.031203508377075195,GPU-91e942dc-edbb-7f2a-9cea-167356bbd86a,NVIDIA H100 80GB HBM3,469.95,100.0,0.0,1980.0,2619.0,51.0,power_20260923T024053Z_7c7f5f05,power_20260923T024053Z_7c7f5f05_trial_3,gemm_naive-2048-16,3,gemm_naive,workload,cuda,gpu_board
2026-09-23T02:48:01.316513+00:00,1790131681.316513,3582952.063386976,0.08276987075805664,GPU-91e942dc-edbb-7f2a-9cea-167356bbd86a,NVIDIA H100 80GB HBM3,470.52,100.0,0.0,1980.0,2619.0,51.0,power_20260923T024053Z_7c7f5f05,power_20260923T024053Z_7c7f5f05_trial_3,gemm_naive-2048-16,3,gemm_naive,workload,cuda,gpu_board
2026-09-23T02:48:01.574529+00:00,1790131681.5745292,3582952.3214036208,0.03299212455749512,GPU-91e942dc-edbb-7f2a-9cea-167356bbd86a,NVIDIA H100 80GB HBM3,471.05,100.0,0.0,1980.0,2619.0,51.0,power_20260923T024053Z_7c7f5f05,power_20260923T024053Z_7c7f5f05_trial_3,gemm_naive-2048-16,3,gemm_naive,workload,cuda,gpu_board
2026-09-23T02:48:01.808307+00:00,1790131681.8083067,3582952.555179297,0.034293413162231445,GPU-91e942dc-edbb-7f2a-9cea-167356bbd86a,NVIDIA H100 80GB HBM3,470.9,100.0,0.0,1980.0,2619.0,51.0,power_20260923T024053Z_7c7f5f05,power_20260923T024053Z_7c7f5f05_trial_3,gemm_naive-2048-16,3,gemm_naive,workload,cuda,gpu_board
2026-09-23T02:48:02.040927+00:00,1790131682.040927,3582952.787800472,0.030703067779541016,GPU-91e942dc-edbb-7f2a-9cea-167356bbd86a,NVIDIA H100 80GB HBM3,471.01,100.0,0.0,1980.0,2619.0,51.0,power_20260923T024053Z_7c7f5f05,power_20260923T024053Z_7c7f5f05_trial_3,gemm_naive-2048-16,3,gemm_naive,workload,cuda,gpu_board
2026-09-23T02:48:02.273848+00:00,1790131682.273848,3582953.020720415,0.03487396240234375,GPU-91e942dc-edbb-7f2a-9cea-167356bbd86a,NVIDIA H100 80GB HBM3,470.91,100.0,0.0,1980.0,2619.0,51.0,power_20260923T024053Z_7c7f5f05,power_20260923T024053Z_7c7f5f05_trial_3,gemm_naive-2048-16,3,gemm_naive,workload,cuda,gpu_board
2026-09-23T02:48:02.507418+00:00,1790131682.5074177,3582953.254291911,0.03202342987060547,GPU-91e942dc-edbb-7f2a-9cea-167356bbd86a,NVIDIA H100 80GB HBM3,471.07,100.0,0.0,1980.0,2619.0,51.0,power_20260923T024053Z_7c7f5f05,power_20260923T024053Z_7c7f5f05_trial_3,gemm_naive-2048-16,3,gemm_naive,workload,cuda,gpu_board
2026-09-23T02:48:02.740730+00:00,1790131682.7407303,3582953.487602598,0.03433060646057129,GPU-91e942dc-edbb-7f2a-9cea-167356bbd86a,NVIDIA H100 80GB HBM3,471.25,100.0,0.0,1980.0,2619.0,51.0,power_20260923T024053Z_7c7f5f05,power_20260923T024053Z_7c7f5f05_trial_3,gemm_naive-2048-16,3,gemm_naive,workload,cuda,gpu_board
2026-09-23T02:48:02.973689+00:00,1790131682.973689,3582953.72056243,0.031345367431640625,GPU-91e942dc-edbb-7f2a-9cea-167356bbd86a,NVIDIA H100 80GB HBM3,471.05,100.0,0.0,1980.0,2619.0,51.0,power_20260923T024053Z_7c7f5f05,power_20260923T024053Z_7c7f5f05_trial_3,gemm_naive-2048-16,3,gemm_naive,workload,cuda,gpu_board
2026-09-23T02:48:03.207349+00:00,1790131683.2073493,3582953.9542212584,0.03571963310241699,GPU-91e942dc-edbb-7f2a-9cea-167356bbd86a,NVIDIA H100 80GB HBM3,471.57,100.0,0.0,1980.0,2619.0,51.0,power_20260923T024053Z_7c7f5f05,power_20260923T024053Z_7c7f5f05_trial_3,gemm_naive-2048-16,3,gemm_naive,workload,cuda,gpu_board
2026-09-23T02:48:03.441323+00:00,1790131683.4413233,3582954.1881964435,0.03199172019958496,GPU-91e942dc-edbb-7f2a-9cea-167356bbd86a,NVIDIA H100 80GB HBM3,471.48,100.0,0.0,1980.0,2619.0,52.0,power_20260923T024053Z_7c7f5f05,power_20260923T024053Z_7c7f5f05_trial_3,gemm_naive-2048-16,3,gemm_naive,workload,cuda,gpu_board
2026-09-23T02:48:03.672537+00:00,1790131683.6725373,3582954.4194084257,0.030182361602783203,GPU-91e942dc-edbb-7f2a-9cea-167356bbd86a,NVIDIA H100 80GB HBM3,471.74,100.0,0.0,1980.0,2619.0,52.0,power_20260923T024053Z_7c7f5f05,power_20260923T024053Z_7c7f5f05_trial_3,gemm_naive-2048-16,3,gemm_naive,workload,cuda,gpu_board
2026-09-23T02:48:03.905469+00:00,1790131683.905469,3582954.652341271,0.03546476364135742,GPU-91e942dc-edbb-7f2a-9cea-167356bbd86a,NVIDIA H100 80GB HBM3,471.73,100.0,0.0,1980.0,2619.0,52.0,power_20260923T024053Z_7c7f5f05,power_20260923T024053Z_7c7f5f05_trial_3,gemm_naive-2048-16,3,gemm_naive,workload,cuda,gpu_board
2026-09-23T02:48:04.138943+00:00,1790131684.1389427,3582954.885815108,0.031200170516967773,GPU-91e942dc-edbb-7f2a-9cea-167356bbd86a,NVIDIA H100 80GB HBM3,471.94,100.0,0.0,1980.0,2619.0,52.0,power_20260923T024053Z_7c7f5f05,power_20260923T024053Z_7c7f5f05_trial_3,gemm_naive-2048-16,3,gemm_naive,workload,cuda,gpu_board
2026-09-23T02:48:04.371418+00:00,1790131684.3714175,3582955.1182897654,0.033501386642456055,GPU-91e942dc-edbb-7f2a-9cea-167356bbd86a,NVIDIA H100 80GB HBM3,472.46,100.0,0.0,1980.0,2619.0,52.0,power_20260923T024053Z_7c7f5f05,power_20260923T024053Z_7c7f5f05_trial_3,gemm_naive-2048-16,3,gemm_naive,workload,cuda,gpu_board
2026-09-23T02:48:04.603520+00:00,1790131684.6035204,3582955.3503935165,0.030456066131591797,GPU-91e942dc-edbb-7f2a-9cea-167356bbd86a,NVIDIA H100 80GB HBM3,472.14,100.0,0.0,1980.0,2619.0,52.0,power_20260923T024053Z_7c7f5f05,power_20260923T024053Z_7c7f5f05_trial_3,gemm_naive-2048-16,3,gemm_naive,workload,cuda,gpu_board
2026-09-23T02:48:04.835816+00:00,1790131684.8358164,3582955.5826901253,0.033837318420410156,GPU-91e942dc-edbb-7f2a-9cea-167356bbd86a,NVIDIA H100 80GB HBM3,472.41,100.0,0.0,1980.0,2619.0,52.0,power_20260923T024053Z_7c7f5f05,power_20260923T024053Z_7c7f5f05_trial_3,gemm_naive-2048-16,3,gemm_naive,workload,cuda,gpu_board
2026-09-23T02:48:05.068978+00:00,1790131685.0689778,3582955.8158549,0.03223252296447754,GPU-91e942dc-edbb-7f2a-9cea-167356bbd86a,NVIDIA H100 80GB HBM3,472.26,100.0,0.0,1980.0,2619.0,52.0,power_20260923T024053Z_7c7f5f05,power_20260923T024053Z_7c7f5f05_trial_3,gemm_naive-2048-16,3,gemm_naive,workload,cuda,gpu_board
2026-09-23T02:48:05.302020+00:00,1790131685.3020198,3582956.0488925516,0.03353071212768555,GPU-91e942dc-edbb-7f2a-9cea-167356bbd86a,NVIDIA H100 80GB HBM3,472.26,100.0,0.0,1980.0,2619.0,52.0,power_20260923T024053Z_7c7f5f05,power_20260923T024053Z_7c7f5f05_trial_3,gemm_naive-2048-16,3,gemm_naive,workload,cuda,gpu_board
2026-09-23T02:48:05.534342+00:00,1790131685.5343416,3582956.2812149003,0.030872821807861328,GPU-91e942dc-edbb-7f2a-9cea-167356bbd86a,NVIDIA H100 80GB HBM3,472.65,100.0,0.0,1980.0,2619.0,52.0,power_20260923T024053Z_7c7f5f05,power_20260923T024053Z_7c7f5f05_trial_3,gemm_naive-2048-16,3,gemm_naive,workload,cuda,gpu_board
2026-09-23T02:48:05.767243+00:00,1790131685.767243,3582956.5141161946,0.03467297554016113,GPU-91e942dc-edbb-7f2a-9cea-167356bbd86a,NVIDIA H100 80GB HBM3,472.53,100.0,0.0,1980.0,2619.0,52.0,power_20260923T024053Z_7c7f5f05,power_20260923T024053Z_7c7f5f05_trial_3,gemm_naive-2048-16,3,gemm_naive,workload,cuda,gpu_board
2026-09-23T02:48:06.000885+00:00,1790131686.0008845,3582956.747761617,0.03235793113708496,GPU-91e942dc-edbb-7f2a-9cea-167356bbd86a,NVIDIA H100 80GB HBM3,473.0,100.0,0.0,1980.0,2619.0,52.0,power_20260923T024053Z_7c7f5f05,power_20260923T024053Z_7c7f5f05_trial_3,gemm_naive-2048-16,3,gemm_naive,workload,cuda,gpu_board
2026-09-23T02:48:06.234685+00:00,1790131686.2346854,3582956.9815575434,0.034923553466796875,GPU-91e942dc-edbb-7f2a-9cea-167356bbd86a,NVIDIA H100 80GB HBM3,472.97,100.0,0.0,1980.0,2619.0,52.0,power_20260923T024053Z_7c7f5f05,power_20260923T024053Z_7c7f5f05_trial_3,gemm_naive-2048-16,3,gemm_naive,workload,cuda,gpu_board
2026-09-23T02:48:06.467996+00:00,1790131686.4679956,3582957.2148737265,0.03145551681518555,GPU-91e942dc-edbb-7f2a-9cea-167356bbd86a,NVIDIA H100 80GB HBM3,472.86,100.0,0.0,1980.0,2619.0,52.0,power_20260923T024053Z_7c7f5f05,power_20260923T024053Z_7c7f5f05_trial_3,gemm_naive-2048-16,3,gemm_naive,workload,cuda,gpu_board
2026-09-23T02:48:06.701552+00:00,1790131686.7015524,3582957.44842418,0.03532767295837402,GPU-91e942dc-edbb-7f2a-9cea-167356bbd86a,NVIDIA H100 80GB HBM3,472.94,100.0,0.0,1980.0,2619.0,52.0,power_20260923T024053Z_7c7f5f05,power_20260923T024053Z_7c7f5f05_trial_3,gemm_naive-2048-16,3,gemm_naive,workload,cuda,gpu_board
2026-09-23T02:48:06.935024+00:00,1790131686.9350238,3582957.681898725,0.03137946128845215,GPU-91e942dc-edbb-7f2a-9cea-167356bbd86a,NVIDIA H100 80GB HBM3,472.88,100.0,0.0,1980.0,2619.0,52.0,power_20260923T024053Z_7c7f5f05,power_20260923T024053Z_7c7f5f05_trial_3,gemm_naive-2048-16,3,gemm_naive,workload,cuda,gpu_board
2026-09-23T02:48:07.168944+00:00,1790131687.1689444,3582957.9158158097,0.036177635192871094,GPU-91e942dc-edbb-7f2a-9cea-167356bbd86a,NVIDIA H100 80GB HBM3,473.29,100.0,0.0,1980.0,2619.0,52.0,power_20260923T024053Z_7c7f5f05,power_20260923T024053Z_7c7f5f05_trial_3,gemm_naive-2048-16,3,gemm_naive,workload,cuda,gpu_board
2026-09-23T02:48:07.402722+00:00,1790131687.402722,3582958.1495954995,0.03114938735961914,GPU-91e942dc-edbb-7f2a-9cea-167356bbd86a,NVIDIA H100 80GB HBM3,473.12,100.0,0.0,1980.0,2619.0,52.0,power_20260923T024053Z_7c7f5f05,power_20260923T024053Z_7c7f5f05_trial_3,gemm_naive-2048-16,3,gemm_naive,workload,cuda,gpu_board
2026-09-23T02:48:07.635880+00:00,1790131687.6358795,3582958.382751452,0.03489851951599121,GPU-91e942dc-edbb-7f2a-9cea-167356bbd86a,NVIDIA H100 80GB HBM3,473.3,100.0,0.0,1980.0,2619.0,52.0,power_20260923T024053Z_7c7f5f05,power_20260923T024053Z_7c7f5f05_trial_3,gemm_naive-2048-16,3,gemm_naive,workload,cuda,gpu_board
2026-09-23T02:48:07.869569+00:00,1790131687.8695693,3582958.6164427893,0.0322420597076416,GPU-91e942dc-edbb-7f2a-9cea-167356bbd86a,NVIDIA H100 80GB HBM3,473.38,100.0,0.0,1980.0,2619.0,52.0,power_20260923T024053Z_7c7f5f05,power_20260923T024053Z_7c7f5f05_trial_3,gemm_naive-2048-16,3,gemm_naive,workload,cuda,gpu_board
2026-09-23T02:48:08.102750+00:00,1790131688.1027503,3582958.8496222207,0.03386425971984863,GPU-91e942dc-edbb-7f2a-9cea-167356bbd86a,NVIDIA H100 80GB HBM3,473.14,100.0,0.0,1980.0,2619.0,52.0,power_20260923T024053Z_7c7f5f05,power_20260923T024053Z_7c7f5f05_trial_3,gemm_naive-2048-16,3,gemm_naive,workload,cuda,gpu_board
2026-09-23T02:48:08.335892+00:00,1790131688.3358922,3582959.082765232,0.032186031341552734,GPU-91e942dc-edbb-7f2a-9cea-167356bbd86a,NVIDIA H100 80GB HBM3,473.36,100.0,0.0,1980.0,2619.0,52.0,power_20260923T024053Z_7c7f5f05,power_20260923T024053Z_7c7f5f05_trial_3,gemm_naive-2048-16,3,gemm_naive,workload,cuda,gpu_board
2026-09-23T02:48:08.569226+00:00,1790131688.5692263,3582959.3160980605,0.03423333168029785,GPU-91e942dc-edbb-7f2a-9cea-167356bbd86a,NVIDIA H100 80GB HBM3,473.18,100.0,0.0,1980.0,2619.0,52.0,power_20260923T024053Z_7c7f5f05,power_20260923T024053Z_7c7f5f05_trial_3,gemm_naive-2048-16,3,gemm_naive,workload,cuda,gpu_board
2026-09-23T02:48:08.802213+00:00,1790131688.8022132,3582959.5490856953,0.03148937225341797,GPU-91e942dc-edbb-7f2a-9cea-167356bbd86a,NVIDIA H100 80GB HBM3,473.46,100.0,0.0,1980.0,2619.0,52.0,power_20260923T024053Z_7c7f5f05,power_20260923T024053Z_7c7f5f05_trial_3,gemm_naive-2048-16,3,gemm_naive,workload,cuda,gpu_board
2026-09-23T02:48:09.035422+00:00,1790131689.035422,3582959.7822940964,0.03468894958496094,GPU-91e942dc-edbb-7f2a-9cea-167356bbd86a,NVIDIA H100 80GB HBM3,473.5,100.0,0.0,1980.0,2619.0,52.0,power_20260923T024053Z_7c7f5f05,power_20260923T024053Z_7c7f5f05_trial_3,gemm_naive-2048-16,3,gemm_naive,workload,cuda,gpu_board
2026-09-23T02:48:09.268666+00:00,1790131689.2686658,3582960.0155382333,0.03156542778015137,GPU-91e942dc-edbb-7f2a-9cea-167356bbd86a,NVIDIA H100 80GB HBM3,473.4,100.0,0.0,1980.0,2619.0,52.0,power_20260923T024053Z_7c7f5f05,power_20260923T024053Z_7c7f5f05_trial_3,gemm_naive-2048-16,3,gemm_naive,workload,cuda,gpu_board
2026-09-23T02:48:09.500569+00:00,1790131689.5005689,3582960.2474452937,0.03196096420288086,GPU-91e942dc-edbb-7f2a-9cea-167356bbd86a,NVIDIA H100 80GB HBM3,473.67,100.0,0.0,1980.0,2619.0,52.0,power_20260923T024053Z_7c7f5f05,power_20260923T024053Z_7c7f5f05_trial_3,gemm_naive-2048-16,3,gemm_naive,workload,cuda,gpu_board
2026-09-23T02:48:09.734645+00:00,1790131689.734645,3582960.4815238086,0.035851240158081055,GPU-91e942dc-edbb-7f2a-9cea-167356bbd86a,NVIDIA H100 80GB HBM3,473.34,100.0,0.0,1980.0,2619.0,53.0,power_20260923T024053Z_7c7f5f05,power_20260923T024053Z_7c7f5f05_trial_3,gemm_naive-2048-16,3,gemm_naive,workload,cuda,gpu_board
2026-09-23T02:48:09.971142+00:00,1790131689.9711416,3582960.718023427,0.03681230545043945,GPU-91e942dc-edbb-7f2a-9cea-167356bbd86a,NVIDIA H100 80GB HBM3,473.55,100.0,0.0,1980.0,2619.0,53.0,power_20260923T024053Z_7c7f5f05,power_20260923T024053Z_7c7f5f05_trial_3,gemm_naive-2048-16,3,gemm_naive,workload,cuda,gpu_board
2026-09-23T02:48:10.205738+00:00,1790131690.205738,3582960.9526161887,0.032019853591918945,GPU-91e942dc-edbb-7f2a-9cea-167356bbd86a,NVIDIA H100 80GB HBM3,473.36,100.0,0.0,1980.0,2619.0,53.0,power_20260923T024053Z_7c7f5f05,power_20260923T024053Z_7c7f5f05_trial_3,gemm_naive-2048-16,3,gemm_naive,workload,cuda,gpu_board
2026-09-23T02:48:10.439168+00:00,1790131690.439168,3582961.18604229,0.03451871871948242,GPU-91e942dc-edbb-7f2a-9cea-167356bbd86a,NVIDIA H100 80GB HBM3,473.2,100.0,0.0,1980.0,2619.0,53.0,power_20260923T024053Z_7c7f5f05,power_20260923T024053Z_7c7f5f05_trial_3,gemm_naive-2048-16,3,gemm_naive,workload,cuda,gpu_board
2026-09-23T02:48:10.671677+00:00,1790131690.6716766,3582961.4185509915,0.03022313117980957,GPU-91e942dc-edbb-7f2a-9cea-167356bbd86a,NVIDIA H100 80GB HBM3,473.7,100.0,0.0,1980.0,2619.0,53.0,power_20260923T024053Z_7c7f5f05,power_20260923T024053Z_7c7f5f05_trial_3,gemm_naive-2048-16,3,gemm_naive,workload,cuda,gpu_board
2026-09-23T02:48:10.904390+00:00,1790131690.9043903,3582961.6512637753,0.03492856025695801,GPU-91e942dc-edbb-7f2a-9cea-167356bbd86a,NVIDIA H100 80GB HBM3,473.51,100.0,0.0,1980.0,2619.0,53.0,power_20260923T024053Z_7c7f5f05,power_20260923T024053Z_7c7f5f05_trial_3,gemm_naive-2048-16,3,gemm_naive,workload,cuda,gpu_board
2026-09-23T02:48:11.137675+00:00,1790131691.1376748,3582961.884554116,0.03138899803161621,GPU-91e942dc-edbb-7f2a-9cea-167356bbd86a,NVIDIA H100 80GB HBM3,473.95,100.0,0.0,1980.0,2619.0,53.0,power_20260923T024053Z_7c7f5f05,power_20260923T024053Z_7c7f5f05_trial_3,gemm_naive-2048-16,3,gemm_naive,workload,cuda,gpu_board
2026-09-23T02:48:11.370352+00:00,1790131691.3703518,3582962.117226124,0.0336148738861084,GPU-91e942dc-edbb-7f2a-9cea-167356bbd86a,NVIDIA H100 80GB HBM3,474.11,100.0,0.0,1980.0,2619.0,53.0,power_20260923T024053Z_7c7f5f05,power_20260923T024053Z_7c7f5f05_trial_3,gemm_naive-2048-16,3,gemm_naive,workload,cuda,gpu_board
2026-09-23T02:48:11.602618+00:00,1790131691.6026177,3582962.349491962,0.03063225746154785,GPU-91e942dc-edbb-7f2a-9cea-167356bbd86a,NVIDIA H100 80GB HBM3,474.21,100.0,0.0,1980.0,2619.0,53.0,power_20260923T024053Z_7c7f5f05,power_20260923T024053Z_7c7f5f05_trial_3,gemm_naive-2048-16,3,gemm_naive,workload,cuda,gpu_board
2026-09-23T02:48:11.835372+00:00,1790131691.8353724,3582962.582246888,0.0346071720123291,GPU-91e942dc-edbb-7f2a-9cea-167356bbd86a,NVIDIA H100 80GB HBM3,474.5,100.0,0.0,1980.0,2619.0,53.0,power_20260923T024053Z_7c7f5f05,power_20260923T024053Z_7c7f5f05_trial_3,gemm_naive-2048-16,3,gemm_naive,workload,cuda,gpu_board
2026-09-23T02:48:12.068160+00:00,1790131692.06816,3582962.815034239,0.03070807456970215,GPU-91e942dc-edbb-7f2a-9cea-167356bbd86a,NVIDIA H100 80GB HBM3,474.12,100.0,0.0,1980.0,2619.0,53.0,power_20260923T024053Z_7c7f5f05,power_20260923T024053Z_7c7f5f05_trial_3,gemm_naive-2048-16,3,gemm_naive,workload,cuda,gpu_board
2026-09-23T02:48:12.300925+00:00,1790131692.3009248,3582963.0477985074,0.034559011459350586,GPU-91e942dc-edbb-7f2a-9cea-167356bbd86a,NVIDIA H100 80GB HBM3,474.48,100.0,0.0,1980.0,2619.0,53.0,power_20260923T024053Z_7c7f5f05,power_20260923T024053Z_7c7f5f05_trial_3,gemm_naive-2048-16,3,gemm_naive,workload,cuda,gpu_board
2026-09-23T02:48:12.533882+00:00,1790131692.5338821,3582963.2807549625,0.03110480308532715,GPU-91e942dc-edbb-7f2a-9cea-167356bbd86a,NVIDIA H100 80GB HBM3,474.42,100.0,0.0,1980.0,2619.0,53.0,power_20260923T024053Z_7c7f5f05,power_20260923T024053Z_7c7f5f05_trial_3,gemm_naive-2048-16,3,gemm_naive,workload,cuda,gpu_board
2026-09-23T02:48:12.766458+00:00,1790131692.7664576,3582963.5133320997,0.03379654884338379,GPU-91e942dc-edbb-7f2a-9cea-167356bbd86a,NVIDIA H100 80GB HBM3,474.25,100.0,0.0,1980.0,2619.0,53.0,power_20260923T024053Z_7c7f5f05,power_20260923T024053Z_7c7f5f05_trial_3,gemm_naive-2048-16,3,gemm_naive,workload,cuda,gpu_board
2026-09-23T02:48:12.998637+00:00,1790131692.9986372,3582963.745509913,0.03029608726501465,GPU-91e942dc-edbb-7f2a-9cea-167356bbd86a,NVIDIA H100 80GB HBM3,474.4,100.0,0.0,1980.0,2619.0,53.0,power_20260923T024053Z_7c7f5f05,power_20260923T024053Z_7c7f5f05_trial_3,gemm_naive-2048-16,3,gemm_naive,workload,cuda,gpu_board
2026-09-23T02:48:13.230742+00:00,1790131693.2307417,3582963.977614601,0.03366899490356445,GPU-91e942dc-edbb-7f2a-9cea-167356bbd86a,NVIDIA H100 80GB HBM3,473.96,100.0,0.0,1980.0,2619.0,53.0,power_20260923T024053Z_7c7f5f05,power_20260923T024053Z_7c7f5f05_trial_3,gemm_naive-2048-16,3,gemm_naive,workload,cuda,gpu_board
2026-09-23T02:48:13.463577+00:00,1790131693.4635773,3582964.2104490492,0.03175473213195801,GPU-91e942dc-edbb-7f2a-9cea-167356bbd86a,NVIDIA H100 80GB HBM3,474.04,100.0,0.0,1980.0,2619.0,53.0,power_20260923T024053Z_7c7f5f05,power_20260923T024053Z_7c7f5f05_trial_3,gemm_naive-2048-16,3,gemm_naive,workload,cuda,gpu_board
2026-09-23T02:48:13.696204+00:00,1790131693.6962042,3582964.443076466,0.03325486183166504,GPU-91e942dc-edbb-7f2a-9cea-167356bbd86a,NVIDIA H100 80GB HBM3,473.99,100.0,0.0,1980.0,2619.0,53.0,power_20260923T024053Z_7c7f5f05,power_20260923T024053Z_7c7f5f05_trial_3,gemm_naive-2048-16,3,gemm_naive,workload,cuda,gpu_board
2026-09-23T02:48:13.928157+00:00,1790131693.9281566,3582964.67502869,0.030404090881347656,GPU-91e942dc-edbb-7f2a-9cea-167356bbd86a,NVIDIA H100 80GB HBM3,473.64,100.0,0.0,1980.0,2619.0,53.0,power_20260923T024053Z_7c7f5f05,power_20260923T024053Z_7c7f5f05_trial_3,gemm_naive-2048-16,3,gemm_naive,workload,cuda,gpu_board
2026-09-23T02:48:14.186503+00:00,1790131694.186503,3582964.933376707,0.08604931831359863,GPU-91e942dc-edbb-7f2a-9cea-167356bbd86a,NVIDIA H100 80GB HBM3,458.97,96.0,0.0,1980.0,2619.0,49.0,power_20260923T024053Z_7c7f5f05,power_20260923T024053Z_7c7f5f05_trial_3,gemm_naive-2048-16,3,gemm_naive,workload,cuda,gpu_board
2026-09-23T02:48:14.445135+00:00,1790131694.4451346,3582965.192008851,0.03094792366027832,GPU-91e942dc-edbb-7f2a-9cea-167356bbd86a,NVIDIA H100 80GB HBM3,367.54,0.0,0.0,1980.0,2619.0,44.0,power_20260923T024053Z_7c7f5f05,power_20260923T024053Z_7c7f5f05_trial_3,gemm_tiled-2048-16,3,gemm_tiled,idle,cuda,gpu_board
2026-09-23T02:48:14.677227+00:00,1790131694.6772265,3582965.4240996987,0.03297257423400879,GPU-91e942dc-edbb-7f2a-9cea-167356bbd86a,NVIDIA H100 80GB HBM3,305.96,0.0,0.0,1980.0,2619.0,43.0,power_20260923T024053Z_7c7f5f05,power_20260923T024053Z_7c7f5f05_trial_3,gemm_tiled-2048-16,3,gemm_tiled,idle,cuda,gpu_board
2026-09-23T02:48:14.910129+00:00,1790131694.9101286,3582965.657008134,0.032567501068115234,GPU-91e942dc-edbb-7f2a-9cea-167356bbd86a,NVIDIA H100 80GB HBM3,248.88,0.0,0.0,1980.0,2619.0,42.0,power_20260923T024053Z_7c7f5f05,power_20260923T024053Z_7c7f5f05_trial_3,gemm_tiled-2048-16,3,gemm_tiled,idle,cuda,gpu_board
2026-09-23T02:48:15.141611+00:00,1790131695.1416106,3582965.8884832435,0.03005385398864746,GPU-91e942dc-edbb-7f2a-9cea-167356bbd86a,NVIDIA H100 80GB HBM3,167.19,0.0,0.0,1980.0,2619.0,42.0,power_20260923T024053Z_7c7f5f05,power_20260923T024053Z_7c7f5f05_trial_3,gemm_tiled-2048-16,3,gemm_tiled,idle,cuda,gpu_board
2026-09-23T02:48:15.371319+00:00,1790131695.3713188,3582966.1181900394,0.029128313064575195,GPU-91e942dc-edbb-7f2a-9cea-167356bbd86a,NVIDIA H100 80GB HBM3,166.0,0.0,0.0,1980.0,2619.0,41.0,power_20260923T024053Z_7c7f5f05,power_20260923T024053Z_7c7f5f05_trial_3,gemm_tiled-2048-16,3,gemm_tiled,idle,cuda,gpu_board
2026-09-23T02:48:15.600341+00:00,1790131695.6003413,3582966.3472131845,0.028701066970825195,GPU-91e942dc-edbb-7f2a-9cea-167356bbd86a,NVIDIA H100 80GB HBM3,165.52,0.0,0.0,1980.0,2619.0,41.0,power_20260923T024053Z_7c7f5f05,power_20260923T024053Z_7c7f5f05_trial_3,gemm_tiled-2048-16,3,gemm_tiled,idle,cuda,gpu_board
2026-09-23T02:48:15.829961+00:00,1790131695.8299608,3582966.5768364975,0.030269861221313477,GPU-91e942dc-edbb-7f2a-9cea-167356bbd86a,NVIDIA H100 80GB HBM3,165.1,0.0,0.0,1980.0,2619.0,41.0,power_20260923T024053Z_7c7f5f05,power_20260923T024053Z_7c7f5f05_trial_3,gemm_tiled-2048-16,3,gemm_tiled,idle,cuda,gpu_board
2026-09-23T02:48:16.061039+00:00,1790131696.061039,3582966.8079107488,0.031583309173583984,GPU-91e942dc-edbb-7f2a-9cea-167356bbd86a,NVIDIA H100 80GB HBM3,162.45,0.0,0.0,405.0,2619.0,40.0,power_20260923T024053Z_7c7f5f05,power_20260923T024053Z_7c7f5f05_trial_3,gemm_tiled-2048-16,3,gemm_tiled,idle,cuda,gpu_board
2026-09-23T02:48:16.292501+00:00,1790131696.2925014,3582967.0393727636,0.03112006187438965,GPU-91e942dc-edbb-7f2a-9cea-167356bbd86a,NVIDIA H100 80GB HBM3,149.32,0.0,0.0,375.0,2619.0,39.0,power_20260923T024053Z_7c7f5f05,power_20260923T024053Z_7c7f5f05_trial_3,gemm_tiled-2048-16,3,gemm_tiled,idle,cuda,gpu_board
2026-09-23T02:48:16.524317+00:00,1790131696.524317,3582967.271187703,0.03230094909667969,GPU-91e942dc-edbb-7f2a-9cea-167356bbd86a,NVIDIA H100 80GB HBM3,136.21,0.0,0.0,345.0,2619.0,39.0,power_20260923T024053Z_7c7f5f05,power_20260923T024053Z_7c7f5f05_trial_3,gemm_tiled-2048-16,3,gemm_tiled,idle,cuda,gpu_board
2026-09-23T02:48:16.756998+00:00,1790131696.7569976,3582967.503868117,0.03284001350402832,GPU-91e942dc-edbb-7f2a-9cea-167356bbd86a,NVIDIA H100 80GB HBM3,116.49,0.0,0.0,345.0,2619.0,39.0,power_20260923T024053Z_7c7f5f05,power_20260923T024053Z_7c7f5f05_trial_3,gemm_tiled-2048-16,3,gemm_tiled,idle,cuda,gpu_board
2026-09-23T02:48:16.989377+00:00,1790131696.9893765,3582967.736246662,0.0317075252532959,GPU-91e942dc-edbb-7f2a-9cea-167356bbd86a,NVIDIA H100 80GB HBM3,103.41,0.0,0.0,345.0,2619.0,39.0,power_20260923T024053Z_7c7f5f05,power_20260923T024053Z_7c7f5f05_trial_3,gemm_tiled-2048-16,3,gemm_tiled,idle,cuda,gpu_board
2026-09-23T02:48:17.220700+00:00,1790131697.2206998,3582967.96757,0.030739307403564453,GPU-91e942dc-edbb-7f2a-9cea-167356bbd86a,NVIDIA H100 80GB HBM3,99.21,0.0,0.0,345.0,2619.0,38.0,power_20260923T024053Z_7c7f5f05,power_20260923T024053Z_7c7f5f05_trial_3,gemm_tiled-2048-16,3,gemm_tiled,idle,cuda,gpu_board
2026-09-23T02:48:17.451876+00:00,1790131697.451876,3582968.198746628,0.031412601470947266,GPU-91e942dc-edbb-7f2a-9cea-167356bbd86a,NVIDIA H100 80GB HBM3,99.05,0.0,0.0,345.0,2619.0,38.0,power_20260923T024053Z_7c7f5f05,power_20260923T024053Z_7c7f5f05_trial_3,gemm_tiled-2048-16,3,gemm_tiled,idle,cuda,gpu_board
2026-09-23T02:48:17.683837+00:00,1790131697.683837,3582968.4307075236,0.03229951858520508,GPU-91e942dc-edbb-7f2a-9cea-167356bbd86a,NVIDIA H100 80GB HBM3,99.0,0.0,0.0,345.0,2619.0,38.0,power_20260923T024053Z_7c7f5f05,power_20260923T024053Z_7c7f5f05_trial_3,gemm_tiled-2048-16,3,gemm_tiled,idle,cuda,gpu_board
2026-09-23T02:48:17.916056+00:00,1790131697.9160562,3582968.6629268117,0.03193354606628418,GPU-91e942dc-edbb-7f2a-9cea-167356bbd86a,NVIDIA H100 80GB HBM3,98.94,0.0,0.0,345.0,2619.0,38.0,power_20260923T024053Z_7c7f5f05,power_20260923T024053Z_7c7f5f05_trial_3,gemm_tiled-2048-16,3,gemm_tiled,idle,cuda,gpu_board
2026-09-23T02:48:18.147781+00:00,1790131698.1477807,3582968.89465095,0.031313419342041016,GPU-91e942dc-edbb-7f2a-9cea-167356bbd86a,NVIDIA H100 80GB HBM3,98.88,0.0,0.0,345.0,2619.0,38.0,power_20260923T024053Z_7c7f5f05,power_20260923T024053Z_7c7f5f05_trial_3,gemm_tiled-2048-16,3,gemm_tiled,idle,cuda,gpu_board
2026-09-23T02:48:18.472510+00:00,1790131698.4725103,3582969.219388401,0.21793723106384277,GPU-91e942dc-edbb-7f2a-9cea-167356bbd86a,NVIDIA H100 80GB HBM3,98.86,0.0,0.0,345.0,2619.0,38.0,power_20260923T024053Z_7c7f5f05,power_20260923T024053Z_7c7f5f05_trial_3,gemm_tiled-2048-16,3,gemm_tiled,workload,cuda,gpu_board
2026-09-23T02:48:18.798238+00:00,1790131698.7982383,3582969.545113366,0.033202409744262695,GPU-91e942dc-edbb-7f2a-9cea-167356bbd86a,NVIDIA H100 80GB HBM3,104.77,0.0,0.0,1980.0,2619.0,39.0,power_20260923T024053Z_7c7f5f05,power_20260923T024053Z_7c7f5f05_trial_3,gemm_tiled-2048-16,3,gemm_tiled,workload,cuda,gpu_board
2026-09-23T02:48:19.032322+00:00,1790131699.0323224,3582969.7791971876,0.03468585014343262,GPU-91e942dc-edbb-7f2a-9cea-167356bbd86a,NVIDIA H100 80GB HBM3,186.09,100.0,1.0,1980.0,2619.0,44.0,power_20260923T024053Z_7c7f5f05,power_20260923T024053Z_7c7f5f05_trial_3,gemm_tiled-2048-16,3,gemm_tiled,workload,cuda,gpu_board
2026-09-23T02:48:19.266278+00:00,1790131699.2662778,3582970.013151327,0.03295183181762695,GPU-91e942dc-edbb-7f2a-9cea-167356bbd86a,NVIDIA H100 80GB HBM3,241.57,100.0,1.0,1980.0,2619.0,45.0,power_20260923T024053Z_7c7f5f05,power_20260923T024053Z_7c7f5f05_trial_3,gemm_tiled-2048-16,3,gemm_tiled,workload,cuda,gpu_board
2026-09-23T02:48:19.500276+00:00,1790131699.5002763,3582970.2471506726,0.03478670120239258,GPU-91e942dc-edbb-7f2a-9cea-167356bbd86a,NVIDIA H100 80GB HBM3,305.76,100.0,1.0,1980.0,2619.0,46.0,power_20260923T024053Z_7c7f5f05,power_20260923T024053Z_7c7f5f05_trial_3,gemm_tiled-2048-16,3,gemm_tiled,workload,cuda,gpu_board
2026-09-23T02:48:19.734213+00:00,1790131699.7342129,3582970.4810871473,0.03276538848876953,GPU-91e942dc-edbb-7f2a-9cea-167356bbd86a,NVIDIA H100 80GB HBM3,391.9,100.0,1.0,1980.0,2619.0,47.0,power_20260923T024053Z_7c7f5f05,power_20260923T024053Z_7c7f5f05_trial_3,gemm_tiled-2048-16,3,gemm_tiled,workload,cuda,gpu_board
2026-09-23T02:48:19.968582+00:00,1790131699.968582,3582970.7154595125,0.03569459915161133,GPU-91e942dc-edbb-7f2a-9cea-167356bbd86a,NVIDIA H100 80GB HBM3,405.18,100.0,1.0,1980.0,2619.0,47.0,power_20260923T024053Z_7c7f5f05,power_20260923T024053Z_7c7f5f05_trial_3,gemm_tiled-2048-16,3,gemm_tiled,workload,cuda,gpu_board
2026-09-23T02:48:20.202799+00:00,1790131700.2027988,3582970.9496732587,0.032423973083496094,GPU-91e942dc-edbb-7f2a-9cea-167356bbd86a,NVIDIA H100 80GB HBM3,405.85,100.0,1.0,1980.0,2619.0,47.0,power_20260923T024053Z_7c7f5f05,power_20260923T024053Z_7c7f5f05_trial_3,gemm_tiled-2048-16,3,gemm_tiled,workload,cuda,gpu_board
2026-09-23T02:48:20.436254+00:00,1790131700.436254,3582971.1831276612,0.03422069549560547,GPU-91e942dc-edbb-7f2a-9cea-167356bbd86a,NVIDIA H100 80GB HBM3,406.32,100.0,1.0,1980.0,2619.0,48.0,power_20260923T024053Z_7c7f5f05,power_20260923T024053Z_7c7f5f05_trial_3,gemm_tiled-2048-16,3,gemm_tiled,workload,cuda,gpu_board
2026-09-23T02:48:20.669239+00:00,1790131700.6692393,3582971.4161113333,0.03149271011352539,GPU-91e942dc-edbb-7f2a-9cea-167356bbd86a,NVIDIA H100 80GB HBM3,406.97,100.0,1.0,1980.0,2619.0,48.0,power_20260923T024053Z_7c7f5f05,power_20260923T024053Z_7c7f5f05_trial_3,gemm_tiled-2048-16,3,gemm_tiled,workload,cuda,gpu_board
2026-09-23T02:48:20.902833+00:00,1790131700.902833,3582971.6497066254,0.0354006290435791,GPU-91e942dc-edbb-7f2a-9cea-167356bbd86a,NVIDIA H100 80GB HBM3,407.49,100.0,1.0,1980.0,2619.0,48.0,power_20260923T024053Z_7c7f5f05,power_20260923T024053Z_7c7f5f05_trial_3,gemm_tiled-2048-16,3,gemm_tiled,workload,cuda,gpu_board
2026-09-23T02:48:21.136446+00:00,1790131701.136446,3582971.88332327,0.03157973289489746,GPU-91e942dc-edbb-7f2a-9cea-167356bbd86a,NVIDIA H100 80GB HBM3,408.33,100.0,1.0,1980.0,2619.0,48.0,power_20260923T024053Z_7c7f5f05,power_20260923T024053Z_7c7f5f05_trial_3,gemm_tiled-2048-16,3,gemm_tiled,workload,cuda,gpu_board
2026-09-23T02:48:21.369588+00:00,1790131701.369588,3582972.1164603825,0.034386634826660156,GPU-91e942dc-edbb-7f2a-9cea-167356bbd86a,NVIDIA H100 80GB HBM3,408.89,100.0,1.0,1980.0,2619.0,48.0,power_20260923T024053Z_7c7f5f05,power_20260923T024053Z_7c7f5f05_trial_3,gemm_tiled-2048-16,3,gemm_tiled,workload,cuda,gpu_board
2026-09-23T02:48:21.603201+00:00,1790131701.6032014,3582972.350075525,0.03260064125061035,GPU-91e942dc-edbb-7f2a-9cea-167356bbd86a,NVIDIA H100 80GB HBM3,409.18,100.0,1.0,1980.0,2619.0,48.0,power_20260923T024053Z_7c7f5f05,power_20260923T024053Z_7c7f5f05_trial_3,gemm_tiled-2048-16,3,gemm_tiled,workload,cuda,gpu_board
2026-09-23T02:48:21.837049+00:00,1790131701.8370485,3582972.5839208113,0.03483104705810547,GPU-91e942dc-edbb-7f2a-9cea-167356bbd86a,NVIDIA H100 80GB HBM3,409.48,100.0,1.0,1980.0,2619.0,48.0,power_20260923T024053Z_7c7f5f05,power_20260923T024053Z_7c7f5f05_trial_3,gemm_tiled-2048-16,3,gemm_tiled,workload,cuda,gpu_board
2026-09-23T02:48:22.070069+00:00,1790131702.0700688,3582972.8169419216,0.030973196029663086,GPU-91e942dc-edbb-7f2a-9cea-167356bbd86a,NVIDIA H100 80GB HBM3,409.61,100.0,1.0,1980.0,2619.0,48.0,power_20260923T024053Z_7c7f5f05,power_20260923T024053Z_7c7f5f05_trial_3,gemm_tiled-2048-16,3,gemm_tiled,workload,cuda,gpu_board
2026-09-23T02:48:22.303282+00:00,1790131702.3032818,3582973.0501537365,0.03520464897155762,GPU-91e942dc-edbb-7f2a-9cea-167356bbd86a,NVIDIA H100 80GB HBM3,409.61,100.0,1.0,1980.0,2619.0,49.0,power_20260923T024053Z_7c7f5f05,power_20260923T024053Z_7c7f5f05_trial_3,gemm_tiled-2048-16,3,gemm_tiled,workload,cuda,gpu_board
2026-09-23T02:48:22.536743+00:00,1790131702.5367427,3582973.2836151957,0.03148484230041504,GPU-91e942dc-edbb-7f2a-9cea-167356bbd86a,NVIDIA H100 80GB HBM3,409.66,100.0,1.0,1980.0,2619.0,49.0,power_20260923T024053Z_7c7f5f05,power_20260923T024053Z_7c7f5f05_trial_3,gemm_tiled-2048-16,3,gemm_tiled,workload,cuda,gpu_board
2026-09-23T02:48:22.769539+00:00,1790131702.7695386,3582973.5164106023,0.03386354446411133,GPU-91e942dc-edbb-7f2a-9cea-167356bbd86a,NVIDIA H100 80GB HBM3,409.58,100.0,1.0,1980.0,2619.0,49.0,power_20260923T024053Z_7c7f5f05,power_20260923T024053Z_7c7f5f05_trial_3,gemm_tiled-2048-16,3,gemm_tiled,workload,cuda,gpu_board
2026-09-23T02:48:23.002336+00:00,1790131703.0023355,3582973.749207942,0.031493425369262695,GPU-91e942dc-edbb-7f2a-9cea-167356bbd86a,NVIDIA H100 80GB HBM3,409.58,100.0,1.0,1980.0,2619.0,49.0,power_20260923T024053Z_7c7f5f05,power_20260923T024053Z_7c7f5f05_trial_3,gemm_tiled-2048-16,3,gemm_tiled,workload,cuda,gpu_board
2026-09-23T02:48:23.235240+00:00,1790131703.2352405,3582973.9821115406,0.03406834602355957,GPU-91e942dc-edbb-7f2a-9cea-167356bbd86a,NVIDIA H100 80GB HBM3,409.58,100.0,1.0,1980.0,2619.0,49.0,power_20260923T024053Z_7c7f5f05,power_20260923T024053Z_7c7f5f05_trial_3,gemm_tiled-2048-16,3,gemm_tiled,workload,cuda,gpu_board
2026-09-23T02:48:23.467691+00:00,1790131703.467691,3582974.2145626927,0.030609130859375,GPU-91e942dc-edbb-7f2a-9cea-167356bbd86a,NVIDIA H100 80GB HBM3,409.53,100.0,1.0,1980.0,2619.0,49.0,power_20260923T024053Z_7c7f5f05,power_20260923T024053Z_7c7f5f05_trial_3,gemm_tiled-2048-16,3,gemm_tiled,workload,cuda,gpu_board
2026-09-23T02:48:23.700325+00:00,1790131703.7003245,3582974.447198919,0.03441452980041504,GPU-91e942dc-edbb-7f2a-9cea-167356bbd86a,NVIDIA H100 80GB HBM3,409.56,100.0,1.0,1980.0,2619.0,49.0,power_20260923T024053Z_7c7f5f05,power_20260923T024053Z_7c7f5f05_trial_3,gemm_tiled-2048-16,3,gemm_tiled,workload,cuda,gpu_board
2026-09-23T02:48:23.934723+00:00,1790131703.934723,3582974.681595207,0.03410530090332031,GPU-91e942dc-edbb-7f2a-9cea-167356bbd86a,NVIDIA H100 80GB HBM3,409.42,100.0,1.0,1980.0,2619.0,49.0,power_20260923T024053Z_7c7f5f05,power_20260923T024053Z_7c7f5f05_trial_3,gemm_tiled-2048-16,3,gemm_tiled,workload,cuda,gpu_board
2026-09-23T02:48:24.168631+00:00,1790131704.1686306,3582974.9155037487,0.03346824645996094,GPU-91e942dc-edbb-7f2a-9cea-167356bbd86a,NVIDIA H100 80GB HBM3,409.45,100.0,1.0,1980.0,2619.0,49.0,power_20260923T024053Z_7c7f5f05,power_20260923T024053Z_7c7f5f05_trial_3,gemm_tiled-2048-16,3,gemm_tiled,workload,cuda,gpu_board
2026-09-23T02:48:24.402763+00:00,1790131704.402763,3582975.1496351054,0.0345456600189209,GPU-91e942dc-edbb-7f2a-9cea-167356bbd86a,NVIDIA H100 80GB HBM3,409.62,100.0,1.0,1980.0,2619.0,49.0,power_20260923T024053Z_7c7f5f05,power_20260923T024053Z_7c7f5f05_trial_3,gemm_tiled-2048-16,3,gemm_tiled,workload,cuda,gpu_board
2026-09-23T02:48:24.638938+00:00,1790131704.638938,3582975.385815802,0.03757214546203613,GPU-91e942dc-edbb-7f2a-9cea-167356bbd86a,NVIDIA H100 80GB HBM3,409.83,100.0,1.0,1980.0,2619.0,49.0,power_20260923T024053Z_7c7f5f05,power_20260923T024053Z_7c7f5f05_trial_3,gemm_tiled-2048-16,3,gemm_tiled,workload,cuda,gpu_board
2026-09-23T02:48:24.875135+00:00,1790131704.8751354,3582975.6220129076,0.03446030616760254,GPU-91e942dc-edbb-7f2a-9cea-167356bbd86a,NVIDIA H100 80GB HBM3,410.05,100.0,1.0,1980.0,2619.0,49.0,power_20260923T024053Z_7c7f5f05,power_20260923T024053Z_7c7f5f05_trial_3,gemm_tiled-2048-16,3,gemm_tiled,workload,cuda,gpu_board
2026-09-23T02:48:25.110086+00:00,1790131705.110086,3582975.8569663186,0.03513908386230469,GPU-91e942dc-edbb-7f2a-9cea-167356bbd86a,NVIDIA H100 80GB HBM3,410.24,100.0,1.0,1980.0,2619.0,49.0,power_20260923T024053Z_7c7f5f05,power_20260923T024053Z_7c7f5f05_trial_3,gemm_tiled-2048-16,3,gemm_tiled,workload,cuda,gpu_board
2026-09-23T02:48:25.343333+00:00,1790131705.3433325,3582976.0902081165,0.031011581420898438,GPU-91e942dc-edbb-7f2a-9cea-167356bbd86a,NVIDIA H100 80GB HBM3,410.23,100.0,1.0,1980.0,2619.0,49.0,power_20260923T024053Z_7c7f5f05,power_20260923T024053Z_7c7f5f05_trial_3,gemm_tiled-2048-16,3,gemm_tiled,workload,cuda,gpu_board
2026-09-23T02:48:25.583980+00:00,1790131705.5839798,3582976.3308560443,0.04999685287475586,GPU-91e942dc-edbb-7f2a-9cea-167356bbd86a,NVIDIA H100 80GB HBM3,410.21,100.0,1.0,1980.0,2619.0,49.0,power_20260923T024053Z_7c7f5f05,power_20260923T024053Z_7c7f5f05_trial_3,gemm_tiled-2048-16,3,gemm_tiled,workload,cuda,gpu_board
2026-09-23T02:48:25.824884+00:00,1790131705.8248837,3582976.5717590195,0.031510353088378906,GPU-91e942dc-edbb-7f2a-9cea-167356bbd86a,NVIDIA H100 80GB HBM3,410.14,100.0,1.0,1980.0,2619.0,49.0,power_20260923T024053Z_7c7f5f05,power_20260923T024053Z_7c7f5f05_trial_3,gemm_tiled-2048-16,3,gemm_tiled,workload,cuda,gpu_board
2026-09-23T02:48:26.058414+00:00,1790131706.0584135,3582976.805290788,0.035257577896118164,GPU-91e942dc-edbb-7f2a-9cea-167356bbd86a,NVIDIA H100 80GB HBM3,410.14,100.0,1.0,1980.0,2619.0,49.0,power_20260923T024053Z_7c7f5f05,power_20260923T024053Z_7c7f5f05_trial_3,gemm_tiled-2048-16,3,gemm_tiled,workload,cuda,gpu_board
2026-09-23T02:48:26.291968+00:00,1790131706.291968,3582977.038841304,0.03154420852661133,GPU-91e942dc-edbb-7f2a-9cea-167356bbd86a,NVIDIA H100 80GB HBM3,410.09,100.0,1.0,1980.0,2619.0,49.0,power_20260923T024053Z_7c7f5f05,power_20260923T024053Z_7c7f5f05_trial_3,gemm_tiled-2048-16,3,gemm_tiled,workload,cuda,gpu_board
2026-09-23T02:48:26.526233+00:00,1790131706.526233,3582977.2731138496,0.03672075271606445,GPU-91e942dc-edbb-7f2a-9cea-167356bbd86a,NVIDIA H100 80GB HBM3,410.16,100.0,1.0,1980.0,2619.0,49.0,power_20260923T024053Z_7c7f5f05,power_20260923T024053Z_7c7f5f05_trial_3,gemm_tiled-2048-16,3,gemm_tiled,workload,cuda,gpu_board
2026-09-23T02:48:26.761462+00:00,1790131706.7614622,3582977.508338828,0.033396244049072266,GPU-91e942dc-edbb-7f2a-9cea-167356bbd86a,NVIDIA H100 80GB HBM3,410.05,100.0,1.0,1980.0,2619.0,49.0,power_20260923T024053Z_7c7f5f05,power_20260923T024053Z_7c7f5f05_trial_3,gemm_tiled-2048-16,3,gemm_tiled,workload,cuda,gpu_board
2026-09-23T02:48:26.995247+00:00,1790131706.9952474,3582977.742121539,0.03388237953186035,GPU-91e942dc-edbb-7f2a-9cea-167356bbd86a,NVIDIA H100 80GB HBM3,410.01,100.0,1.0,1980.0,2619.0,49.0,power_20260923T024053Z_7c7f5f05,power_20260923T024053Z_7c7f5f05_trial_3,gemm_tiled-2048-16,3,gemm_tiled,workload,cuda,gpu_board
2026-09-23T02:48:27.228483+00:00,1790131707.2284827,3582977.9753564405,0.03232455253601074,GPU-91e942dc-edbb-7f2a-9cea-167356bbd86a,NVIDIA H100 80GB HBM3,409.95,100.0,1.0,1980.0,2619.0,49.0,power_20260923T024053Z_7c7f5f05,power_20260923T024053Z_7c7f5f05_trial_3,gemm_tiled-2048-16,3,gemm_tiled,workload,cuda,gpu_board
2026-09-23T02:48:27.462014+00:00,1790131707.4620142,3582978.208887796,0.03446650505065918,GPU-91e942dc-edbb-7f2a-9cea-167356bbd86a,NVIDIA H100 80GB HBM3,409.86,100.0,1.0,1980.0,2619.0,49.0,power_20260923T024053Z_7c7f5f05,power_20260923T024053Z_7c7f5f05_trial_3,gemm_tiled-2048-16,3,gemm_tiled,workload,cuda,gpu_board
2026-09-23T02:48:27.695776+00:00,1790131707.6957765,3582978.442649425,0.03280329704284668,GPU-91e942dc-edbb-7f2a-9cea-167356bbd86a,NVIDIA H100 80GB HBM3,409.9,100.0,1.0,1980.0,2619.0,49.0,power_20260923T024053Z_7c7f5f05,power_20260923T024053Z_7c7f5f05_trial_3,gemm_tiled-2048-16,3,gemm_tiled,workload,cuda,gpu_board
2026-09-23T02:48:27.929313+00:00,1790131707.9293127,3582978.6761870156,0.03401303291320801,GPU-91e942dc-edbb-7f2a-9cea-167356bbd86a,NVIDIA H100 80GB HBM3,409.89,100.0,1.0,1980.0,2619.0,49.0,power_20260923T024053Z_7c7f5f05,power_20260923T024053Z_7c7f5f05_trial_3,gemm_tiled-2048-16,3,gemm_tiled,workload,cuda,gpu_board
2026-09-23T02:48:28.162166+00:00,1790131708.162166,3582978.909039269,0.03143477439880371,GPU-91e942dc-edbb-7f2a-9cea-167356bbd86a,NVIDIA H100 80GB HBM3,410.07,100.0,1.0,1980.0,2619.0,49.0,power_20260923T024053Z_7c7f5f05,power_20260923T024053Z_7c7f5f05_trial_3,gemm_tiled-2048-16,3,gemm_tiled,workload,cuda,gpu_board
2026-09-23T02:48:28.394780+00:00,1790131708.3947802,3582979.1416600184,0.03353261947631836,GPU-91e942dc-edbb-7f2a-9cea-167356bbd86a,NVIDIA H100 80GB HBM3,410.21,100.0,1.0,1980.0,2619.0,49.0,power_20260923T024053Z_7c7f5f05,power_20260923T024053Z_7c7f5f05_trial_3,gemm_tiled-2048-16,3,gemm_tiled,workload,cuda,gpu_board
2026-09-23T02:48:28.627558+00:00,1790131708.6275575,3582979.37443127,0.031691551208496094,GPU-91e942dc-edbb-7f2a-9cea-167356bbd86a,NVIDIA H100 80GB HBM3,410.37,100.0,1.0,1980.0,2619.0,49.0,power_20260923T024053Z_7c7f5f05,power_20260923T024053Z_7c7f5f05_trial_3,gemm_tiled-2048-16,3,gemm_tiled,workload,cuda,gpu_board
2026-09-23T02:48:28.860551+00:00,1790131708.8605509,3582979.607424647,0.03403496742248535,GPU-91e942dc-edbb-7f2a-9cea-167356bbd86a,NVIDIA H100 80GB HBM3,410.36,100.0,1.0,1980.0,2619.0,49.0,power_20260923T024053Z_7c7f5f05,power_20260923T024053Z_7c7f5f05_trial_3,gemm_tiled-2048-16,3,gemm_tiled,workload,cuda,gpu_board
2026-09-23T02:48:29.093007+00:00,1790131709.093007,3582979.83987996,0.030611515045166016,GPU-91e942dc-edbb-7f2a-9cea-167356bbd86a,NVIDIA H100 80GB HBM3,410.43,100.0,1.0,1980.0,2619.0,49.0,power_20260923T024053Z_7c7f5f05,power_20260923T024053Z_7c7f5f05_trial_3,gemm_tiled-2048-16,3,gemm_tiled,workload,cuda,gpu_board
2026-09-23T02:48:29.324881+00:00,1790131709.3248813,3582980.071754745,0.03289175033569336,GPU-91e942dc-edbb-7f2a-9cea-167356bbd86a,NVIDIA H100 80GB HBM3,410.3,100.0,1.0,1980.0,2619.0,49.0,power_20260923T024053Z_7c7f5f05,power_20260923T024053Z_7c7f5f05_trial_3,gemm_tiled-2048-16,3,gemm_tiled,workload,cuda,gpu_board
2026-09-23T02:48:29.557090+00:00,1790131709.5570903,3582980.30396217,0.031284332275390625,GPU-91e942dc-edbb-7f2a-9cea-167356bbd86a,NVIDIA H100 80GB HBM3,410.36,100.0,1.0,1980.0,2619.0,49.0,power_20260923T024053Z_7c7f5f05,power_20260923T024053Z_7c7f5f05_trial_3,gemm_tiled-2048-16,3,gemm_tiled,workload,cuda,gpu_board
2026-09-23T02:48:29.790473+00:00,1790131709.7904735,3582980.5373443766,0.03524518013000488,GPU-91e942dc-edbb-7f2a-9cea-167356bbd86a,NVIDIA H100 80GB HBM3,410.26,100.0,1.0,1980.0,2619.0,49.0,power_20260923T024053Z_7c7f5f05,power_20260923T024053Z_7c7f5f05_trial_3,gemm_tiled-2048-16,3,gemm_tiled,workload,cuda,gpu_board
2026-09-23T02:48:30.026018+00:00,1790131710.0260181,3582980.7728918167,0.035627126693725586,GPU-91e942dc-edbb-7f2a-9cea-167356bbd86a,NVIDIA H100 80GB HBM3,410.23,100.0,1.0,1980.0,2619.0,49.0,power_20260923T024053Z_7c7f5f05,power_20260923T024053Z_7c7f5f05_trial_3,gemm_tiled-2048-16,3,gemm_tiled,workload,cuda,gpu_board
2026-09-23T02:48:30.259249+00:00,1790131710.2592487,3582981.0061207823,0.030579805374145508,GPU-91e942dc-edbb-7f2a-9cea-167356bbd86a,NVIDIA H100 80GB HBM3,410.15,100.0,1.0,1980.0,2619.0,49.0,power_20260923T024053Z_7c7f5f05,power_20260923T024053Z_7c7f5f05_trial_3,gemm_tiled-2048-16,3,gemm_tiled,workload,cuda,gpu_board
2026-09-23T02:48:30.491851+00:00,1790131710.4918509,3582981.238723426,0.03438591957092285,GPU-91e942dc-edbb-7f2a-9cea-167356bbd86a,NVIDIA H100 80GB HBM3,410.04,100.0,1.0,1980.0,2619.0,49.0,power_20260923T024053Z_7c7f5f05,power_20260923T024053Z_7c7f5f05_trial_3,gemm_tiled-2048-16,3,gemm_tiled,workload,cuda,gpu_board
2026-09-23T02:48:30.724873+00:00,1790131710.7248726,3582981.4717445327,0.03139472007751465,GPU-91e942dc-edbb-7f2a-9cea-167356bbd86a,NVIDIA H100 80GB HBM3,409.93,100.0,1.0,1980.0,2619.0,49.0,power_20260923T024053Z_7c7f5f05,power_20260923T024053Z_7c7f5f05_trial_3,gemm_tiled-2048-16,3,gemm_tiled,workload,cuda,gpu_board
2026-09-23T02:48:30.957863+00:00,1790131710.9578626,3582981.7047399734,0.034293174743652344,GPU-91e942dc-edbb-7f2a-9cea-167356bbd86a,NVIDIA H100 80GB HBM3,409.77,100.0,1.0,1980.0,2619.0,49.0,power_20260923T024053Z_7c7f5f05,power_20260923T024053Z_7c7f5f05_trial_3,gemm_tiled-2048-16,3,gemm_tiled,workload,cuda,gpu_board
2026-09-23T02:48:31.191013+00:00,1790131711.1910133,3582981.937891121,0.0317072868347168,GPU-91e942dc-edbb-7f2a-9cea-167356bbd86a,NVIDIA H100 80GB HBM3,409.74,100.0,1.0,1980.0,2619.0,49.0,power_20260923T024053Z_7c7f5f05,power_20260923T024053Z_7c7f5f05_trial_3,gemm_tiled-2048-16,3,gemm_tiled,workload,cuda,gpu_board
2026-09-23T02:48:31.424524+00:00,1790131711.424524,3582982.1713973023,0.034992218017578125,GPU-91e942dc-edbb-7f2a-9cea-167356bbd86a,NVIDIA H100 80GB HBM3,409.65,100.0,1.0,1980.0,2619.0,49.0,power_20260923T024053Z_7c7f5f05,power_20260923T024053Z_7c7f5f05_trial_3,gemm_tiled-2048-16,3,gemm_tiled,workload,cuda,gpu_board
2026-09-23T02:48:31.658123+00:00,1790131711.6581235,3582982.4049976747,0.03195762634277344,GPU-91e942dc-edbb-7f2a-9cea-167356bbd86a,NVIDIA H100 80GB HBM3,409.74,100.0,1.0,1980.0,2619.0,49.0,power_20260923T024053Z_7c7f5f05,power_20260923T024053Z_7c7f5f05_trial_3,gemm_tiled-2048-16,3,gemm_tiled,workload,cuda,gpu_board
2026-09-23T02:48:31.891321+00:00,1790131711.8913214,3582982.6381934625,0.034166812896728516,GPU-91e942dc-edbb-7f2a-9cea-167356bbd86a,NVIDIA H100 80GB HBM3,409.89,100.0,1.0,1980.0,2619.0,49.0,power_20260923T024053Z_7c7f5f05,power_20260923T024053Z_7c7f5f05_trial_3,gemm_tiled-2048-16,3,gemm_tiled,workload,cuda,gpu_board
2026-09-23T02:48:32.124083+00:00,1790131712.124083,3582982.87095621,0.031111955642700195,GPU-91e942dc-edbb-7f2a-9cea-167356bbd86a,NVIDIA H100 80GB HBM3,410.19,100.0,1.0,1980.0,2619.0,49.0,power_20260923T024053Z_7c7f5f05,power_20260923T024053Z_7c7f5f05_trial_3,gemm_tiled-2048-16,3,gemm_tiled,workload,cuda,gpu_board
2026-09-23T02:48:32.356741+00:00,1790131712.3567414,3582983.1036136514,0.03395485877990723,GPU-91e942dc-edbb-7f2a-9cea-167356bbd86a,NVIDIA H100 80GB HBM3,410.4,100.0,1.0,1980.0,2619.0,49.0,power_20260923T024053Z_7c7f5f05,power_20260923T024053Z_7c7f5f05_trial_3,gemm_tiled-2048-16,3,gemm_tiled,workload,cuda,gpu_board
2026-09-23T02:48:32.589207+00:00,1790131712.589207,3582983.3360795286,0.030741214752197266,GPU-91e942dc-edbb-7f2a-9cea-167356bbd86a,NVIDIA H100 80GB HBM3,410.54,100.0,1.0,1980.0,2619.0,49.0,power_20260923T024053Z_7c7f5f05,power_20260923T024053Z_7c7f5f05_trial_3,gemm_tiled-2048-16,3,gemm_tiled,workload,cuda,gpu_board
2026-09-23T02:48:32.821933+00:00,1790131712.8219333,3582983.5688062115,0.03446674346923828,GPU-91e942dc-edbb-7f2a-9cea-167356bbd86a,NVIDIA H100 80GB HBM3,410.45,100.0,1.0,1980.0,2619.0,49.0,power_20260923T024053Z_7c7f5f05,power_20260923T024053Z_7c7f5f05_trial_3,gemm_tiled-2048-16,3,gemm_tiled,workload,cuda,gpu_board
2026-09-23T02:48:33.054849+00:00,1790131713.0548494,3582983.801721555,0.031128406524658203,GPU-91e942dc-edbb-7f2a-9cea-167356bbd86a,NVIDIA H100 80GB HBM3,410.4,100.0,1.0,1980.0,2619.0,49.0,power_20260923T024053Z_7c7f5f05,power_20260923T024053Z_7c7f5f05_trial_3,gemm_tiled-2048-16,3,gemm_tiled,workload,cuda,gpu_board
2026-09-23T02:48:33.285678+00:00,1790131713.285678,3582984.032548961,0.03029012680053711,GPU-91e942dc-edbb-7f2a-9cea-167356bbd86a,NVIDIA H100 80GB HBM3,410.36,100.0,1.0,1980.0,2619.0,49.0,power_20260923T024053Z_7c7f5f05,power_20260923T024053Z_7c7f5f05_trial_3,gemm_tiled-2048-16,3,gemm_tiled,workload,cuda,gpu_board
2026-09-23T02:48:33.518043+00:00,1790131713.5180428,3582984.264915721,0.034229278564453125,GPU-91e942dc-edbb-7f2a-9cea-167356bbd86a,NVIDIA H100 80GB HBM3,410.28,100.0,1.0,1980.0,2619.0,49.0,power_20260923T024053Z_7c7f5f05,power_20260923T024053Z_7c7f5f05_trial_3,gemm_tiled-2048-16,3,gemm_tiled,workload,cuda,gpu_board
2026-09-23T02:48:33.750643+00:00,1790131713.750643,3582984.497514953,0.03072977066040039,GPU-91e942dc-edbb-7f2a-9cea-167356bbd86a,NVIDIA H100 80GB HBM3,410.22,100.0,1.0,1980.0,2619.0,49.0,power_20260923T024053Z_7c7f5f05,power_20260923T024053Z_7c7f5f05_trial_3,gemm_tiled-2048-16,3,gemm_tiled,workload,cuda,gpu_board
2026-09-23T02:48:34.007732+00:00,1790131714.0077317,3582984.7546047373,0.08319807052612305,GPU-91e942dc-edbb-7f2a-9cea-167356bbd86a,NVIDIA H100 80GB HBM3,384.52,17.0,0.0,1980.0,2619.0,47.0,power_20260923T024053Z_7c7f5f05,power_20260923T024053Z_7c7f5f05_trial_3,gemm_tiled-2048-16,3,gemm_tiled,workload,cuda,gpu_board
2026-09-23T02:48:34.265727+00:00,1790131714.2657266,3582985.0126037295,0.03254222869873047,GPU-91e942dc-edbb-7f2a-9cea-167356bbd86a,NVIDIA H100 80GB HBM3,336.78,0.0,0.0,1980.0,2619.0,43.0,power_20260923T024053Z_7c7f5f05,power_20260923T024053Z_7c7f5f05_trial_3,vector_add-67108864-128,3,vector_add,idle,cuda,gpu_board
2026-09-23T02:48:34.497293+00:00,1790131714.4972935,3582985.2441678783,0.030283689498901367,GPU-91e942dc-edbb-7f2a-9cea-167356bbd86a,NVIDIA H100 80GB HBM3,288.74,0.0,0.0,1980.0,2619.0,42.0,power_20260923T024053Z_7c7f5f05,power_20260923T024053Z_7c7f5f05_trial_3,vector_add-67108864-128,3,vector_add,idle,cuda,gpu_board
2026-09-23T02:48:34.729153+00:00,1790131714.7291534,3582985.4760280317,0.03314065933227539,GPU-91e942dc-edbb-7f2a-9cea-167356bbd86a,NVIDIA H100 80GB HBM3,212.6,0.0,0.0,1980.0,2619.0,41.0,power_20260923T024053Z_7c7f5f05,power_20260923T024053Z_7c7f5f05_trial_3,vector_add-67108864-128,3,vector_add,idle,cuda,gpu_board
2026-09-23T02:48:34.961048+00:00,1790131714.9610481,3582985.707919998,0.030371665954589844,GPU-91e942dc-edbb-7f2a-9cea-167356bbd86a,NVIDIA H100 80GB HBM3,166.08,0.0,0.0,1980.0,2619.0,41.0,power_20260923T024053Z_7c7f5f05,power_20260923T024053Z_7c7f5f05_trial_3,vector_add-67108864-128,3,vector_add,idle,cuda,gpu_board
2026-09-23T02:48:35.191621+00:00,1790131715.191621,3582985.9384939475,0.030547142028808594,GPU-91e942dc-edbb-7f2a-9cea-167356bbd86a,NVIDIA H100 80GB HBM3,164.75,0.0,0.0,1980.0,2619.0,40.0,power_20260923T024053Z_7c7f5f05,power_20260923T024053Z_7c7f5f05_trial_3,vector_add-67108864-128,3,vector_add,idle,cuda,gpu_board
2026-09-23T02:48:35.421615+00:00,1790131715.4216151,3582986.168489692,0.029194116592407227,GPU-91e942dc-edbb-7f2a-9cea-167356bbd86a,NVIDIA H100 80GB HBM3,164.29,0.0,0.0,1980.0,2619.0,40.0,power_20260923T024053Z_7c7f5f05,power_20260923T024053Z_7c7f5f05_trial_3,vector_add-67108864-128,3,vector_add,idle,cuda,gpu_board
2026-09-23T02:48:35.650801+00:00,1790131715.6508012,3582986.3976747207,0.028910398483276367,GPU-91e942dc-edbb-7f2a-9cea-167356bbd86a,NVIDIA H100 80GB HBM3,164.11,0.0,0.0,1980.0,2619.0,40.0,power_20260923T024053Z_7c7f5f05,power_20260923T024053Z_7c7f5f05_trial_3,vector_add-67108864-128,3,vector_add,idle,cuda,gpu_board
2026-09-23T02:48:35.881696+00:00,1790131715.8816965,3582986.6285704216,0.03261995315551758,GPU-91e942dc-edbb-7f2a-9cea-167356bbd86a,NVIDIA H100 80GB HBM3,162.76,0.0,0.0,405.0,2619.0,39.0,power_20260923T024053Z_7c7f5f05,power_20260923T024053Z_7c7f5f05_trial_3,vector_add-67108864-128,3,vector_add,idle,cuda,gpu_board
2026-09-23T02:48:36.113990+00:00,1790131716.1139898,3582986.86086285,0.031705379486083984,GPU-91e942dc-edbb-7f2a-9cea-167356bbd86a,NVIDIA H100 80GB HBM3,143.36,0.0,0.0,375.0,2619.0,38.0,power_20260923T024053Z_7c7f5f05,power_20260923T024053Z_7c7f5f05_trial_3,vector_add-67108864-128,3,vector_add,idle,cuda,gpu_board
2026-09-23T02:48:36.345547+00:00,1790131716.3455467,3582987.0924225384,0.031165361404418945,GPU-91e942dc-edbb-7f2a-9cea-167356bbd86a,NVIDIA H100 80GB HBM3,130.32,0.0,0.0,345.0,2619.0,38.0,power_20260923T024053Z_7c7f5f05,power_20260923T024053Z_7c7f5f05_trial_3,vector_add-67108864-128,3,vector_add,idle,cuda,gpu_board
2026-09-23T02:48:36.576969+00:00,1790131716.5769687,3582987.323844821,0.03137707710266113,GPU-91e942dc-edbb-7f2a-9cea-167356bbd86a,NVIDIA H100 80GB HBM3,118.12,0.0,0.0,345.0,2619.0,38.0,power_20260923T024053Z_7c7f5f05,power_20260923T024053Z_7c7f5f05_trial_3,vector_add-67108864-128,3,vector_add,idle,cuda,gpu_board
2026-09-23T02:48:36.811130+00:00,1790131716.81113,3582987.558006551,0.03664112091064453,GPU-91e942dc-edbb-7f2a-9cea-167356bbd86a,NVIDIA H100 80GB HBM3,99.01,0.0,0.0,345.0,2619.0,37.0,power_20260923T024053Z_7c7f5f05,power_20260923T024053Z_7c7f5f05_trial_3,vector_add-67108864-128,3,vector_add,idle,cuda,gpu_board
2026-09-23T02:48:37.045779+00:00,1790131717.0457788,3582987.7926508957,0.03234672546386719,GPU-91e942dc-edbb-7f2a-9cea-167356bbd86a,NVIDIA H100 80GB HBM3,98.73,0.0,0.0,345.0,2619.0,37.0,power_20260923T024053Z_7c7f5f05,power_20260923T024053Z_7c7f5f05_trial_3,vector_add-67108864-128,3,vector_add,idle,cuda,gpu_board
2026-09-23T02:48:37.277852+00:00,1790131717.2778516,3582988.0247230213,0.03156399726867676,GPU-91e942dc-edbb-7f2a-9cea-167356bbd86a,NVIDIA H100 80GB HBM3,98.57,0.0,0.0,345.0,2619.0,37.0,power_20260923T024053Z_7c7f5f05,power_20260923T024053Z_7c7f5f05_trial_3,vector_add-67108864-128,3,vector_add,idle,cuda,gpu_board
2026-09-23T02:48:37.510041+00:00,1790131717.510041,3582988.256911975,0.03259420394897461,GPU-91e942dc-edbb-7f2a-9cea-167356bbd86a,NVIDIA H100 80GB HBM3,98.48,0.0,0.0,345.0,2619.0,37.0,power_20260923T024053Z_7c7f5f05,power_20260923T024053Z_7c7f5f05_trial_3,vector_add-67108864-128,3,vector_add,idle,cuda,gpu_board
2026-09-23T02:48:37.752692+00:00,1790131717.7526922,3582988.4995628856,0.052500247955322266,GPU-91e942dc-edbb-7f2a-9cea-167356bbd86a,NVIDIA H100 80GB HBM3,98.41,0.0,0.0,345.0,2619.0,37.0,power_20260923T024053Z_7c7f5f05,power_20260923T024053Z_7c7f5f05_trial_3,vector_add-67108864-128,3,vector_add,idle,cuda,gpu_board
2026-09-23T02:48:37.994347+00:00,1790131717.9943473,3582988.7412179373,0.0305938720703125,GPU-91e942dc-edbb-7f2a-9cea-167356bbd86a,NVIDIA H100 80GB HBM3,98.38,0.0,0.0,345.0,2619.0,37.0,power_20260923T024053Z_7c7f5f05,power_20260923T024053Z_7c7f5f05_trial_3,vector_add-67108864-128,3,vector_add,idle,cuda,gpu_board
2026-09-23T02:48:38.228353+00:00,1790131718.228353,3582988.975228695,0.03719949722290039,GPU-91e942dc-edbb-7f2a-9cea-167356bbd86a,NVIDIA H100 80GB HBM3,98.38,0.0,0.0,345.0,2619.0,37.0,power_20260923T024053Z_7c7f5f05,power_20260923T024053Z_7c7f5f05_trial_3,vector_add-67108864-128,3,vector_add,workload,cuda,gpu_board
2026-09-23T02:48:38.572984+00:00,1790131718.5729845,3582989.319857954,0.2517538070678711,GPU-91e942dc-edbb-7f2a-9cea-167356bbd86a,NVIDIA H100 80GB HBM3,98.38,0.0,0.0,345.0,2619.0,37.0,power_20260923T024053Z_7c7f5f05,power_20260923T024053Z_7c7f5f05_trial_3,vector_add-67108864-128,3,vector_add,workload,cuda,gpu_board
2026-09-23T02:48:38.917336+00:00,1790131718.9173365,3582989.6642139745,0.036684274673461914,GPU-91e942dc-edbb-7f2a-9cea-167356bbd86a,NVIDIA H100 80GB HBM3,115.26,0.0,0.0,1980.0,2619.0,39.0,power_20260923T024053Z_7c7f5f05,power_20260923T024053Z_7c7f5f05_trial_3,vector_add-67108864-128,3,vector_add,workload,cuda,gpu_board
2026-09-23T02:48:39.152448+00:00,1790131719.1524477,3582989.899322938,0.03323626518249512,GPU-91e942dc-edbb-7f2a-9cea-167356bbd86a,NVIDIA H100 80GB HBM3,182.21,91.0,85.0,1980.0,2619.0,41.0,power_20260923T024053Z_7c7f5f05,power_20260923T024053Z_7c7f5f05_trial_3,vector_add-67108864-128,3,vector_add,workload,cuda,gpu_board
2026-09-23T02:48:39.388013+00:00,1790131719.3880126,3582990.134891101,0.03761005401611328,GPU-91e942dc-edbb-7f2a-9cea-167356bbd86a,NVIDIA H100 80GB HBM3,249.48,100.0,95.0,1980.0,2619.0,42.0,power_20260923T024053Z_7c7f5f05,power_20260923T024053Z_7c7f5f05_trial_3,vector_add-67108864-128,3,vector_add,workload,cuda,gpu_board
2026-09-23T02:48:39.632172+00:00,1790131719.632172,3582990.379045845,0.05038881301879883,GPU-91e942dc-edbb-7f2a-9cea-167356bbd86a,NVIDIA H100 80GB HBM3,350.57,100.0,95.0,1980.0,2619.0,43.0,power_20260923T024053Z_7c7f5f05,power_20260923T024053Z_7c7f5f05_trial_3,vector_add-67108864-128,3,vector_add,workload,cuda,gpu_board
2026-09-23T02:48:39.874580+00:00,1790131719.8745797,3582990.6214546133,0.03417158126831055,GPU-91e942dc-edbb-7f2a-9cea-167356bbd86a,NVIDIA H100 80GB HBM3,410.62,100.0,95.0,1980.0,2619.0,43.0,power_20260923T024053Z_7c7f5f05,power_20260923T024053Z_7c7f5f05_trial_3,vector_add-67108864-128,3,vector_add,workload,cuda,gpu_board
2026-09-23T02:48:40.110168+00:00,1790131720.1101685,3582990.857045269,0.03673696517944336,GPU-91e942dc-edbb-7f2a-9cea-167356bbd86a,NVIDIA H100 80GB HBM3,435.45,100.0,95.0,1980.0,2619.0,43.0,power_20260923T024053Z_7c7f5f05,power_20260923T024053Z_7c7f5f05_trial_3,vector_add-67108864-128,3,vector_add,workload,cuda,gpu_board
2026-09-23T02:48:40.345912+00:00,1790131720.3459125,3582991.092787276,0.034462928771972656,GPU-91e942dc-edbb-7f2a-9cea-167356bbd86a,NVIDIA H100 80GB HBM3,436.1,100.0,95.0,1980.0,2619.0,44.0,power_20260923T024053Z_7c7f5f05,power_20260923T024053Z_7c7f5f05_trial_3,vector_add-67108864-128,3,vector_add,workload,cuda,gpu_board
2026-09-23T02:48:40.581762+00:00,1790131720.5817618,3582991.328637556,0.03696703910827637,GPU-91e942dc-edbb-7f2a-9cea-167356bbd86a,NVIDIA H100 80GB HBM3,436.44,100.0,95.0,1980.0,2619.0,44.0,power_20260923T024053Z_7c7f5f05,power_20260923T024053Z_7c7f5f05_trial_3,vector_add-67108864-128,3,vector_add,workload,cuda,gpu_board
2026-09-23T02:48:40.817535+00:00,1790131720.817535,3582991.5644111536,0.034302473068237305,GPU-91e942dc-edbb-7f2a-9cea-167356bbd86a,NVIDIA H100 80GB HBM3,436.75,100.0,95.0,1980.0,2619.0,44.0,power_20260923T024053Z_7c7f5f05,power_20260923T024053Z_7c7f5f05_trial_3,vector_add-67108864-128,3,vector_add,workload,cuda,gpu_board
2026-09-23T02:48:41.052588+00:00,1790131721.0525875,3582991.7994639566,0.03549790382385254,GPU-91e942dc-edbb-7f2a-9cea-167356bbd86a,NVIDIA H100 80GB HBM3,436.9,100.0,95.0,1980.0,2619.0,44.0,power_20260923T024053Z_7c7f5f05,power_20260923T024053Z_7c7f5f05_trial_3,vector_add-67108864-128,3,vector_add,workload,cuda,gpu_board
2026-09-23T02:48:41.287068+00:00,1790131721.2870684,3582992.0339423614,0.03317379951477051,GPU-91e942dc-edbb-7f2a-9cea-167356bbd86a,NVIDIA H100 80GB HBM3,437.07,100.0,95.0,1980.0,2619.0,44.0,power_20260923T024053Z_7c7f5f05,power_20260923T024053Z_7c7f5f05_trial_3,vector_add-67108864-128,3,vector_add,workload,cuda,gpu_board
2026-09-23T02:48:41.521776+00:00,1790131721.5217762,3582992.2686559805,0.035962820053100586,GPU-91e942dc-edbb-7f2a-9cea-167356bbd86a,NVIDIA H100 80GB HBM3,437.26,100.0,95.0,1980.0,2619.0,44.0,power_20260923T024053Z_7c7f5f05,power_20260923T024053Z_7c7f5f05_trial_3,vector_add-67108864-128,3,vector_add,workload,cuda,gpu_board
2026-09-23T02:48:41.758169+00:00,1790131721.7581692,3582992.505044467,0.036485910415649414,GPU-91e942dc-edbb-7f2a-9cea-167356bbd86a,NVIDIA H100 80GB HBM3,437.37,100.0,95.0,1980.0,2619.0,44.0,power_20260923T024053Z_7c7f5f05,power_20260923T024053Z_7c7f5f05_trial_3,vector_add-67108864-128,3,vector_add,workload,cuda,gpu_board
2026-09-23T02:48:41.994485+00:00,1790131721.9944847,3582992.7413637885,0.03587150573730469,GPU-91e942dc-edbb-7f2a-9cea-167356bbd86a,NVIDIA H100 80GB HBM3,437.45,100.0,95.0,1980.0,2619.0,44.0,power_20260923T024053Z_7c7f5f05,power_20260923T024053Z_7c7f5f05_trial_3,vector_add-67108864-128,3,vector_add,workload,cuda,gpu_board
2026-09-23T02:48:42.230983+00:00,1790131722.2309833,3582992.9778588754,0.03679203987121582,GPU-91e942dc-edbb-7f2a-9cea-167356bbd86a,NVIDIA H100 80GB HBM3,437.62,100.0,95.0,1980.0,2619.0,44.0,power_20260923T024053Z_7c7f5f05,power_20260923T024053Z_7c7f5f05_trial_3,vector_add-67108864-128,3,vector_add,workload,cuda,gpu_board
2026-09-23T02:48:42.467009+00:00,1790131722.467009,3582993.2138904547,0.03497433662414551,GPU-91e942dc-edbb-7f2a-9cea-167356bbd86a,NVIDIA H100 80GB HBM3,437.7,100.0,95.0,1980.0,2619.0,45.0,power_20260923T024053Z_7c7f5f05,power_20260923T024053Z_7c7f5f05_trial_3,vector_add-67108864-128,3,vector_add,workload,cuda,gpu_board
2026-09-23T02:48:42.701529+00:00,1790131722.7015285,3582993.4484069683,0.033674001693725586,GPU-91e942dc-edbb-7f2a-9cea-167356bbd86a,NVIDIA H100 80GB HBM3,437.76,100.0,95.0,1980.0,2619.0,45.0,power_20260923T024053Z_7c7f5f05,power_20260923T024053Z_7c7f5f05_trial_3,vector_add-67108864-128,3,vector_add,workload,cuda,gpu_board
2026-09-23T02:48:42.937995+00:00,1790131722.937995,3582993.6848771097,0.03890085220336914,GPU-91e942dc-edbb-7f2a-9cea-167356bbd86a,NVIDIA H100 80GB HBM3,437.89,100.0,95.0,1980.0,2619.0,45.0,power_20260923T024053Z_7c7f5f05,power_20260923T024053Z_7c7f5f05_trial_3,vector_add-67108864-128,3,vector_add,workload,cuda,gpu_board
2026-09-23T02:48:43.174688+00:00,1790131723.1746883,3582993.9215679024,0.03409624099731445,GPU-91e942dc-edbb-7f2a-9cea-167356bbd86a,NVIDIA H100 80GB HBM3,437.95,100.0,95.0,1980.0,2619.0,45.0,power_20260923T024053Z_7c7f5f05,power_20260923T024053Z_7c7f5f05_trial_3,vector_add-67108864-128,3,vector_add,workload,cuda,gpu_board
2026-09-23T02:48:43.410842+00:00,1790131723.410842,3582994.1577205467,0.037885189056396484,GPU-91e942dc-edbb-7f2a-9cea-167356bbd86a,NVIDIA H100 80GB HBM3,437.96,100.0,95.0,1980.0,2619.0,45.0,power_20260923T024053Z_7c7f5f05,power_20260923T024053Z_7c7f5f05_trial_3,vector_add-67108864-128,3,vector_add,workload,cuda,gpu_board
2026-09-23T02:48:43.646792+00:00,1790131723.6467917,3582994.393666647,0.033666133880615234,GPU-91e942dc-edbb-7f2a-9cea-167356bbd86a,NVIDIA H100 80GB HBM3,438.03,100.0,95.0,1980.0,2619.0,45.0,power_20260923T024053Z_7c7f5f05,power_20260923T024053Z_7c7f5f05_trial_3,vector_add-67108864-128,3,vector_add,workload,cuda,gpu_board
2026-09-23T02:48:43.882555+00:00,1790131723.8825555,3582994.6294334624,0.03758645057678223,GPU-91e942dc-edbb-7f2a-9cea-167356bbd86a,NVIDIA H100 80GB HBM3,438.07,100.0,95.0,1980.0,2619.0,45.0,power_20260923T024053Z_7c7f5f05,power_20260923T024053Z_7c7f5f05_trial_3,vector_add-67108864-128,3,vector_add,workload,cuda,gpu_board
2026-09-23T02:48:44.118263+00:00,1790131724.1182632,3582994.865137567,0.03349947929382324,GPU-91e942dc-edbb-7f2a-9cea-167356bbd86a,NVIDIA H100 80GB HBM3,438.12,100.0,95.0,1980.0,2619.0,45.0,power_20260923T024053Z_7c7f5f05,power_20260923T024053Z_7c7f5f05_trial_3,vector_add-67108864-128,3,vector_add,workload,cuda,gpu_board
2026-09-23T02:48:44.353224+00:00,1790131724.3532236,3582995.1001010593,0.036144256591796875,GPU-91e942dc-edbb-7f2a-9cea-167356bbd86a,NVIDIA H100 80GB HBM3,438.11,100.0,95.0,1980.0,2619.0,45.0,power_20260923T024053Z_7c7f5f05,power_20260923T024053Z_7c7f5f05_trial_3,vector_add-67108864-128,3,vector_add,workload,cuda,gpu_board
2026-09-23T02:48:44.587896+00:00,1790131724.5878963,3582995.3347706767,0.03287243843078613,GPU-91e942dc-edbb-7f2a-9cea-167356bbd86a,NVIDIA H100 80GB HBM3,438.17,100.0,95.0,1980.0,2619.0,45.0,power_20260923T024053Z_7c7f5f05,power_20260923T024053Z_7c7f5f05_trial_3,vector_add-67108864-128,3,vector_add,workload,cuda,gpu_board
2026-09-23T02:48:44.822488+00:00,1790131724.8224883,3582995.569367006,0.035988807678222656,GPU-91e942dc-edbb-7f2a-9cea-167356bbd86a,NVIDIA H100 80GB HBM3,438.25,100.0,95.0,1980.0,2619.0,45.0,power_20260923T024053Z_7c7f5f05,power_20260923T024053Z_7c7f5f05_trial_3,vector_add-67108864-128,3,vector_add,workload,cuda,gpu_board
2026-09-23T02:48:45.057265+00:00,1790131725.0572648,3582995.8041422246,0.0332338809967041,GPU-91e942dc-edbb-7f2a-9cea-167356bbd86a,NVIDIA H100 80GB HBM3,438.31,100.0,95.0,1980.0,2619.0,45.0,power_20260923T024053Z_7c7f5f05,power_20260923T024053Z_7c7f5f05_trial_3,vector_add-67108864-128,3,vector_add,workload,cuda,gpu_board
2026-09-23T02:48:45.292062+00:00,1790131725.2920623,3582996.0389391547,0.03603553771972656,GPU-91e942dc-edbb-7f2a-9cea-167356bbd86a,NVIDIA H100 80GB HBM3,438.38,100.0,95.0,1980.0,2619.0,45.0,power_20260923T024053Z_7c7f5f05,power_20260923T024053Z_7c7f5f05_trial_3,vector_add-67108864-128,3,vector_add,workload,cuda,gpu_board
2026-09-23T02:48:45.527032+00:00,1790131725.5270324,3582996.273906499,0.03358054161071777,GPU-91e942dc-edbb-7f2a-9cea-167356bbd86a,NVIDIA H100 80GB HBM3,438.47,100.0,95.0,1980.0,2619.0,45.0,power_20260923T024053Z_7c7f5f05,power_20260923T024053Z_7c7f5f05_trial_3,vector_add-67108864-128,3,vector_add,workload,cuda,gpu_board
2026-09-23T02:48:45.762252+00:00,1790131725.7622523,3582996.509129759,0.036589622497558594,GPU-91e942dc-edbb-7f2a-9cea-167356bbd86a,NVIDIA H100 80GB HBM3,438.46,100.0,95.0,1980.0,2619.0,45.0,power_20260923T024053Z_7c7f5f05,power_20260923T024053Z_7c7f5f05_trial_3,vector_add-67108864-128,3,vector_add,workload,cuda,gpu_board
2026-09-23T02:48:45.997253+00:00,1790131725.997253,3582996.7441266724,0.03309178352355957,GPU-91e942dc-edbb-7f2a-9cea-167356bbd86a,NVIDIA H100 80GB HBM3,438.49,100.0,95.0,1980.0,2619.0,45.0,power_20260923T024053Z_7c7f5f05,power_20260923T024053Z_7c7f5f05_trial_3,vector_add-67108864-128,3,vector_add,workload,cuda,gpu_board
2026-09-23T02:48:46.231883+00:00,1790131726.231883,3582996.97875949,0.035909414291381836,GPU-91e942dc-edbb-7f2a-9cea-167356bbd86a,NVIDIA H100 80GB HBM3,438.48,100.0,95.0,1980.0,2619.0,45.0,power_20260923T024053Z_7c7f5f05,power_20260923T024053Z_7c7f5f05_trial_3,vector_add-67108864-128,3,vector_add,workload,cuda,gpu_board
2026-09-23T02:48:46.467092+00:00,1790131726.467092,3582997.2139651515,0.03419995307922363,GPU-91e942dc-edbb-7f2a-9cea-167356bbd86a,NVIDIA H100 80GB HBM3,438.56,100.0,95.0,1980.0,2619.0,45.0,power_20260923T024053Z_7c7f5f05,power_20260923T024053Z_7c7f5f05_trial_3,vector_add-67108864-128,3,vector_add,workload,cuda,gpu_board
2026-09-23T02:48:46.702187+00:00,1790131726.7021866,3582997.449063816,0.035724639892578125,GPU-91e942dc-edbb-7f2a-9cea-167356bbd86a,NVIDIA H100 80GB HBM3,438.58,100.0,95.0,1980.0,2619.0,45.0,power_20260923T024053Z_7c7f5f05,power_20260923T024053Z_7c7f5f05_trial_3,vector_add-67108864-128,3,vector_add,workload,cuda,gpu_board
2026-09-23T02:48:46.936594+00:00,1790131726.936594,3582997.683468083,0.03276467323303223,GPU-91e942dc-edbb-7f2a-9cea-167356bbd86a,NVIDIA H100 80GB HBM3,438.63,100.0,95.0,1980.0,2619.0,45.0,power_20260923T024053Z_7c7f5f05,power_20260923T024053Z_7c7f5f05_trial_3,vector_add-67108864-128,3,vector_add,workload,cuda,gpu_board
2026-09-23T02:48:47.171454+00:00,1790131727.1714544,3582997.918333671,0.03669285774230957,GPU-91e942dc-edbb-7f2a-9cea-167356bbd86a,NVIDIA H100 80GB HBM3,438.72,100.0,95.0,1980.0,2619.0,45.0,power_20260923T024053Z_7c7f5f05,power_20260923T024053Z_7c7f5f05_trial_3,vector_add-67108864-128,3,vector_add,workload,cuda,gpu_board
2026-09-23T02:48:47.406438+00:00,1790131727.4064384,3582998.153317471,0.03292131423950195,GPU-91e942dc-edbb-7f2a-9cea-167356bbd86a,NVIDIA H100 80GB HBM3,438.74,100.0,95.0,1980.0,2619.0,45.0,power_20260923T024053Z_7c7f5f05,power_20260923T024053Z_7c7f5f05_trial_3,vector_add-67108864-128,3,vector_add,workload,cuda,gpu_board
2026-09-23T02:48:47.641379+00:00,1790131727.6413794,3582998.3882566416,0.036634206771850586,GPU-91e942dc-edbb-7f2a-9cea-167356bbd86a,NVIDIA H100 80GB HBM3,438.77,100.0,95.0,1980.0,2619.0,45.0,power_20260923T024053Z_7c7f5f05,power_20260923T024053Z_7c7f5f05_trial_3,vector_add-67108864-128,3,vector_add,workload,cuda,gpu_board
2026-09-23T02:48:47.876308+00:00,1790131727.8763084,3582998.6231828504,0.032903194427490234,GPU-91e942dc-edbb-7f2a-9cea-167356bbd86a,NVIDIA H100 80GB HBM3,438.82,100.0,95.0,1980.0,2619.0,45.0,power_20260923T024053Z_7c7f5f05,power_20260923T024053Z_7c7f5f05_trial_3,vector_add-67108864-128,3,vector_add,workload,cuda,gpu_board
2026-09-23T02:48:48.111057+00:00,1790131728.111057,3582998.8579338333,0.036321163177490234,GPU-91e942dc-edbb-7f2a-9cea-167356bbd86a,NVIDIA H100 80GB HBM3,438.8,100.0,95.0,1980.0,2619.0,45.0,power_20260923T024053Z_7c7f5f05,power_20260923T024053Z_7c7f5f05_trial_3,vector_add-67108864-128,3,vector_add,workload,cuda,gpu_board
2026-09-23T02:48:48.345662+00:00,1790131728.3456619,3582999.0925356806,0.032576560974121094,GPU-91e942dc-edbb-7f2a-9cea-167356bbd86a,NVIDIA H100 80GB HBM3,438.85,100.0,95.0,1980.0,2619.0,45.0,power_20260923T024053Z_7c7f5f05,power_20260923T024053Z_7c7f5f05_trial_3,vector_add-67108864-128,3,vector_add,workload,cuda,gpu_board
2026-09-23T02:48:48.580132+00:00,1790131728.5801325,3582999.32701005,0.03610038757324219,GPU-91e942dc-edbb-7f2a-9cea-167356bbd86a,NVIDIA H100 80GB HBM3,438.83,100.0,95.0,1980.0,2619.0,45.0,power_20260923T024053Z_7c7f5f05,power_20260923T024053Z_7c7f5f05_trial_3,vector_add-67108864-128,3,vector_add,workload,cuda,gpu_board
2026-09-23T02:48:48.814862+00:00,1790131728.8148625,3582999.561740878,0.03303384780883789,GPU-91e942dc-edbb-7f2a-9cea-167356bbd86a,NVIDIA H100 80GB HBM3,438.8,100.0,95.0,1980.0,2619.0,45.0,power_20260923T024053Z_7c7f5f05,power_20260923T024053Z_7c7f5f05_trial_3,vector_add-67108864-128,3,vector_add,workload,cuda,gpu_board
2026-09-23T02:48:49.050047+00:00,1790131729.0500472,3582999.7969237585,0.036998748779296875,GPU-91e942dc-edbb-7f2a-9cea-167356bbd86a,NVIDIA H100 80GB HBM3,438.87,100.0,95.0,1980.0,2619.0,45.0,power_20260923T024053Z_7c7f5f05,power_20260923T024053Z_7c7f5f05_trial_3,vector_add-67108864-128,3,vector_add,workload,cuda,gpu_board
2026-09-23T02:48:49.285509+00:00,1790131729.2855086,3583000.032386299,0.033615827560424805,GPU-91e942dc-edbb-7f2a-9cea-167356bbd86a,NVIDIA H100 80GB HBM3,438.84,100.0,95.0,1980.0,2619.0,45.0,power_20260923T024053Z_7c7f5f05,power_20260923T024053Z_7c7f5f05_trial_3,vector_add-67108864-128,3,vector_add,workload,cuda,gpu_board
2026-09-23T02:48:49.520614+00:00,1790131729.5206137,3583000.267490287,0.03628182411193848,GPU-91e942dc-edbb-7f2a-9cea-167356bbd86a,NVIDIA H100 80GB HBM3,438.87,100.0,95.0,1980.0,2619.0,45.0,power_20260923T024053Z_7c7f5f05,power_20260923T024053Z_7c7f5f05_trial_3,vector_add-67108864-128,3,vector_add,workload,cuda,gpu_board
2026-09-23T02:48:49.757263+00:00,1790131729.7572632,3583000.504140669,0.03671145439147949,GPU-91e942dc-edbb-7f2a-9cea-167356bbd86a,NVIDIA H100 80GB HBM3,438.86,100.0,95.0,1980.0,2619.0,45.0,power_20260923T024053Z_7c7f5f05,power_20260923T024053Z_7c7f5f05_trial_3,vector_add-67108864-128,3,vector_add,workload,cuda,gpu_board
2026-09-23T02:48:49.993622+00:00,1790131729.9936218,3583000.740500478,0.03569746017456055,GPU-91e942dc-edbb-7f2a-9cea-167356bbd86a,NVIDIA H100 80GB HBM3,438.91,100.0,95.0,1980.0,2619.0,46.0,power_20260923T024053Z_7c7f5f05,power_20260923T024053Z_7c7f5f05_trial_3,vector_add-67108864-128,3,vector_add,workload,cuda,gpu_board
2026-09-23T02:48:50.231258+00:00,1790131730.2312584,3583000.9781358396,0.03924298286437988,GPU-91e942dc-edbb-7f2a-9cea-167356bbd86a,NVIDIA H100 80GB HBM3,438.89,100.0,95.0,1980.0,2619.0,46.0,power_20260923T024053Z_7c7f5f05,power_20260923T024053Z_7c7f5f05_trial_3,vector_add-67108864-128,3,vector_add,workload,cuda,gpu_board
2026-09-23T02:48:50.468397+00:00,1790131730.4683971,3583001.2152711693,0.03472018241882324,GPU-91e942dc-edbb-7f2a-9cea-167356bbd86a,NVIDIA H100 80GB HBM3,438.95,100.0,95.0,1980.0,2619.0,46.0,power_20260923T024053Z_7c7f5f05,power_20260923T024053Z_7c7f5f05_trial_3,vector_add-67108864-128,3,vector_add,workload,cuda,gpu_board
2026-09-23T02:48:50.704164+00:00,1790131730.704164,3583001.451044079,0.03654885292053223,GPU-91e942dc-edbb-7f2a-9cea-167356bbd86a,NVIDIA H100 80GB HBM3,438.96,100.0,95.0,1980.0,2619.0,46.0,power_20260923T024053Z_7c7f5f05,power_20260923T024053Z_7c7f5f05_trial_3,vector_add-67108864-128,3,vector_add,workload,cuda,gpu_board
2026-09-23T02:48:50.939731+00:00,1790131730.939731,3583001.6866051294,0.034223079681396484,GPU-91e942dc-edbb-7f2a-9cea-167356bbd86a,NVIDIA H100 80GB HBM3,439.0,100.0,95.0,1980.0,2619.0,46.0,power_20260923T024053Z_7c7f5f05,power_20260923T024053Z_7c7f5f05_trial_3,vector_add-67108864-128,3,vector_add,workload,cuda,gpu_board
2026-09-23T02:48:51.175998+00:00,1790131731.1759977,3583001.9228750244,0.038048505783081055,GPU-91e942dc-edbb-7f2a-9cea-167356bbd86a,NVIDIA H100 80GB HBM3,439.07,100.0,95.0,1980.0,2619.0,46.0,power_20260923T024053Z_7c7f5f05,power_20260923T024053Z_7c7f5f05_trial_3,vector_add-67108864-128,3,vector_add,workload,cuda,gpu_board
2026-09-23T02:48:51.411944+00:00,1790131731.4119442,3583002.1588177234,0.03351593017578125,GPU-91e942dc-edbb-7f2a-9cea-167356bbd86a,NVIDIA H100 80GB HBM3,439.0,100.0,95.0,1980.0,2619.0,46.0,power_20260923T024053Z_7c7f5f05,power_20260923T024053Z_7c7f5f05_trial_3,vector_add-67108864-128,3,vector_add,workload,cuda,gpu_board
2026-09-23T02:48:51.648095+00:00,1790131731.6480947,3583002.3949722853,0.03853344917297363,GPU-91e942dc-edbb-7f2a-9cea-167356bbd86a,NVIDIA H100 80GB HBM3,439.04,100.0,95.0,1980.0,2619.0,46.0,power_20260923T024053Z_7c7f5f05,power_20260923T024053Z_7c7f5f05_trial_3,vector_add-67108864-128,3,vector_add,workload,cuda,gpu_board
2026-09-23T02:48:51.884141+00:00,1790131731.884141,3583002.6310152896,0.03321671485900879,GPU-91e942dc-edbb-7f2a-9cea-167356bbd86a,NVIDIA H100 80GB HBM3,439.06,100.0,95.0,1980.0,2619.0,46.0,power_20260923T024053Z_7c7f5f05,power_20260923T024053Z_7c7f5f05_trial_3,vector_add-67108864-128,3,vector_add,workload,cuda,gpu_board
2026-09-23T02:48:52.119167+00:00,1790131732.1191669,3583002.8660456687,0.0365602970123291,GPU-91e942dc-edbb-7f2a-9cea-167356bbd86a,NVIDIA H100 80GB HBM3,439.07,100.0,95.0,1980.0,2619.0,46.0,power_20260923T024053Z_7c7f5f05,power_20260923T024053Z_7c7f5f05_trial_3,vector_add-67108864-128,3,vector_add,workload,cuda,gpu_board
2026-09-23T02:48:52.354373+00:00,1790131732.3543725,3583003.101247538,0.03352236747741699,GPU-91e942dc-edbb-7f2a-9cea-167356bbd86a,NVIDIA H100 80GB HBM3,439.1,100.0,95.0,1980.0,2619.0,46.0,power_20260923T024053Z_7c7f5f05,power_20260923T024053Z_7c7f5f05_trial_3,vector_add-67108864-128,3,vector_add,workload,cuda,gpu_board
2026-09-23T02:48:52.590353+00:00,1790131732.5903535,3583003.337231366,0.038176774978637695,GPU-91e942dc-edbb-7f2a-9cea-167356bbd86a,NVIDIA H100 80GB HBM3,439.11,100.0,95.0,1980.0,2619.0,46.0,power_20260923T024053Z_7c7f5f05,power_20260923T024053Z_7c7f5f05_trial_3,vector_add-67108864-128,3,vector_add,workload,cuda,gpu_board
2026-09-23T02:48:52.826532+00:00,1790131732.826532,3583003.5734058553,0.03381943702697754,GPU-91e942dc-edbb-7f2a-9cea-167356bbd86a,NVIDIA H100 80GB HBM3,439.08,100.0,95.0,1980.0,2619.0,46.0,power_20260923T024053Z_7c7f5f05,power_20260923T024053Z_7c7f5f05_trial_3,vector_add-67108864-128,3,vector_add,workload,cuda,gpu_board
2026-09-23T02:48:53.061894+00:00,1790131733.0618944,3583003.8087724308,0.036653995513916016,GPU-91e942dc-edbb-7f2a-9cea-167356bbd86a,NVIDIA H100 80GB HBM3,439.07,100.0,95.0,1980.0,2619.0,46.0,power_20260923T024053Z_7c7f5f05,power_20260923T024053Z_7c7f5f05_trial_3,vector_add-67108864-128,3,vector_add,workload,cuda,gpu_board
2026-09-23T02:48:53.298629+00:00,1790131733.2986293,3583004.045503253,0.03647422790527344,GPU-91e942dc-edbb-7f2a-9cea-167356bbd86a,NVIDIA H100 80GB HBM3,439.11,100.0,95.0,1980.0,2619.0,46.0,power_20260923T024053Z_7c7f5f05,power_20260923T024053Z_7c7f5f05_trial_3,vector_add-67108864-128,3,vector_add,workload,cuda,gpu_board
2026-09-23T02:48:53.535553+00:00,1790131733.5355525,3583004.282431338,0.03709864616394043,GPU-91e942dc-edbb-7f2a-9cea-167356bbd86a,NVIDIA H100 80GB HBM3,439.15,100.0,95.0,1980.0,2619.0,46.0,power_20260923T024053Z_7c7f5f05,power_20260923T024053Z_7c7f5f05_trial_3,vector_add-67108864-128,3,vector_add,workload,cuda,gpu_board
2026-09-23T02:48:53.770954+00:00,1790131733.7709537,3583004.5178271784,0.033362388610839844,GPU-91e942dc-edbb-7f2a-9cea-167356bbd86a,NVIDIA H100 80GB HBM3,439.19,100.0,95.0,1980.0,2619.0,46.0,power_20260923T024053Z_7c7f5f05,power_20260923T024053Z_7c7f5f05_trial_3,vector_add-67108864-128,3,vector_add,workload,cuda,gpu_board
2026-09-23T02:48:54.004981+00:00,1790131734.004981,3583004.7518585525,0.03443408012390137,GPU-91e942dc-edbb-7f2a-9cea-167356bbd86a,NVIDIA H100 80GB HBM3,439.12,100.0,95.0,1980.0,2619.0,46.0,power_20260923T024053Z_7c7f5f05,power_20260923T024053Z_7c7f5f05_trial_3,vector_add-67108864-128,3,vector_add,workload,cuda,gpu_board
